numero_inventaire;uuid_notice;uuid_image
1;af18cc7a-fa8f-11e2-8e56-9f72c6160288;eac40b84-535b-ad67-08b1-5da5c4e00469
100;af18cc7a-fa8f-11e2-8e56-9f72c6160288;2903ce34-18e7-d0ab-3478-878af5c86092
1000;af18cc7a-fa8f-11e2-8e56-9f72c6160288;ef487481-6eb2-b2e0-9701-96fca724194f
1001;af18cc7a-fa8f-11e2-8e56-9f72c6160288;69cb22f4-dcec-ce3b-7f5b-02ff45de8803
1002;af18cc7a-fa8f-11e2-8e56-9f72c6160288;230ac52b-dfbb-9443-8744-791a540079e1
1004;af18cc7a-fa8f-11e2-8e56-9f72c6160288;c2d6ef88-09d5-dee0-a2b9-312887cc635b
1005;af18cc7a-fa8f-11e2-8e56-9f72c6160288;7eee9937-e90a-70c3-a843-d36aeadb8f3c
1006;af18cc7a-fa8f-11e2-8e56-9f72c6160288;66049db4-c797-3365-98f1-54b7fdc6f13e
1008;af18cc7a-fa8f-11e2-8e56-9f72c6160288;640d54d5-a417-f813-d4b5-d24fc561474a
101;af18cc7a-fa8f-11e2-8e56-9f72c6160288;7a8d9246-cb0d-966e-bb7d-6b35c9e6b875
1011;af18cc7a-fa8f-11e2-8e56-9f72c6160288;5cb5915a-ebf6-b8bc-894c-f58a80b7f518
1014 (lost);af18cc7a-fa8f-11e2-8e56-9f72c6160288;d96c2fe9-8a4f-7b6a-a555-b93a3f482cf4
1016;af18cc7a-fa8f-11e2-8e56-9f72c6160288;11f04018-0233-67ba-fb0f-fb99a0a153a8
1017;af18cc7a-fa8f-11e2-8e56-9f72c6160288;74641a07-bd71-5d49-5852-dfd3af4ec026
1020;af18cc7a-fa8f-11e2-8e56-9f72c6160288;fe947161-6182-c310-15f3-35c7d3ce9a1b
1028;af18cc7a-fa8f-11e2-8e56-9f72c6160288;9c835755-de60-dcda-754c-da8539bd2d90
102A;af18cc7a-fa8f-11e2-8e56-9f72c6160288;0148e29b-b780-169c-9552-87319502ac7e
102B;af18cc7a-fa8f-11e2-8e56-9f72c6160288;0a427302-8a76-17da-37ca-e3a8aa6f617e
103;af18cc7a-fa8f-11e2-8e56-9f72c6160288;993f8afe-4afb-3d99-d997-2bbd7134467e
1030;af18cc7a-fa8f-11e2-8e56-9f72c6160288;8d99f33e-951b-015d-4652-2a1408765533
1031A;af18cc7a-fa8f-11e2-8e56-9f72c6160288;502efb0f-d636-bbd9-1c82-c88897fcffdb
1031E (lost);af18cc7a-fa8f-11e2-8e56-9f72c6160288;eb62dcc9-9557-09ee-13d3-2cf3a217797c
1031F;af18cc7a-fa8f-11e2-8e56-9f72c6160288;1b27b72a-5bd0-75f6-6c8c-0ce6204ab602
1031G;af18cc7a-fa8f-11e2-8e56-9f72c6160288;0ba57a4a-42cc-23e1-f9ed-13ad473e163b
1038;af18cc7a-fa8f-11e2-8e56-9f72c6160288;d01187eb-110c-6e8b-6180-ec271438c4c1
1039;af18cc7a-fa8f-11e2-8e56-9f72c6160288;023a5116-dead-0d86-7286-b4407a8926eb
104;af18cc7a-fa8f-11e2-8e56-9f72c6160288;644c4346-756f-5294-35e1-59950e09f7ff
1041;af18cc7a-fa8f-11e2-8e56-9f72c6160288;14bf6e16-106a-7fe9-c930-5679267a3359
1043;af18cc7a-fa8f-11e2-8e56-9f72c6160288;dbd48d72-cc29-2126-c16f-b019a233c2fb
1044;af18cc7a-fa8f-11e2-8e56-9f72c6160288;df1a6c29-27d1-4a56-5b93-82938b89bd8a
1045;af18cc7a-fa8f-11e2-8e56-9f72c6160288;526bca0a-8e8f-8a6c-8db9-7186dae8bf74
1047;af18cc7a-fa8f-11e2-8e56-9f72c6160288;a0494149-54f1-2f51-b726-414930f3bb7e
1048;af18cc7a-fa8f-11e2-8e56-9f72c6160288;5a257341-c7fd-ffba-a755-d64257d56662
1049;af18cc7a-fa8f-11e2-8e56-9f72c6160288;17afd33b-3d3b-710d-4ee5-917878c7a8e1
105;af18cc7a-fa8f-11e2-8e56-9f72c6160288;02fc54b0-5323-7491-d738-25694e7c3b86
1050;af18cc7a-fa8f-11e2-8e56-9f72c6160288;88ceb5b0-1075-dc33-b8ec-862a688aa0de
1052;af18cc7a-fa8f-11e2-8e56-9f72c6160288;1309f554-5fbe-8813-3121-3a4b0c5e8b34
1053;af18cc7a-fa8f-11e2-8e56-9f72c6160288;16dfcf77-b538-7b4b-a96c-3ba1aef5bfd8
1059;af18cc7a-fa8f-11e2-8e56-9f72c6160288;b2d22c07-b040-5263-be34-dd4e848b13c8
106;af18cc7a-fa8f-11e2-8e56-9f72c6160288;3f74cf51-1020-0d2f-d242-53531544485f
1060;af18cc7a-fa8f-11e2-8e56-9f72c6160288;f456389a-aef8-63c9-dc6b-a24f5fc4ace6
1061;af18cc7a-fa8f-11e2-8e56-9f72c6160288;9de72b45-0e93-82cc-4109-454f3da5a408
1066;af18cc7a-fa8f-11e2-8e56-9f72c6160288;51a98e10-6f75-05de-50f9-225535bfff75
1067;af18cc7a-fa8f-11e2-8e56-9f72c6160288;e1358446-e770-d8e4-91bc-c8b2f1772195
1068;af18cc7a-fa8f-11e2-8e56-9f72c6160288;3fe77a51-8bfb-f592-8199-bd873a4c7058
1069;af18cc7a-fa8f-11e2-8e56-9f72c6160288;4b3db527-878f-7214-c506-0bf03c8511d1
1070 (lost);af18cc7a-fa8f-11e2-8e56-9f72c6160288;
1077;af18cc7a-fa8f-11e2-8e56-9f72c6160288;69310d94-9d71-317a-f594-0be0a30eed5e
107A;af18cc7a-fa8f-11e2-8e56-9f72c6160288;c9f07a79-6768-819a-63a7-cb6da25670ea
107B;af18cc7a-fa8f-11e2-8e56-9f72c6160288;eb81c285-ef2c-06fd-c1c7-914b1e43119a
108;af18cc7a-fa8f-11e2-8e56-9f72c6160288;a4fb981e-966e-55aa-e15f-574c3096244e
109;af18cc7a-fa8f-11e2-8e56-9f72c6160288;b3b1b6bf-8f19-a913-bfc1-64b5710f3bfe
110;af18cc7a-fa8f-11e2-8e56-9f72c6160288;91543a61-1e30-99e6-f042-f317a545865e
111;af18cc7a-fa8f-11e2-8e56-9f72c6160288;497fc8e5-f911-7f9b-ddcf-daa0e63f95fe
112;af18cc7a-fa8f-11e2-8e56-9f72c6160288;f1de73eb-724b-4c21-9dbe-e0679a13182a
113A;af18cc7a-fa8f-11e2-8e56-9f72c6160288;e38c99d2-dea3-4646-bd31-a6d2c8312d94
113B;af18cc7a-fa8f-11e2-8e56-9f72c6160288;fca5efae-5650-94a7-ce48-b9bc52458fcf
113C;af18cc7a-fa8f-11e2-8e56-9f72c6160288;98a6ce61-ae11-ecac-4331-ab19bf0de58e
115;af18cc7a-fa8f-11e2-8e56-9f72c6160288;45aa0a71-a3f1-6fbc-2b50-dda274405547
1168;af18cc7a-fa8f-11e2-8e56-9f72c6160288;598d8c17-f5c4-1f35-5592-0cb27cf20bcf
116 (lost);af18cc7a-fa8f-11e2-8e56-9f72c6160288;
117;af18cc7a-fa8f-11e2-8e56-9f72c6160288;3f35fc58-cbef-af41-9ccb-0e773e956f93
1170;af18cc7a-fa8f-11e2-8e56-9f72c6160288;55fc6efd-e4ca-ef60-8636-d5be1a30553b
1171;af18cc7a-fa8f-11e2-8e56-9f72c6160288;340f66c3-9851-d688-9ba6-7b7cf5abf1cc
1172;af18cc7a-fa8f-11e2-8e56-9f72c6160288;dd34c5e0-c20b-80ee-1aa6-afc9bd33dc1c
1173 (lost);af18cc7a-fa8f-11e2-8e56-9f72c6160288;
1174;af18cc7a-fa8f-11e2-8e56-9f72c6160288;50c9ce21-e649-a880-8d9b-d96661faa222
1175A;af18cc7a-fa8f-11e2-8e56-9f72c6160288;34bb6caa-bf73-c6c8-93dc-ce7301f04a06
1175B;af18cc7a-fa8f-11e2-8e56-9f72c6160288;22717cd3-7fe3-ab6a-c481-a8a6cc9e9caa
1175C;af18cc7a-fa8f-11e2-8e56-9f72c6160288;4f710a89-5829-2064-d55a-38e796b85d7d
1175D;af18cc7a-fa8f-11e2-8e56-9f72c6160288;e41f7c26-1612-ac47-8c6b-38b32deb2f91
1176;af18cc7a-fa8f-11e2-8e56-9f72c6160288;789c40d3-7271-bbe0-1fbe-b170449a9e38
1177;af18cc7a-fa8f-11e2-8e56-9f72c6160288;7f4b0876-3c32-70a8-c32c-6bb57b333401
1178;af18cc7a-fa8f-11e2-8e56-9f72c6160288;00fa264b-1ac6-cc7c-9eff-e3828c48892f
1179;af18cc7a-fa8f-11e2-8e56-9f72c6160288;6408e388-52df-90b5-21e3-e0a619bc6afa
1181;af18cc7a-fa8f-11e2-8e56-9f72c6160288;da91f43e-1b4b-295b-3bd4-61b6b1645809
1184;af18cc7a-fa8f-11e2-8e56-9f72c6160288;82bb3b54-ee1f-de98-fcaa-2c9bce83fa0b
1185;af18cc7a-fa8f-11e2-8e56-9f72c6160288;9d7efa55-8bdc-b893-9590-fede3db931a1
1188;af18cc7a-fa8f-11e2-8e56-9f72c6160288;7a249c7b-33d7-5d14-6e1f-a85c586cde53
1189;af18cc7a-fa8f-11e2-8e56-9f72c6160288;c186b6ed-9c7f-ed85-27b9-8e3ca1ec2aff
118 (lost);af18cc7a-fa8f-11e2-8e56-9f72c6160288;
119;af18cc7a-fa8f-11e2-8e56-9f72c6160288;c1bde1f1-8584-91c9-2bac-d400011042ac
1190;af18cc7a-fa8f-11e2-8e56-9f72c6160288;1b2f6973-efb6-dc37-186e-33654757b901
1193;af18cc7a-fa8f-11e2-8e56-9f72c6160288;835b3a4e-8bd2-a5d3-1b5b-81c01255c474
1195;af18cc7a-fa8f-11e2-8e56-9f72c6160288;0f28d304-0652-890a-0efc-f0c2c1ce8a6d
1196;af18cc7a-fa8f-11e2-8e56-9f72c6160288;f0996527-f21e-8446-603b-0e67fdb60f19
1199;af18cc7a-fa8f-11e2-8e56-9f72c6160288;7f7976c9-793d-8f2a-446c-301bc7d047ba
1200;af18cc7a-fa8f-11e2-8e56-9f72c6160288;300401cf-8fe7-9cef-152c-e2b03b0685ed
1201;af18cc7a-fa8f-11e2-8e56-9f72c6160288;e4c8dc0f-6e6d-9f25-3598-add8a1744e7b
1202;af18cc7a-fa8f-11e2-8e56-9f72c6160288;5c79bf9e-2477-9eab-7457-a6aa9297be27
1203;af18cc7a-fa8f-11e2-8e56-9f72c6160288;ad139b09-4b79-e934-1219-81a70b12b3f7
1205;af18cc7a-fa8f-11e2-8e56-9f72c6160288;91cc208a-5344-2238-dec2-b47e905ac3a6
121;af18cc7a-fa8f-11e2-8e56-9f72c6160288;f706e59d-4779-110c-20d5-8a5b093686c5
1211;af18cc7a-fa8f-11e2-8e56-9f72c6160288;10c45cb5-e3c2-1eb4-8402-94a506f02af9
1213;af18cc7a-fa8f-11e2-8e56-9f72c6160288;ccec0496-d5e2-b19a-5c5d-39f04aa0a7b7
1216;af18cc7a-fa8f-11e2-8e56-9f72c6160288;f6e53cbc-309c-3fb0-7ec3-bf3365a8cf3c
1217;af18cc7a-fa8f-11e2-8e56-9f72c6160288;285ac58d-043f-6e3f-202f-68154b33d908
1218;af18cc7a-fa8f-11e2-8e56-9f72c6160288;9e9f5a38-20a3-f3d0-c55c-8702401d1960
122;af18cc7a-fa8f-11e2-8e56-9f72c6160288;1d8a2dac-f0a8-977f-46b5-8a93ade0eb0c
1220 (lost);af18cc7a-fa8f-11e2-8e56-9f72c6160288;bb4ce421-1760-af64-8c7d-5e7c92e4af91
1221;af18cc7a-fa8f-11e2-8e56-9f72c6160288;ec8f810d-cf8e-8233-e157-7812cdd93ebb
1222;af18cc7a-fa8f-11e2-8e56-9f72c6160288;8f06b18a-8c03-fd64-c62f-bbd5f4f515f5
1223 (lost);af18cc7a-fa8f-11e2-8e56-9f72c6160288;
1231;af18cc7a-fa8f-11e2-8e56-9f72c6160288;d6ae03b4-77df-3850-655a-d105d75dc7f7
1232 (lost);af18cc7a-fa8f-11e2-8e56-9f72c6160288;
1233;af18cc7a-fa8f-11e2-8e56-9f72c6160288;8e5f3121-312c-09d3-de36-f8a14100de0c
1234;af18cc7a-fa8f-11e2-8e56-9f72c6160288;2eb2ae65-d382-f979-6617-949ec4c14728
1235;af18cc7a-fa8f-11e2-8e56-9f72c6160288;e36d95e2-6ed3-36d6-1856-9b7bcf1b4bed
1236;af18cc7a-fa8f-11e2-8e56-9f72c6160288;1eba4884-a2e3-2394-1407-93f90fee099e
1237;af18cc7a-fa8f-11e2-8e56-9f72c6160288;0e099387-4413-0954-9c75-3c8e650a9353
1239;af18cc7a-fa8f-11e2-8e56-9f72c6160288;ba4ab85d-e999-7f88-a287-4b538360682e
123 (lost);af18cc7a-fa8f-11e2-8e56-9f72c6160288;
124;af18cc7a-fa8f-11e2-8e56-9f72c6160288;1f00a140-08a2-1145-b7eb-8dd8418614f8
1240;af18cc7a-fa8f-11e2-8e56-9f72c6160288;d2d3a879-4a79-fedf-8685-956264c96949
1242 (lost);af18cc7a-fa8f-11e2-8e56-9f72c6160288;
125;af18cc7a-fa8f-11e2-8e56-9f72c6160288;ca96459a-5a84-32c7-eea4-7e5f090cdf58
126;af18cc7a-fa8f-11e2-8e56-9f72c6160288;84a5bcb2-9b11-12b3-58fe-329359dc98c9
127;af18cc7a-fa8f-11e2-8e56-9f72c6160288;81d9678a-e6fb-a83e-97a2-d5a0e7cae8c0
128;af18cc7a-fa8f-11e2-8e56-9f72c6160288;1ac6cc15-501a-6c7e-790a-e0323e8f0726
129;af18cc7a-fa8f-11e2-8e56-9f72c6160288;e16da718-560c-48a8-c361-43b03f799f4e
130;af18cc7a-fa8f-11e2-8e56-9f72c6160288;444f4344-856b-7796-3258-b123be1f7fb0
131;af18cc7a-fa8f-11e2-8e56-9f72c6160288;0f4ec72c-542a-387b-c455-f5375792e389
1311;af18cc7a-fa8f-11e2-8e56-9f72c6160288;5dc0a45c-5540-d928-e0e5-b1245718bd02
1312;af18cc7a-fa8f-11e2-8e56-9f72c6160288;4965a919-664f-1994-423a-a121e5d06306
1322;af18cc7a-fa8f-11e2-8e56-9f72c6160288;7fc68e72-57b9-ae1f-9c66-72205236d32c
1323;af18cc7a-fa8f-11e2-8e56-9f72c6160288;cd1585ba-1ee4-b64b-655d-d5ad081811d9
1324;af18cc7a-fa8f-11e2-8e56-9f72c6160288;2da4737d-bfb7-a58a-8dda-12e2540752b5
1326 (lost);af18cc7a-fa8f-11e2-8e56-9f72c6160288;
132A;af18cc7a-fa8f-11e2-8e56-9f72c6160288;5a8cdb9b-b978-cc79-7418-24d218645133
132B;af18cc7a-fa8f-11e2-8e56-9f72c6160288;c757b4c5-9679-36c8-44d1-3d29b1206346
133;af18cc7a-fa8f-11e2-8e56-9f72c6160288;c60d712a-485a-afe6-9159-f88b02927900
1334;af18cc7a-fa8f-11e2-8e56-9f72c6160288;e5a52cd7-abc5-19e9-a227-f4e0852ca91e
1335;af18cc7a-fa8f-11e2-8e56-9f72c6160288;5332e630-0c31-75ae-294f-fa0bc8d22a3c
1336;af18cc7a-fa8f-11e2-8e56-9f72c6160288;8454f8f4-41ae-0b53-29ec-717c3ccc0e0d
1337;af18cc7a-fa8f-11e2-8e56-9f72c6160288;89d0cb14-2554-e0e1-09e3-c82653f3cac4
1338;af18cc7a-fa8f-11e2-8e56-9f72c6160288;16fc8cdd-c6c9-6068-762d-430ca420f941
1339;af18cc7a-fa8f-11e2-8e56-9f72c6160288;e666fe50-ab2d-d9f8-6fb6-008f70d92071
134;af18cc7a-fa8f-11e2-8e56-9f72c6160288;b4bd7ae5-9a2f-0756-8d0a-0ebfec5a6692
1340;af18cc7a-fa8f-11e2-8e56-9f72c6160288;c01bdd3b-c180-127a-7f6c-2e1bc8572192
1341;af18cc7a-fa8f-11e2-8e56-9f72c6160288;e71fa727-d605-e1ff-ecab-593489304286
1342;af18cc7a-fa8f-11e2-8e56-9f72c6160288;d24af695-be18-9d4c-b7fd-53240b08f1b4
1343;af18cc7a-fa8f-11e2-8e56-9f72c6160288;b02c8726-367d-d87b-85b3-f9100e6fd09b
1344;af18cc7a-fa8f-11e2-8e56-9f72c6160288;4d751658-89de-06af-4b96-944377146d2d
1345;af18cc7a-fa8f-11e2-8e56-9f72c6160288;fe99dedc-baa4-f753-c9ea-3b431c7aa8b9
1346;af18cc7a-fa8f-11e2-8e56-9f72c6160288;1cb305b0-a3a0-b099-905d-04289e610d7f
1347;af18cc7a-fa8f-11e2-8e56-9f72c6160288;92817ebc-dadf-5118-b1c5-e81b1e7db43c
1348;af18cc7a-fa8f-11e2-8e56-9f72c6160288;3725be98-3c7f-a7c8-8c44-8e069b3b6420
1349;af18cc7a-fa8f-11e2-8e56-9f72c6160288;909dd5d6-99bb-6c0f-9e5a-d743848cfdb1
135;af18cc7a-fa8f-11e2-8e56-9f72c6160288;080d4874-3925-592c-36e2-aca013e9ab60
1350;af18cc7a-fa8f-11e2-8e56-9f72c6160288;6c3237ce-10e3-0063-d944-62a023a4ae26
1351;af18cc7a-fa8f-11e2-8e56-9f72c6160288;6261d2d4-0caf-6dcf-1c4d-1c163aa7c440
1352;af18cc7a-fa8f-11e2-8e56-9f72c6160288;4a15147b-1d6f-8d9b-f65e-fae97187b6b0
1353;af18cc7a-fa8f-11e2-8e56-9f72c6160288;c0c6b3ff-e742-ee24-68c2-0ba3adf93798
1354;af18cc7a-fa8f-11e2-8e56-9f72c6160288;1754ec0e-2274-58d9-b5ba-9ab36ea7b106
1355;af18cc7a-fa8f-11e2-8e56-9f72c6160288;2538a363-a8ec-615b-f295-9a68baa62566
1356;af18cc7a-fa8f-11e2-8e56-9f72c6160288;75da2b20-1f72-65ae-faf0-cbd89429767a
1357;af18cc7a-fa8f-11e2-8e56-9f72c6160288;72ecf6d0-8bae-1b51-bc36-18428e959027
1358;af18cc7a-fa8f-11e2-8e56-9f72c6160288;7adb687e-d060-6250-f963-bd97e44bb901
1359;af18cc7a-fa8f-11e2-8e56-9f72c6160288;cd5e13e6-8139-1347-2fd9-95aa9aa62571
1361;af18cc7a-fa8f-11e2-8e56-9f72c6160288;afd0c6b3-fd8c-447d-1f23-47738fa16f58
1362;af18cc7a-fa8f-11e2-8e56-9f72c6160288;ed54c725-283d-60db-5add-9912fc6941ee
1364;af18cc7a-fa8f-11e2-8e56-9f72c6160288;54582a83-ddb3-5e5d-1b9c-9f542916a205
1367;af18cc7a-fa8f-11e2-8e56-9f72c6160288;48a70adb-9b58-024c-c265-47a94ceaaad9
1369;af18cc7a-fa8f-11e2-8e56-9f72c6160288;9c67ee63-39e4-7941-6846-31d37f785e5c
137;af18cc7a-fa8f-11e2-8e56-9f72c6160288;9bf4401f-c4d4-82eb-9146-1c91d313851d
1370;af18cc7a-fa8f-11e2-8e56-9f72c6160288;41495cd4-4b71-8ca8-106e-e56aea483917
1378;af18cc7a-fa8f-11e2-8e56-9f72c6160288;ce2cb242-6340-14c7-74d0-a9a0c6ffd7a3
1379;af18cc7a-fa8f-11e2-8e56-9f72c6160288;61418b1a-e59e-b573-b5c5-1522f4c7e31a
138;af18cc7a-fa8f-11e2-8e56-9f72c6160288;f24e8cda-3841-91fb-eb62-b017e766df2b
1391;af18cc7a-fa8f-11e2-8e56-9f72c6160288;27f2136d-7b8b-e257-c809-d7ba5f0dba1c
1392 (lost);af18cc7a-fa8f-11e2-8e56-9f72c6160288;0e5eb200-3298-5c3b-f267-adcf38a00282
1393;af18cc7a-fa8f-11e2-8e56-9f72c6160288;79221a4b-0a00-6770-cc23-3f49d6890ab9
1394 (lost);af18cc7a-fa8f-11e2-8e56-9f72c6160288;
1395;af18cc7a-fa8f-11e2-8e56-9f72c6160288;914b6053-2d48-be43-5e30-a3534f896314
1403;af18cc7a-fa8f-11e2-8e56-9f72c6160288;0388cb75-9714-09df-1697-9b396258f8e6
1405 (lost);af18cc7a-fa8f-11e2-8e56-9f72c6160288;9a593ac1-c345-b5f4-cdfa-4be039b8cba0
1406;af18cc7a-fa8f-11e2-8e56-9f72c6160288;4d8c10e0-7a72-8a93-526b-f9ba24ed03f3
1407;af18cc7a-fa8f-11e2-8e56-9f72c6160288;c505dd8e-9a1b-0572-fe4c-69c36f98e73e
1407-1;af18cc7a-fa8f-11e2-8e56-9f72c6160288;63ad5a5b-b975-88db-b117-575a34537ead
1407-10;af18cc7a-fa8f-11e2-8e56-9f72c6160288;8cfb9985-a3ee-0554-626f-fa634fce5529
1407-100;af18cc7a-fa8f-11e2-8e56-9f72c6160288;aaedbf57-44c2-adb5-e7aa-243da5f8cf83
1407-101;af18cc7a-fa8f-11e2-8e56-9f72c6160288;1fa24e39-f316-5151-ed1f-d3fc4572e28e
1407-102;af18cc7a-fa8f-11e2-8e56-9f72c6160288;41d5bde3-7acc-8e40-84ca-9f65210e8848
1407-103;af18cc7a-fa8f-11e2-8e56-9f72c6160288;6ba05300-dceb-e906-cec5-f28fdb7a409c
1407-104;af18cc7a-fa8f-11e2-8e56-9f72c6160288;5e626f2a-dc79-f547-eacf-4d5d146109b6
1407-105;af18cc7a-fa8f-11e2-8e56-9f72c6160288;6cf01cdb-51bc-1eba-bdf7-c938239f9d5c
1407-106;af18cc7a-fa8f-11e2-8e56-9f72c6160288;f7bebc7a-fb5a-f610-49c4-4d7c939da714
1407-107;af18cc7a-fa8f-11e2-8e56-9f72c6160288;ce1b63e5-40d4-b2ff-37d4-fe7ec2ef3b2f
1407-108;af18cc7a-fa8f-11e2-8e56-9f72c6160288;906bcb7d-de8e-efe2-0497-b71561bc5b52
1407-109;af18cc7a-fa8f-11e2-8e56-9f72c6160288;c199b258-38f4-9823-259f-cde003b1a3f0
1407-11;af18cc7a-fa8f-11e2-8e56-9f72c6160288;83bc6faa-863a-9cdb-b84e-5976414f2e83
1407-110;af18cc7a-fa8f-11e2-8e56-9f72c6160288;62062f57-b5d3-e222-0844-9007c2413e8a
1407-111;af18cc7a-fa8f-11e2-8e56-9f72c6160288;5a77b050-44ec-89b3-90ae-00c366edb0b4
1407-112;af18cc7a-fa8f-11e2-8e56-9f72c6160288;9deb09ce-94e5-5df3-6f7c-126a08b7774a
1407-113;af18cc7a-fa8f-11e2-8e56-9f72c6160288;85efa35a-1627-419d-2135-31994695cf8a
1407-114;af18cc7a-fa8f-11e2-8e56-9f72c6160288;98cedf6b-b4b8-f551-eadb-1b461bde964b
1407-115;af18cc7a-fa8f-11e2-8e56-9f72c6160288;02f694cb-0abb-5538-dcfe-7aef13e62578
1407-116;af18cc7a-fa8f-11e2-8e56-9f72c6160288;081795a1-af1f-9a24-53dd-6442fa772ae2
1407-117;af18cc7a-fa8f-11e2-8e56-9f72c6160288;32c70015-7e71-cea2-7255-68409c081332
1407-118;af18cc7a-fa8f-11e2-8e56-9f72c6160288;41c5fb16-5193-45d7-9887-1508a6aafb67
1407-119;af18cc7a-fa8f-11e2-8e56-9f72c6160288;436bf3b1-0cb6-7657-5a54-3b8ca08de321
1407-12;af18cc7a-fa8f-11e2-8e56-9f72c6160288;1a6abd27-5d3e-c2a2-8f41-dea654ff8a1e
1407-120;af18cc7a-fa8f-11e2-8e56-9f72c6160288;5e910a9b-423a-6a6e-a754-af2fda137908
1407-121;af18cc7a-fa8f-11e2-8e56-9f72c6160288;f886a425-485c-c7d4-519d-c3bbe42e7b58
1407-122;af18cc7a-fa8f-11e2-8e56-9f72c6160288;fc7d1649-7935-f191-3398-fc83fa3152ee
1407-123;af18cc7a-fa8f-11e2-8e56-9f72c6160288;7adb0c83-e051-cba2-c4e8-75d98e5c2059
1407-124;af18cc7a-fa8f-11e2-8e56-9f72c6160288;e071b756-c357-ce57-174d-1d9b81e797ef
1407-125;af18cc7a-fa8f-11e2-8e56-9f72c6160288;ac7ab8d1-a5c2-0530-296d-b32c8f53395b
1407-126;af18cc7a-fa8f-11e2-8e56-9f72c6160288;d8f52ae1-2244-d9cc-a7ab-5d8a0a38d3ce
1407-127;af18cc7a-fa8f-11e2-8e56-9f72c6160288;2c80b9c6-af1b-f910-ece4-ec4bcaad2355
1407-128;af18cc7a-fa8f-11e2-8e56-9f72c6160288;546fc660-1f2a-178f-3f16-16c0cc5447ca
1407-129;af18cc7a-fa8f-11e2-8e56-9f72c6160288;d301e86c-d992-f71c-5eb2-78258decd845
1407-13;af18cc7a-fa8f-11e2-8e56-9f72c6160288;1bc93031-4427-3ffc-11ae-70899168eff5
1407-130;af18cc7a-fa8f-11e2-8e56-9f72c6160288;313f6a05-f1a9-b69e-e17d-5e45c164cbdb
1407-131;af18cc7a-fa8f-11e2-8e56-9f72c6160288;1f6f138f-e13b-7d38-ccb2-853f635f8a37
1407-132;af18cc7a-fa8f-11e2-8e56-9f72c6160288;ede9a354-1b17-bd27-ffef-16bef41ecc15
1407-133;af18cc7a-fa8f-11e2-8e56-9f72c6160288;1a174c1e-2742-fef8-7b35-21eb18018c6c
1407-134;af18cc7a-fa8f-11e2-8e56-9f72c6160288;b042cc49-c7b2-4a53-38f9-d4f0945580d0
1407-135;af18cc7a-fa8f-11e2-8e56-9f72c6160288;eeb9cba0-83b9-b05c-99de-d5746f6d5826
1407-136;af18cc7a-fa8f-11e2-8e56-9f72c6160288;29bd1255-7480-f14a-bd86-0c5f61c5a295
1407-137;af18cc7a-fa8f-11e2-8e56-9f72c6160288;977e7bbc-c34f-8858-58c2-79e3e58b8f9b
1407-138;af18cc7a-fa8f-11e2-8e56-9f72c6160288;6ec962be-8cc9-6b04-6cc7-9bad8144515c
1407-139;af18cc7a-fa8f-11e2-8e56-9f72c6160288;2e1ac7cb-d994-0f91-3c8e-cb39480c4723
1407-14;af18cc7a-fa8f-11e2-8e56-9f72c6160288;54ca5b7b-ad65-b424-054f-212c00cddf06
1407-140;af18cc7a-fa8f-11e2-8e56-9f72c6160288;469a60c5-caca-af58-dac0-a344fbf4055b
1407-141;af18cc7a-fa8f-11e2-8e56-9f72c6160288;b8135036-cfec-090e-323c-d7f15aa63fbb
1407-142;af18cc7a-fa8f-11e2-8e56-9f72c6160288;a645517e-1cf4-3542-cfeb-32ba01703ce0
1407-143;af18cc7a-fa8f-11e2-8e56-9f72c6160288;bef08027-500f-feb2-d602-3fba5a610893
1407-144;af18cc7a-fa8f-11e2-8e56-9f72c6160288;2d8fb2e2-48c3-6831-0126-c07f6432af20
1407-145;af18cc7a-fa8f-11e2-8e56-9f72c6160288;8e017588-d294-02b4-6674-9adef6d2650c
1407-146;af18cc7a-fa8f-11e2-8e56-9f72c6160288;997b8846-63a3-424c-3ee4-75d828a46e6f
1407-147;af18cc7a-fa8f-11e2-8e56-9f72c6160288;44982247-e7e2-1fbf-d7b6-e30cca3bb44a
1407-148;af18cc7a-fa8f-11e2-8e56-9f72c6160288;a4666dda-b59e-614e-69e0-ecf36b480bb6
1407-149;af18cc7a-fa8f-11e2-8e56-9f72c6160288;249c9c49-b31d-0fd8-0c58-2c78ed24ef87
1407-15;af18cc7a-fa8f-11e2-8e56-9f72c6160288;578aa685-eb67-5ae0-0b42-6e806d709449
1407-150;af18cc7a-fa8f-11e2-8e56-9f72c6160288;f1f36831-fc4c-509b-e33e-6aa4894e6deb
1407-151;af18cc7a-fa8f-11e2-8e56-9f72c6160288;2fabc5b3-9108-317a-0d86-ca0158d2c542
1407-152;af18cc7a-fa8f-11e2-8e56-9f72c6160288;8347e179-5ac8-1c14-9928-172e224136bf
1407-153;af18cc7a-fa8f-11e2-8e56-9f72c6160288;25a4d44e-7000-c499-4d78-6af605e0eb2d
1407-154;af18cc7a-fa8f-11e2-8e56-9f72c6160288;0c8a3b3a-7cff-e0ee-bf3f-0fb7f774010c
1407-155;af18cc7a-fa8f-11e2-8e56-9f72c6160288;0b172119-4bcd-e201-48aa-3f64f6252965
1407-156;af18cc7a-fa8f-11e2-8e56-9f72c6160288;9bb10a80-2dd0-e19d-0859-8ae918679636
1407-157;af18cc7a-fa8f-11e2-8e56-9f72c6160288;493cb9a1-8787-25fc-6ca8-09cade9e248f
1407-158;af18cc7a-fa8f-11e2-8e56-9f72c6160288;bcd0804c-75d9-ead8-f2b1-54bb8fbea0a4
1407-159;af18cc7a-fa8f-11e2-8e56-9f72c6160288;636fac19-c469-92ed-7e13-f56a2aa6f1cc
1407-16;af18cc7a-fa8f-11e2-8e56-9f72c6160288;b5ef9b47-5588-8b39-a9ce-c2fc1dbf120e
1407-160;af18cc7a-fa8f-11e2-8e56-9f72c6160288;3c802b95-53ff-e86c-7811-47c8863eab54
1407-161;af18cc7a-fa8f-11e2-8e56-9f72c6160288;663a3022-662a-a7bc-fc13-e2389e71b9f1
1407-162;af18cc7a-fa8f-11e2-8e56-9f72c6160288;2d652d06-53c9-cd97-c08b-b7ed3ce21416
1407-163;af18cc7a-fa8f-11e2-8e56-9f72c6160288;24e38b97-d736-2d19-e2e2-8e95fb9e1796
1407-164;af18cc7a-fa8f-11e2-8e56-9f72c6160288;7181c630-ba79-446f-90a7-e2d515ac0a14
1407-165;af18cc7a-fa8f-11e2-8e56-9f72c6160288;9dcf6b05-0471-0862-878b-d36c63c087ed
1407-166;af18cc7a-fa8f-11e2-8e56-9f72c6160288;a3d8a776-4111-7839-225f-3a485b9516cd
1407-167;af18cc7a-fa8f-11e2-8e56-9f72c6160288;cc75aaad-7844-70a0-e9d8-802114b0af62
1407-168;af18cc7a-fa8f-11e2-8e56-9f72c6160288;54812236-c649-368e-7a53-001825e8082d
1407-169;af18cc7a-fa8f-11e2-8e56-9f72c6160288;75dd947e-f8fb-aaac-1f1a-936120a5a5bd
1407-17;af18cc7a-fa8f-11e2-8e56-9f72c6160288;c13fc732-052e-83a0-bbee-b136fd6d6507
1407-170;af18cc7a-fa8f-11e2-8e56-9f72c6160288;33235d66-4051-3f35-5be3-b227da23e19b
1407-171;af18cc7a-fa8f-11e2-8e56-9f72c6160288;81dd1fd2-c5ef-668f-efa9-b90ca70e9cb5
1407-172;af18cc7a-fa8f-11e2-8e56-9f72c6160288;b8929189-01c5-829f-0fda-1ffa98671e08
1407-173;af18cc7a-fa8f-11e2-8e56-9f72c6160288;c08094d1-468d-8585-4f71-d4600cdc72cb
1407-174;af18cc7a-fa8f-11e2-8e56-9f72c6160288;bf3c6071-5216-03bb-87bd-341d7ac121ed
1407-175;af18cc7a-fa8f-11e2-8e56-9f72c6160288;80cb3429-2182-cb53-a99a-1bfc17bae6fd
1407-176;af18cc7a-fa8f-11e2-8e56-9f72c6160288;8f5e5621-9c0b-df2f-af53-bad6b16b5631
1407-177;af18cc7a-fa8f-11e2-8e56-9f72c6160288;09c61fef-ecbb-7192-42d5-f9f4892048d6
1407-178;af18cc7a-fa8f-11e2-8e56-9f72c6160288;8e487f88-7fdd-b6d9-763f-746fa1e937dd
1407-179;af18cc7a-fa8f-11e2-8e56-9f72c6160288;c7f1dea3-3bdf-4463-a185-02c520e13d29
1407-18;af18cc7a-fa8f-11e2-8e56-9f72c6160288;2171fe36-fe51-7e56-e83f-ce3c7b625f60
1407-180;af18cc7a-fa8f-11e2-8e56-9f72c6160288;f11554a5-101e-95dd-a3a6-8b85f5a72c0c
1407-181;af18cc7a-fa8f-11e2-8e56-9f72c6160288;0ce11cc0-fd85-76c0-2567-089f778eeb52
1407-182;af18cc7a-fa8f-11e2-8e56-9f72c6160288;bbc2edf1-8101-0eb9-963f-abb1927fbf4e
1407-183;af18cc7a-fa8f-11e2-8e56-9f72c6160288;85a8437c-341c-66ba-2e01-a9472ea676ce
1407-184;af18cc7a-fa8f-11e2-8e56-9f72c6160288;2543d401-04a9-e491-0dd7-55d86b89383f
1407-185;af18cc7a-fa8f-11e2-8e56-9f72c6160288;0c12343d-368a-fe50-3ea8-7132c257b45c
1407-186;af18cc7a-fa8f-11e2-8e56-9f72c6160288;67926e9c-6f8a-3fc3-f456-22535517728c
1407-187;af18cc7a-fa8f-11e2-8e56-9f72c6160288;0b647dcb-3c33-f6b7-6c2b-acc9e50366f0
1407-188;af18cc7a-fa8f-11e2-8e56-9f72c6160288;421c981e-9f4e-c3e5-ff68-efb9490f40e1
1407-189;af18cc7a-fa8f-11e2-8e56-9f72c6160288;c487e266-1c05-09b0-5f97-63e1e7895317
1407-19;af18cc7a-fa8f-11e2-8e56-9f72c6160288;3f1ecb4d-ceae-9d44-7c93-d7f1c1fbf3d1
1407-190;af18cc7a-fa8f-11e2-8e56-9f72c6160288;801b6352-37fd-e81a-5e67-1cbe071e8201
1407-191;af18cc7a-fa8f-11e2-8e56-9f72c6160288;628bab45-00be-9d25-da33-b8263a40b82b
1407-192;af18cc7a-fa8f-11e2-8e56-9f72c6160288;02ad431e-6ab5-581e-46b0-7b5230d78ff5
1407-193;af18cc7a-fa8f-11e2-8e56-9f72c6160288;27c157ac-e358-ea8d-31d2-1c9f87a103bc
1407-194;af18cc7a-fa8f-11e2-8e56-9f72c6160288;e0945439-41d8-8812-fbc2-ac854d7136e2
1407-195;af18cc7a-fa8f-11e2-8e56-9f72c6160288;5ddca9dd-8d53-5840-3b2d-38410590e5fd
1407-196;af18cc7a-fa8f-11e2-8e56-9f72c6160288;90964280-1d60-bcb7-7129-8fbaff641c6c
1407-197;af18cc7a-fa8f-11e2-8e56-9f72c6160288;da7234fb-d9dc-b5e8-2c6f-a4c0514102b4
1407-198;af18cc7a-fa8f-11e2-8e56-9f72c6160288;bbb2d871-e63f-5397-366f-605f1b4dd37a
1407-199;af18cc7a-fa8f-11e2-8e56-9f72c6160288;749624ad-8e74-ff6d-778b-8fe01b0f81b3
1407-2;af18cc7a-fa8f-11e2-8e56-9f72c6160288;2f5def5b-e5e1-bee4-9ed1-cb83c3de378a
1407-20;af18cc7a-fa8f-11e2-8e56-9f72c6160288;a470faa9-fd57-ea73-96d1-a08df7526313
1407-200;af18cc7a-fa8f-11e2-8e56-9f72c6160288;aff04168-bf8f-6940-74cf-6b3a9a04bcdd
1407-201;af18cc7a-fa8f-11e2-8e56-9f72c6160288;a31fe723-befb-2968-19ef-3a1effadb8d2
1407-202;af18cc7a-fa8f-11e2-8e56-9f72c6160288;d1014da9-7c3b-5a92-7023-53e4161fdc2d
1407-203;af18cc7a-fa8f-11e2-8e56-9f72c6160288;ecb88de0-c338-bb82-4997-204f0a1e585f
1407-204;af18cc7a-fa8f-11e2-8e56-9f72c6160288;3094661c-9767-42b1-34b1-ab0471363234
1407-205;af18cc7a-fa8f-11e2-8e56-9f72c6160288;e04dadd6-e176-abcf-82ee-f6d6a400f945
1407-206;af18cc7a-fa8f-11e2-8e56-9f72c6160288;8c3b25dc-e205-71ae-9d73-a795cc32e247
1407-207;af18cc7a-fa8f-11e2-8e56-9f72c6160288;c7bc0a6b-a215-4f9b-9ac5-2ec41b3742e2
1407-208;af18cc7a-fa8f-11e2-8e56-9f72c6160288;f433a681-7afd-eb50-e157-f6cd680c8d42
1407-209;af18cc7a-fa8f-11e2-8e56-9f72c6160288;648cb1a4-9075-2b90-ed79-274e729641e5
1407-21;af18cc7a-fa8f-11e2-8e56-9f72c6160288;b3d28f8e-6638-9dfc-0174-4e2c64e23635
1407-210;af18cc7a-fa8f-11e2-8e56-9f72c6160288;56e986d2-ffe1-610b-2010-8e60ec1550c1
1407-211;af18cc7a-fa8f-11e2-8e56-9f72c6160288;5af226ec-beaa-cf97-3579-87a32e6dc3a5
1407-212;af18cc7a-fa8f-11e2-8e56-9f72c6160288;b7600891-26f1-f722-221e-924368025670
1407-213;af18cc7a-fa8f-11e2-8e56-9f72c6160288;ca49197f-ab75-98b0-3869-7629b91f25b2
1407-214;af18cc7a-fa8f-11e2-8e56-9f72c6160288;3788143c-d838-ee18-28e7-bfd19caccce0
1407-215;af18cc7a-fa8f-11e2-8e56-9f72c6160288;146f5bd3-4f04-a3e6-1d62-b4abcd0bf557
1407-216;af18cc7a-fa8f-11e2-8e56-9f72c6160288;344a525f-14a4-042a-4a53-5f4e8d7868fe
1407-217;af18cc7a-fa8f-11e2-8e56-9f72c6160288;e97a2487-4983-d7e6-5b31-f671b85bcfa8
1407-218;af18cc7a-fa8f-11e2-8e56-9f72c6160288;a704d81a-e30b-2d7f-7fa8-ad5d4794369c
1407-22;af18cc7a-fa8f-11e2-8e56-9f72c6160288;42741759-6ce9-56cc-78a8-dc984b21c790
1407-23;af18cc7a-fa8f-11e2-8e56-9f72c6160288;7347d91f-3dd5-8ef0-92bf-2e7795475489
1407-24;af18cc7a-fa8f-11e2-8e56-9f72c6160288;0b0ca983-01a5-907b-0fa9-449a742895a7
1407-25;af18cc7a-fa8f-11e2-8e56-9f72c6160288;baff0518-b393-2931-a187-f8961b2a1ccf
1407-26;af18cc7a-fa8f-11e2-8e56-9f72c6160288;4d69da74-67b7-08b6-63d7-26c2b56af182
1407-27;af18cc7a-fa8f-11e2-8e56-9f72c6160288;ae4872e1-4fc9-8eb4-738b-d2908be70243
1407-28;af18cc7a-fa8f-11e2-8e56-9f72c6160288;a44b3478-52fc-b90c-0909-a04e9906ce67
1407-29;af18cc7a-fa8f-11e2-8e56-9f72c6160288;0ce4f363-55e6-2963-608b-a5ad487e1cca
1407-3;af18cc7a-fa8f-11e2-8e56-9f72c6160288;90dd0d99-e059-46d2-c040-ab121b69d04f
1407-30;af18cc7a-fa8f-11e2-8e56-9f72c6160288;c013c395-317c-3c88-4543-c4087857ece4
1407-31;af18cc7a-fa8f-11e2-8e56-9f72c6160288;ec725a4f-7b76-4e7e-13fb-6037d34ce018
1407-32;af18cc7a-fa8f-11e2-8e56-9f72c6160288;6e3c1c42-dcf7-3c5c-fe94-1af4be90f294
1407-33;af18cc7a-fa8f-11e2-8e56-9f72c6160288;16f025c3-7f18-2a08-6a81-284e87d9dec6
1407-34;af18cc7a-fa8f-11e2-8e56-9f72c6160288;a0c2f0c9-7e20-8afa-85fa-996cc4553034
1407-35;af18cc7a-fa8f-11e2-8e56-9f72c6160288;759750f9-8c00-e6f0-8851-fa3090613a7b
1407-36;af18cc7a-fa8f-11e2-8e56-9f72c6160288;a8a99800-ff94-6ffd-cc86-17d41317a034
1407-37;af18cc7a-fa8f-11e2-8e56-9f72c6160288;7a313ded-a4c3-4147-fadf-a5ee29cdc52e
1407-38;af18cc7a-fa8f-11e2-8e56-9f72c6160288;a7773fc4-4c4c-84da-463a-bf2f6a94485e
1407-39;af18cc7a-fa8f-11e2-8e56-9f72c6160288;99c7ccfb-f633-6363-dd9f-cbdb5ebb4cf1
1407-4;af18cc7a-fa8f-11e2-8e56-9f72c6160288;435dec32-2557-fc49-652c-5b914d45e829
1407-40;af18cc7a-fa8f-11e2-8e56-9f72c6160288;adecdca6-3481-5d7b-9254-fab66d1f785a
1407-41;af18cc7a-fa8f-11e2-8e56-9f72c6160288;e882d647-12d1-586c-4ec2-9758577d6b08
1407-42;af18cc7a-fa8f-11e2-8e56-9f72c6160288;784f149b-e664-0c5f-b06d-3a63674f8a8b
1407-43;af18cc7a-fa8f-11e2-8e56-9f72c6160288;b9fc2ead-0045-d1d0-618b-bf5122ea2602
1407-44;af18cc7a-fa8f-11e2-8e56-9f72c6160288;38a3ffc6-c07b-56f0-95f2-564137474662
1407-45;af18cc7a-fa8f-11e2-8e56-9f72c6160288;0eb80562-8cdd-f0ad-beda-f0d8ddff4c4d
1407-46;af18cc7a-fa8f-11e2-8e56-9f72c6160288;b8fd280f-48fb-343a-e0bd-f5d49ed8bc84
1407-47;af18cc7a-fa8f-11e2-8e56-9f72c6160288;432c76b0-e759-907a-ac0a-e69995eff84b
1407-48;af18cc7a-fa8f-11e2-8e56-9f72c6160288;a061df63-9440-f60f-b4d5-b2da4722458c
1407-49;af18cc7a-fa8f-11e2-8e56-9f72c6160288;ccbdd324-d7c2-d802-addc-33a17a60a397
1407-5;af18cc7a-fa8f-11e2-8e56-9f72c6160288;735ce2da-bc7b-c949-0779-9ed763350e21
1407-50;af18cc7a-fa8f-11e2-8e56-9f72c6160288;b91fad2e-8a3e-fb93-0717-65f2252c2b11
1407-51;af18cc7a-fa8f-11e2-8e56-9f72c6160288;9d79a9be-883d-bdee-99f7-2e1aa4f7aa34
1407-52;af18cc7a-fa8f-11e2-8e56-9f72c6160288;0441db92-9f70-5ccd-5d21-9687aa9bac27
1407-53;af18cc7a-fa8f-11e2-8e56-9f72c6160288;c82bf41f-13c2-1ea9-369b-cf8bf513ea6a
1407-54;af18cc7a-fa8f-11e2-8e56-9f72c6160288;8a6cc46a-8340-f344-7865-04511d6fa078
1407-55;af18cc7a-fa8f-11e2-8e56-9f72c6160288;0ef70558-2493-46cd-4bad-81472eb2df63
1407-56;af18cc7a-fa8f-11e2-8e56-9f72c6160288;a590d65f-88d2-8623-0798-e638dbfaf6cd
1407-57;af18cc7a-fa8f-11e2-8e56-9f72c6160288;82a29388-7e00-b40f-8a3e-3b973f9f86ff
1407-58;af18cc7a-fa8f-11e2-8e56-9f72c6160288;e008e1a4-55cc-dbcc-e17b-d4244b79b607
1407-59;af18cc7a-fa8f-11e2-8e56-9f72c6160288;2d493b3a-5fec-c9dc-60e4-20c120b1e676
1407-6;af18cc7a-fa8f-11e2-8e56-9f72c6160288;1f3ba8b2-4ba9-035f-f78b-c19618626254
1407-60;af18cc7a-fa8f-11e2-8e56-9f72c6160288;8ee659dd-0c63-b62c-1f84-788f143d2df0
1407-61;af18cc7a-fa8f-11e2-8e56-9f72c6160288;db079947-c651-a75d-379f-34c8fe7b4851
1407-62;af18cc7a-fa8f-11e2-8e56-9f72c6160288;7db06aa6-69a4-607d-a7d0-b5558a9b793e
1407-63;af18cc7a-fa8f-11e2-8e56-9f72c6160288;f1082dae-b6ed-99a1-66f3-a3da15a75cc7
1407-64;af18cc7a-fa8f-11e2-8e56-9f72c6160288;f0e54cbb-7da3-f5f1-77cf-f10822daf38b
1407-65;af18cc7a-fa8f-11e2-8e56-9f72c6160288;2b5df5ab-ae95-78dc-8bb4-9ad10c3001dc
1407-66;af18cc7a-fa8f-11e2-8e56-9f72c6160288;29939ac3-270a-ee7d-a33b-d404377459ab
1407-67;af18cc7a-fa8f-11e2-8e56-9f72c6160288;574c9754-0585-606e-32b2-6c4465f356f6
1407-68;af18cc7a-fa8f-11e2-8e56-9f72c6160288;a08e6ddf-b2d8-ad6a-226c-0a242c30908a
1407-69;af18cc7a-fa8f-11e2-8e56-9f72c6160288;919d1b0d-6f8c-f3ec-d624-3a87085a996c
1407-7;af18cc7a-fa8f-11e2-8e56-9f72c6160288;e5506186-f868-cd73-7cd1-baf722c1b458
1407-70;af18cc7a-fa8f-11e2-8e56-9f72c6160288;9e0c806f-52ce-784b-05af-e2a58348eb33
1407-71;af18cc7a-fa8f-11e2-8e56-9f72c6160288;3140dab4-bf76-39c7-dc12-28d2d638f711
1407-72;af18cc7a-fa8f-11e2-8e56-9f72c6160288;043f0a6f-11e5-7c46-0acb-0187bc8b383e
1407-73;af18cc7a-fa8f-11e2-8e56-9f72c6160288;9a7cbf2b-897b-96d6-566b-b383ff43a594
1407-74;af18cc7a-fa8f-11e2-8e56-9f72c6160288;a8827706-965d-6ffc-7a97-33704316fee1
1407-75;af18cc7a-fa8f-11e2-8e56-9f72c6160288;94763f3a-3f9c-2b09-e095-de48914b7c32
1407-76;af18cc7a-fa8f-11e2-8e56-9f72c6160288;322207c8-dbf6-9b7f-064c-f7296a2d0ea4
1407-77;af18cc7a-fa8f-11e2-8e56-9f72c6160288;bf84f162-7d7d-c01a-2fbb-ac66a5b520ed
1407-78;af18cc7a-fa8f-11e2-8e56-9f72c6160288;62dda1e7-8b17-758c-2c0f-7ca74c922396
1407-79;af18cc7a-fa8f-11e2-8e56-9f72c6160288;38db7d4e-da54-9da4-62d8-61bc931b9183
1407-8;af18cc7a-fa8f-11e2-8e56-9f72c6160288;9719e3de-c6b9-1d5d-1c75-65644852c999
1407-80;af18cc7a-fa8f-11e2-8e56-9f72c6160288;48ca6912-d864-66a4-d4f8-22df77e626c0
1407-81;af18cc7a-fa8f-11e2-8e56-9f72c6160288;c39e4218-fdb2-52a8-b226-c586d59e1bd7
1407-82;af18cc7a-fa8f-11e2-8e56-9f72c6160288;4a000367-983c-b0de-05a5-cf514b0c6a33
1407-83;af18cc7a-fa8f-11e2-8e56-9f72c6160288;f860b192-2147-13ea-53cf-3940f52b2091
1407-84;af18cc7a-fa8f-11e2-8e56-9f72c6160288;7a909659-004d-4d1d-1d52-e0f6a05b6140
1407-85;af18cc7a-fa8f-11e2-8e56-9f72c6160288;43366bcc-3452-a675-4ad5-c2d0d9922b6b
1407-86;af18cc7a-fa8f-11e2-8e56-9f72c6160288;752c9001-3b61-2d6e-9085-1b82fd8eb60e
1407-87;af18cc7a-fa8f-11e2-8e56-9f72c6160288;0c530c58-158e-c532-6b23-be4d9e932d49
1407-88;af18cc7a-fa8f-11e2-8e56-9f72c6160288;c894752a-cd97-a2a1-2218-6238afab90ed
1407-89;af18cc7a-fa8f-11e2-8e56-9f72c6160288;369d3755-6b8e-e0e0-f3f1-ca4b50c971e8
1407-9;af18cc7a-fa8f-11e2-8e56-9f72c6160288;5d721ce4-be54-a71d-3e92-ddbbc9814bfd
1407-90;af18cc7a-fa8f-11e2-8e56-9f72c6160288;71da51cc-f1c4-4aa9-6164-afaeffae5e47
1407-91;af18cc7a-fa8f-11e2-8e56-9f72c6160288;fdb5e978-b879-0f32-9710-6b1d33f1e4f4
1407-92;af18cc7a-fa8f-11e2-8e56-9f72c6160288;d9083d5b-9bd4-e20c-74e4-80549354a15c
1407-93;af18cc7a-fa8f-11e2-8e56-9f72c6160288;38dd558f-4cbe-8fe1-43b9-ef3d650b2d99
1407-94;af18cc7a-fa8f-11e2-8e56-9f72c6160288;238eb80a-801e-b82b-0b1c-dc1a7e01b4a0
1407-95;af18cc7a-fa8f-11e2-8e56-9f72c6160288;44911ba5-adc5-2ca7-4533-1a00b7ff1a47
1407-96;af18cc7a-fa8f-11e2-8e56-9f72c6160288;87cc39e3-85c8-f4f3-57a4-bc6a97e56d72
1407-97;af18cc7a-fa8f-11e2-8e56-9f72c6160288;415f6dee-e776-9bd4-44be-be8dce8de542
1407-98;af18cc7a-fa8f-11e2-8e56-9f72c6160288;3016868e-e6ac-d562-1467-843d2e15b065
1407-98A;af18cc7a-fa8f-11e2-8e56-9f72c6160288;555be305-934d-77b5-4224-03f37f6cf5ec
1407-99;af18cc7a-fa8f-11e2-8e56-9f72c6160288;583279f9-13fc-d546-d5e9-76efb76f2957
1411;af18cc7a-fa8f-11e2-8e56-9f72c6160288;feffe6e8-4c3c-ea54-18a1-75e2338a4691
1412;af18cc7a-fa8f-11e2-8e56-9f72c6160288;36e340c6-c5ec-af0e-bcc8-44abd2c3eef8
1493;af18cc7a-fa8f-11e2-8e56-9f72c6160288;3dd57c0b-9505-04ca-6b62-64ee6b2ac871
1494;af18cc7a-fa8f-11e2-8e56-9f72c6160288;97ce814f-c6b1-ec3a-ca40-4d8b36155a89
1495;af18cc7a-fa8f-11e2-8e56-9f72c6160288;fcc46d01-bf8d-aa77-93de-dc507a871420
1496;af18cc7a-fa8f-11e2-8e56-9f72c6160288;8c28b31c-b7b8-58e7-2577-636045436e7a
1497;af18cc7a-fa8f-11e2-8e56-9f72c6160288;f994b9ea-3cee-2e4b-959d-b72b3b06a09f
1498;af18cc7a-fa8f-11e2-8e56-9f72c6160288;94572f1c-d668-2fbf-fd83-1cdec15e90d9
1499;af18cc7a-fa8f-11e2-8e56-9f72c6160288;db5075b3-d76f-9634-c969-03126617ce67
1500;af18cc7a-fa8f-11e2-8e56-9f72c6160288;56307e9f-54a9-c679-5951-41e1fd5a07fd
1502;af18cc7a-fa8f-11e2-8e56-9f72c6160288;dc1fb18d-fe9d-376b-8213-c7b0e5cb7c0b
1503;af18cc7a-fa8f-11e2-8e56-9f72c6160288;517456a2-eabd-46a1-3059-f98f3ed02bdf
1507;af18cc7a-fa8f-11e2-8e56-9f72c6160288;d1daf908-b5eb-6f08-11c6-f098a32142c8
1508;af18cc7a-fa8f-11e2-8e56-9f72c6160288;b0ef4cc6-a0ef-7f65-0e38-f447d909ec08
1511;af18cc7a-fa8f-11e2-8e56-9f72c6160288;45489a40-0c91-2999-1a11-00cbd36e6f5d
154;af18cc7a-fa8f-11e2-8e56-9f72c6160288;60d4a62e-9db1-d7fb-371b-2819581f001c
155;af18cc7a-fa8f-11e2-8e56-9f72c6160288;2aaafe28-167f-2ee1-9b8a-daa09fe1daae
156;af18cc7a-fa8f-11e2-8e56-9f72c6160288;7ca94f2e-f6ae-093d-09ec-c7441509f084
158;af18cc7a-fa8f-11e2-8e56-9f72c6160288;fd40aaa6-28c2-e119-f9ce-fb71e90e091a
163;af18cc7a-fa8f-11e2-8e56-9f72c6160288;abf46cda-35ed-61dd-54df-67247d41dbb1
1691;af18cc7a-fa8f-11e2-8e56-9f72c6160288;be28989f-7200-e88f-3c00-f6ba393d9a78
1693;af18cc7a-fa8f-11e2-8e56-9f72c6160288;0900e649-8c56-9943-c9f7-726e194b2904
1695;af18cc7a-fa8f-11e2-8e56-9f72c6160288;08a1f16a-cec4-c208-c079-baa142ae9f49
1770;af18cc7a-fa8f-11e2-8e56-9f72c6160288;eeb1cea2-ec73-56f8-bd29-93486c72e66e
1772;af18cc7a-fa8f-11e2-8e56-9f72c6160288;b1c9068d-95ba-9962-5e03-972a462e716b
1773;af18cc7a-fa8f-11e2-8e56-9f72c6160288;c36fb132-d3ef-dd1e-4351-37494421cafd
1774;af18cc7a-fa8f-11e2-8e56-9f72c6160288;362335de-ad69-d2f6-b88a-8acba1f19322
1775;af18cc7a-fa8f-11e2-8e56-9f72c6160288;ee2fc5d5-b654-fd6b-501a-33eef6f13347
1776;af18cc7a-fa8f-11e2-8e56-9f72c6160288;27b184fd-ceca-2e94-7094-e5c6ff050585
1777;af18cc7a-fa8f-11e2-8e56-9f72c6160288;b34c54de-e4c2-a2f0-c11b-251328927452
1778;af18cc7a-fa8f-11e2-8e56-9f72c6160288;5b8873cb-afc9-af41-6a41-006f557f22da
1779;af18cc7a-fa8f-11e2-8e56-9f72c6160288;3f5e64cd-1a8a-3ff9-69d0-449109f318bc
1795;af18cc7a-fa8f-11e2-8e56-9f72c6160288;f474f2fa-da6c-1e2c-2be8-ecde3109896d
1796;af18cc7a-fa8f-11e2-8e56-9f72c6160288;961a6b04-5fce-1de1-7cc3-d1ac7833a556
1797;af18cc7a-fa8f-11e2-8e56-9f72c6160288;79aa4508-e763-4b2e-d737-e5b26cf60d15
1798;af18cc7a-fa8f-11e2-8e56-9f72c6160288;ed8ff1b5-a36a-b134-b24a-a7ed114aad09
1799 (lost);af18cc7a-fa8f-11e2-8e56-9f72c6160288;
181;af18cc7a-fa8f-11e2-8e56-9f72c6160288;9b5f4356-8415-2f26-5a37-86447a8330a3
1907;af18cc7a-fa8f-11e2-8e56-9f72c6160288;ac5d3c16-9d80-ae7b-1cd9-ef12da70a6e5
1908;af18cc7a-fa8f-11e2-8e56-9f72c6160288;fe3d1c7c-8134-2321-ea0a-ff7443ac8f39
1910;af18cc7a-fa8f-11e2-8e56-9f72c6160288;0d8d5d91-26b5-037e-b066-d1c267026d0a
1911;af18cc7a-fa8f-11e2-8e56-9f72c6160288;48623e8e-681f-eb66-40a5-bc4daef853a8
1912;af18cc7a-fa8f-11e2-8e56-9f72c6160288;d49c4a7b-235e-4b03-fa38-7aac1dc92057
1913 (lost);af18cc7a-fa8f-11e2-8e56-9f72c6160288;
1914;af18cc7a-fa8f-11e2-8e56-9f72c6160288;8ff605e2-49ac-eb2d-8ceb-3f5ce1368862
1915;af18cc7a-fa8f-11e2-8e56-9f72c6160288;46103370-b2f6-a38a-f9d2-151b7f535155
1916;af18cc7a-fa8f-11e2-8e56-9f72c6160288;4316cf2d-15f2-cfa3-1324-8d97cdacd55c
1917;af18cc7a-fa8f-11e2-8e56-9f72c6160288;f3ecdf90-fb29-0bc8-f3b1-6047ef41cf83
1918;af18cc7a-fa8f-11e2-8e56-9f72c6160288;f8221640-a041-e24a-43d3-14d8e61efaac
1921;af18cc7a-fa8f-11e2-8e56-9f72c6160288;0323fbfb-cab4-8edc-a888-2758e6a0ea58
1922;af18cc7a-fa8f-11e2-8e56-9f72c6160288;06eb4c9a-ff71-33a7-4f36-e051b8fb3ab9
1970-A.32;af18cc7a-fa8f-11e2-8e56-9f72c6160288;fde2a4f7-a34f-7079-6fef-6b2763f65d49
1970-T.10;af18cc7a-fa8f-11e2-8e56-9f72c6160288;11a008f4-e629-71fc-301e-e3c3da031e47
1970-T.11;af18cc7a-fa8f-11e2-8e56-9f72c6160288;87359f07-3c33-768a-6e46-1bce3d33e847
1970-T.1(1/193);af18cc7a-fa8f-11e2-8e56-9f72c6160288;4a818fae-47ab-a928-47c2-bf356f76d467
1970-T.12;af18cc7a-fa8f-11e2-8e56-9f72c6160288;e584d927-4fd4-f733-39b7-a2888a7ae4e1
1970-T.13;af18cc7a-fa8f-11e2-8e56-9f72c6160288;f81df0f9-ed9d-4041-5b33-df87bc591a17
1970-T.14;af18cc7a-fa8f-11e2-8e56-9f72c6160288;8cd123a6-22a2-c49f-c531-a644c6f18a4a
1970-T.15;af18cc7a-fa8f-11e2-8e56-9f72c6160288;267f277d-10b3-ec4d-4ad4-67b91080e982
1970-T.16;af18cc7a-fa8f-11e2-8e56-9f72c6160288;d5d8a511-f247-dd40-41ad-c9bbdf92d037
1970-T.17;af18cc7a-fa8f-11e2-8e56-9f72c6160288;4473a817-0f45-c727-6fc0-a0d3d16df2bf
1970-T.18;af18cc7a-fa8f-11e2-8e56-9f72c6160288;ea0fb416-5669-7bce-b345-a6c7f9a172c8
1970-T.19;af18cc7a-fa8f-11e2-8e56-9f72c6160288;02182830-8ae2-0465-9e07-70fc41ad991b
1970-T.2;af18cc7a-fa8f-11e2-8e56-9f72c6160288;6e24d2d4-70c6-aae2-2e90-3f8a0af0822e
1970-T.20;af18cc7a-fa8f-11e2-8e56-9f72c6160288;1114e9d0-e36b-8770-8027-089c86a7ad54
1970-T.21;af18cc7a-fa8f-11e2-8e56-9f72c6160288;22eafb86-7c59-197a-0934-9b56dca0a5b8
1970-T.22;af18cc7a-fa8f-11e2-8e56-9f72c6160288;cc889f8f-740b-c656-81c7-54048eeb75df
1970-T.23;af18cc7a-fa8f-11e2-8e56-9f72c6160288;8970d967-c16c-6089-1cb1-900fd34515b3
1970-T.24;af18cc7a-fa8f-11e2-8e56-9f72c6160288;cae629e2-0d41-672d-f7d6-f33e99ce1862
1970-T.25;af18cc7a-fa8f-11e2-8e56-9f72c6160288;a1921371-57a3-8ad2-d16c-fa676c590cda
1970-T.26;af18cc7a-fa8f-11e2-8e56-9f72c6160288;94162a91-a5dc-0434-5c6d-6b6de15232a2
1970-T.27;af18cc7a-fa8f-11e2-8e56-9f72c6160288;8529fcbb-3f34-089f-a446-a6911698c8f0
1970-T.28;af18cc7a-fa8f-11e2-8e56-9f72c6160288;c3178fd8-05df-99c9-c11f-2f802435740c
1970-T.29;af18cc7a-fa8f-11e2-8e56-9f72c6160288;c8bf2ecc-e4d3-a3d8-bb72-a08d542dca6c
1970-T.3;af18cc7a-fa8f-11e2-8e56-9f72c6160288;0c7e3ff4-877f-140b-8d44-765fdb420f13
1970-T.30;af18cc7a-fa8f-11e2-8e56-9f72c6160288;6d663ac4-bdf3-e820-65f7-a0a1b36eb5b9
1970-T.31;af18cc7a-fa8f-11e2-8e56-9f72c6160288;1570ccfb-e2bd-96c1-730f-ced1f0362cbb
1970-T.31A;af18cc7a-fa8f-11e2-8e56-9f72c6160288;a859b090-c8da-d9aa-91fe-a0817ca2ca06
1970-T.33;af18cc7a-fa8f-11e2-8e56-9f72c6160288;cf1e513b-93f8-fe31-1f29-4c5eca2ca067
1970-T.34;af18cc7a-fa8f-11e2-8e56-9f72c6160288;705a1566-46f4-51a4-1b7a-373dd9148a90
1970-T.35;af18cc7a-fa8f-11e2-8e56-9f72c6160288;e38d2a12-237a-d71f-6804-f6fef58ec9e9
1970-T.36;af18cc7a-fa8f-11e2-8e56-9f72c6160288;52394565-337a-4825-33ac-4f4d260cffd7
1970-T.37;af18cc7a-fa8f-11e2-8e56-9f72c6160288;2011a5ea-c557-50c0-15ff-392dd7ebf989
1970-T.38;af18cc7a-fa8f-11e2-8e56-9f72c6160288;5a1870b3-46e2-eece-33e8-46ca384eb9d0
1970-T.39;af18cc7a-fa8f-11e2-8e56-9f72c6160288;0c3b2a3f-7185-b95b-0c56-c2009497cdf5
1970-T.4;af18cc7a-fa8f-11e2-8e56-9f72c6160288;608e0ebb-78fb-9471-f193-1ab4d47e0c42
1970-T.40;af18cc7a-fa8f-11e2-8e56-9f72c6160288;b410c359-0efc-21e8-79c5-0c84d318bdff
1970-T.41;af18cc7a-fa8f-11e2-8e56-9f72c6160288;f7d15ae5-6969-95ee-7542-3da760c11199
1970-T.42;af18cc7a-fa8f-11e2-8e56-9f72c6160288;6cc34f65-0f8c-1520-6e82-237d7b9e08b8
1970-T.43;af18cc7a-fa8f-11e2-8e56-9f72c6160288;e4306ea3-6209-1dc2-3d90-f01c7051e02f
1970-T.44;af18cc7a-fa8f-11e2-8e56-9f72c6160288;bae2bafd-c411-454e-aad5-624e74059397
1970-T.45;af18cc7a-fa8f-11e2-8e56-9f72c6160288;228744a5-ba67-a712-d88f-028c700a4dad
1970-T.46;af18cc7a-fa8f-11e2-8e56-9f72c6160288;33308b7d-9352-f80a-262e-ff73af06633f
1970-T.5;af18cc7a-fa8f-11e2-8e56-9f72c6160288;b96dc06c-ec17-71a4-9994-971f7210241b
1970-T.6;af18cc7a-fa8f-11e2-8e56-9f72c6160288;da4a8437-6eb2-135f-30bf-953470d91ec9
1970-T.7;af18cc7a-fa8f-11e2-8e56-9f72c6160288;ca4872a1-8d6f-e085-0e25-e704342a1fa8
1970-T.8;af18cc7a-fa8f-11e2-8e56-9f72c6160288;4335d3c9-ef30-174a-f9ca-c1dd9aa3eed5
1970-T.9;af18cc7a-fa8f-11e2-8e56-9f72c6160288;f94199e9-7567-2b61-ca27-d12471f7f31f
1971-T.1;af18cc7a-fa8f-11e2-8e56-9f72c6160288;74186319-31ef-2e08-56f4-2efac7167f48
1971-T.10;af18cc7a-fa8f-11e2-8e56-9f72c6160288;adbeab84-ba97-6921-3920-24e83520e092
1971-T.11;af18cc7a-fa8f-11e2-8e56-9f72c6160288;99cd21b5-5812-e8b7-19c7-aa6bca8e748c
1971-T.12;af18cc7a-fa8f-11e2-8e56-9f72c6160288;15dd3662-d497-0ccc-407e-c259cbc3bc7c
1971-T.13;af18cc7a-fa8f-11e2-8e56-9f72c6160288;642b3e01-c0d2-d442-2da8-5e9f9985d457
1971-T.14;af18cc7a-fa8f-11e2-8e56-9f72c6160288;642b3e01-c0d2-d442-2da8-5e9f9985d457
1971-T.15;af18cc7a-fa8f-11e2-8e56-9f72c6160288;642b3e01-c0d2-d442-2da8-5e9f9985d457
1971-T.16;af18cc7a-fa8f-11e2-8e56-9f72c6160288;642b3e01-c0d2-d442-2da8-5e9f9985d457
1971-T.16A;af18cc7a-fa8f-11e2-8e56-9f72c6160288;a4ee0053-cb0b-ab2c-0b5c-18227e3edf63
1971-T.17;af18cc7a-fa8f-11e2-8e56-9f72c6160288;82b139d8-e0c3-4f13-82d8-77d75c55aba8
1971-T.18;af18cc7a-fa8f-11e2-8e56-9f72c6160288;f449443c-1621-315d-850f-e31122021b95
1971-T.19;af18cc7a-fa8f-11e2-8e56-9f72c6160288;e1e3072f-a015-574d-e54a-7279deb33eec
1971-T.2;af18cc7a-fa8f-11e2-8e56-9f72c6160288;47d77c12-a0cf-af15-1a52-bc3ad4108ae0
1971-T.20;af18cc7a-fa8f-11e2-8e56-9f72c6160288;8695d4f7-1492-f7d5-1561-4ed0ab241095
1971-T.21;af18cc7a-fa8f-11e2-8e56-9f72c6160288;ca33c41d-f77a-cc92-ed8e-5864831b57ee
1971-T.22;af18cc7a-fa8f-11e2-8e56-9f72c6160288;ce25f7a9-f371-9037-4070-94d2e8a877fa
1971-T.23;af18cc7a-fa8f-11e2-8e56-9f72c6160288;c7fb7e46-90bf-6add-df8e-49dfec4a6d8d
1971-T.24;af18cc7a-fa8f-11e2-8e56-9f72c6160288;79dde8b0-937d-b948-cb79-feeeb397d9cf
1971-T.25;af18cc7a-fa8f-11e2-8e56-9f72c6160288;ca32755a-acf5-9098-15ff-54b149e0e1b3
1971-T.26;af18cc7a-fa8f-11e2-8e56-9f72c6160288;f1fca549-c9a5-aea2-f239-544e6098db9d
1971-T.27;af18cc7a-fa8f-11e2-8e56-9f72c6160288;21559f65-1b82-4b87-924e-9d9fcab00e55
1971-T.28;af18cc7a-fa8f-11e2-8e56-9f72c6160288;2255ab56-7a2f-1cd3-85be-ef183ce1220b
1971-T.29;af18cc7a-fa8f-11e2-8e56-9f72c6160288;0cce3d0f-b2cf-6bbb-f332-2a473a80e143
1971-T.3;af18cc7a-fa8f-11e2-8e56-9f72c6160288;75972e05-36df-6946-8cdb-139541c9b82e
1971-T.30;af18cc7a-fa8f-11e2-8e56-9f72c6160288;bd81645e-ce20-57ec-2937-a14cffaa3b8d
1971-T.31;af18cc7a-fa8f-11e2-8e56-9f72c6160288;6ac6250c-475f-1e8a-f40c-9cd2fa25ef63
1971-T.32;af18cc7a-fa8f-11e2-8e56-9f72c6160288;9c09c5d0-5808-6053-7b7e-03324ac61519
1971-T.33;af18cc7a-fa8f-11e2-8e56-9f72c6160288;e63a3aec-44b4-d934-91c7-f610b0d337e8
1971-T.33A;af18cc7a-fa8f-11e2-8e56-9f72c6160288;c1bec764-e8ca-0958-cf06-83874458aac8
1971-T.34;af18cc7a-fa8f-11e2-8e56-9f72c6160288;dc091e0f-d51c-8b22-da94-74db2265edf5
1971-T.35;af18cc7a-fa8f-11e2-8e56-9f72c6160288;51be1efa-71e6-623e-ea46-bbe383122072
1971-T.36;af18cc7a-fa8f-11e2-8e56-9f72c6160288;43226f6b-b76b-d0f8-b955-37e40aa3525b
1971-T.37;af18cc7a-fa8f-11e2-8e56-9f72c6160288;22754e34-93b6-7dad-a604-cf41934e0062
1971-T.38;af18cc7a-fa8f-11e2-8e56-9f72c6160288;2128a38b-08ca-cabd-11ba-3e0d30e4c092
1971-T.39;af18cc7a-fa8f-11e2-8e56-9f72c6160288;656b63de-6cc6-2c2b-872e-afc0ddd739db
1971-T.4;af18cc7a-fa8f-11e2-8e56-9f72c6160288;57434f88-2315-cf9e-a439-6564ed77e664
1971-T.40;af18cc7a-fa8f-11e2-8e56-9f72c6160288;fd75cf1e-d13e-7d25-7553-32e414860271
1971-T.41;af18cc7a-fa8f-11e2-8e56-9f72c6160288;5ce70342-60e1-90bc-5087-a06997d50619
1971-T.42;af18cc7a-fa8f-11e2-8e56-9f72c6160288;4c9f6f32-c44b-200a-f152-70d6592e2052
1971-T.43;af18cc7a-fa8f-11e2-8e56-9f72c6160288;08a2ad5f-8d6c-e69e-c437-9d563d26589a
1971-T.44;af18cc7a-fa8f-11e2-8e56-9f72c6160288;91c172fa-2f04-bb55-3e3b-b1f7e35e9c80
1971-T.45;af18cc7a-fa8f-11e2-8e56-9f72c6160288;01c2edf5-b4b3-f52b-2964-11f42844dd9f
1971-T.46;af18cc7a-fa8f-11e2-8e56-9f72c6160288;94ebd646-7801-7182-5d7f-eb7d9480787d
1971-T.47;af18cc7a-fa8f-11e2-8e56-9f72c6160288;96010f55-71e7-a008-2da2-e5e779f44201
1971-T.48;af18cc7a-fa8f-11e2-8e56-9f72c6160288;dae8bf23-bb05-0484-de63-2d555ed04346
1971-T.49;af18cc7a-fa8f-11e2-8e56-9f72c6160288;f9076be1-0d4a-b940-865f-70066021b889
1971-T.5;af18cc7a-fa8f-11e2-8e56-9f72c6160288;3ddc91f7-0988-4150-4163-b4ec2091f2ad
1971-T.50;af18cc7a-fa8f-11e2-8e56-9f72c6160288;9854450f-d81b-7922-2c41-a8915204e10a
1971-T.51;af18cc7a-fa8f-11e2-8e56-9f72c6160288;ccfe77da-943e-1fbf-0e97-ac45e339833d
1971-T.52;af18cc7a-fa8f-11e2-8e56-9f72c6160288;96ab49f1-1d1a-f705-3f08-3d018bd392ba
1971-T.53;af18cc7a-fa8f-11e2-8e56-9f72c6160288;5899c048-43b6-a30d-db89-ce7c5a6617fc
1971-T.54A;af18cc7a-fa8f-11e2-8e56-9f72c6160288;806fc901-ed85-df5a-74cb-00b79c1429f4
1971-T.54B;af18cc7a-fa8f-11e2-8e56-9f72c6160288;bc3b25d2-762d-b8fb-16cc-bf40a16b13cf
1971-T.54C;af18cc7a-fa8f-11e2-8e56-9f72c6160288;938acb0a-35f9-fce2-17c0-8f91e0fd5f54
1971-T.54D;af18cc7a-fa8f-11e2-8e56-9f72c6160288;b4e73f5a-e166-ac20-b2af-e976228c404a
1971-T.54E;af18cc7a-fa8f-11e2-8e56-9f72c6160288;a86937f1-5bdc-979f-3213-ab5d6a429e60
1971-T.54F;af18cc7a-fa8f-11e2-8e56-9f72c6160288;ab69c060-8381-4c58-ae19-39e8f34fa4e2
1971-T.55A(1);af18cc7a-fa8f-11e2-8e56-9f72c6160288;b9063133-a408-585e-a4a7-925efbc71d63
1971-T.55A(10);af18cc7a-fa8f-11e2-8e56-9f72c6160288;1af4877d-c096-7a52-ae8a-864ef1070fa7
1971-T.55A(11);af18cc7a-fa8f-11e2-8e56-9f72c6160288;d739a50d-a43d-2d7c-da01-a45f46ace558
1971-T.55A(12);af18cc7a-fa8f-11e2-8e56-9f72c6160288;224b2722-bc69-8da9-3b6a-661ed7f44a07
1971-T.55A(2);af18cc7a-fa8f-11e2-8e56-9f72c6160288;36a8b2d9-ff0c-e440-69ff-214d45291c4b
1971-T.55A(3);af18cc7a-fa8f-11e2-8e56-9f72c6160288;1b700950-e774-886d-ec18-b78a6a02fd18
1971-T.55A(4);af18cc7a-fa8f-11e2-8e56-9f72c6160288;a748b174-a556-9cff-e5ac-9e59ab42dd63
1971-T.55A(5);af18cc7a-fa8f-11e2-8e56-9f72c6160288;12c644af-27dc-dcbc-6aca-dbb8c9587835
1971-T.55A(6);af18cc7a-fa8f-11e2-8e56-9f72c6160288;4cba2fe8-1be9-9c5c-f9a2-1e5bcc922933
1971-T.55A(7);af18cc7a-fa8f-11e2-8e56-9f72c6160288;5c911fee-b30c-9c50-5613-8909997050ce
1971-T.55A(8);af18cc7a-fa8f-11e2-8e56-9f72c6160288;a6ec9674-5bd7-19f0-9fad-f836289a859b
1971-T.55A(9);af18cc7a-fa8f-11e2-8e56-9f72c6160288;01d37c12-45b7-a0e6-4fd4-264fe16f2ce0
1971-T.55B;af18cc7a-fa8f-11e2-8e56-9f72c6160288;2c355427-49e9-c3a7-8677-4f8b32ead198
1971-T.55C;af18cc7a-fa8f-11e2-8e56-9f72c6160288;68dc68cb-dc38-4b45-9131-8935788824fc
1971-T.55D;af18cc7a-fa8f-11e2-8e56-9f72c6160288;11acca02-1337-acee-ea05-af345f4d197b
1971-T.56;af18cc7a-fa8f-11e2-8e56-9f72c6160288;c22559da-1336-3923-c439-fb84d11a454d
1971-T.57;af18cc7a-fa8f-11e2-8e56-9f72c6160288;f2107371-30a0-4554-9426-7ec0aadef8de
1971-T.58;af18cc7a-fa8f-11e2-8e56-9f72c6160288;0ebd7ee6-940d-1570-d32d-4dfe5094619a
1971-T.59;af18cc7a-fa8f-11e2-8e56-9f72c6160288;5a2135d0-1b46-608e-640c-a4d846fd14af
1971-T.6;af18cc7a-fa8f-11e2-8e56-9f72c6160288;287cd02e-3903-1efa-7522-fd94985aca99
1971-T.60;af18cc7a-fa8f-11e2-8e56-9f72c6160288;9f1312bd-a36c-2bce-3fe2-2e39f2414500
1971-T.61;af18cc7a-fa8f-11e2-8e56-9f72c6160288;244f7296-199d-62ad-d9f9-200c8b88c2e1
1971-T.62;af18cc7a-fa8f-11e2-8e56-9f72c6160288;71a8fd47-9aa4-4bd7-28ec-82c55b281068
1971-T.63;af18cc7a-fa8f-11e2-8e56-9f72c6160288;14cdfa45-449d-4c15-fd31-fb5a56c8d6d4
1971-T.64;af18cc7a-fa8f-11e2-8e56-9f72c6160288;8a8d5239-cc17-c57c-f4be-cc039db4975a
1971-T.65;af18cc7a-fa8f-11e2-8e56-9f72c6160288;23d5a78d-ac8b-9dcd-c75a-d3cdb6b90aab
1971-T.66;af18cc7a-fa8f-11e2-8e56-9f72c6160288;a7548b1a-7098-faed-6f1e-604e15682e24
1971-T.67;af18cc7a-fa8f-11e2-8e56-9f72c6160288;46413860-5966-9b0a-d56e-b240acffe64d
1971-T.68;af18cc7a-fa8f-11e2-8e56-9f72c6160288;9517c5bf-cf4b-384a-d3f9-8856e2e26f1f
1971-T.69;af18cc7a-fa8f-11e2-8e56-9f72c6160288;b71ec44d-b023-79b2-b4ad-82859e08070c
1971-T.7;af18cc7a-fa8f-11e2-8e56-9f72c6160288;c470ae30-0605-ae32-ed00-6acc70ed774b
1971-T.70;af18cc7a-fa8f-11e2-8e56-9f72c6160288;73a10ab0-dd39-a250-f84b-f7c154216d0b
1971-T.71;af18cc7a-fa8f-11e2-8e56-9f72c6160288;ae8b9d81-5ec5-952e-b5c4-8b7395c34e7b
1971-T.72;af18cc7a-fa8f-11e2-8e56-9f72c6160288;bd109a48-0bfe-14e1-cf58-a5ff278d0ddb
1971-T.73;af18cc7a-fa8f-11e2-8e56-9f72c6160288;9f3dc2f2-cd6d-7bf5-2f47-f3297cbae26b
1971-T.74;af18cc7a-fa8f-11e2-8e56-9f72c6160288;b9bf92b7-4aec-b5f6-b90a-162ae3953397
1971-T.75;af18cc7a-fa8f-11e2-8e56-9f72c6160288;4d85af11-5842-5064-bf3c-30a6d5c831ec
1971-T.76;af18cc7a-fa8f-11e2-8e56-9f72c6160288;e8df342a-212e-ae8a-1075-710477005293
1971-T.77;af18cc7a-fa8f-11e2-8e56-9f72c6160288;9a804b22-6c6f-7137-d857-a208acae9b7b
1971-T.78;af18cc7a-fa8f-11e2-8e56-9f72c6160288;020da41d-a9e1-585a-cffd-1913579362e7
1971-T.79;af18cc7a-fa8f-11e2-8e56-9f72c6160288;39dd21a4-4989-b56f-5189-404c869004bc
1971-T.8;af18cc7a-fa8f-11e2-8e56-9f72c6160288;70f68343-ccf7-748d-22c3-b57bef326b4c
1971-T.80;af18cc7a-fa8f-11e2-8e56-9f72c6160288;2d02b799-92b5-8185-d091-d9f69f682750
1971-T.81;af18cc7a-fa8f-11e2-8e56-9f72c6160288;6bee4559-f59c-7e28-ce7e-e430a1054143
1971-T.82;af18cc7a-fa8f-11e2-8e56-9f72c6160288;52d50c94-0355-bb81-8985-525f44fd6777
1971-T.83;af18cc7a-fa8f-11e2-8e56-9f72c6160288;ac371ba8-1e35-53e8-20bc-1f3e57ea6087
1971-T.84;af18cc7a-fa8f-11e2-8e56-9f72c6160288;bdd6820a-ce75-b16f-8dcf-91a31917770a
1971-T.85;af18cc7a-fa8f-11e2-8e56-9f72c6160288;4deab084-0080-5ae0-4656-d047bdbb08f2
1971-T.86;af18cc7a-fa8f-11e2-8e56-9f72c6160288;f10f17e6-8d25-830c-8ff3-e0a780ea45de
1971-T.87;af18cc7a-fa8f-11e2-8e56-9f72c6160288;db145cca-11b5-47f2-3b96-75412daf2b1d
1971-T.88;af18cc7a-fa8f-11e2-8e56-9f72c6160288;7c2dff8c-92a6-b85f-f4dc-bf8bf5780a69
1971-T.89;af18cc7a-fa8f-11e2-8e56-9f72c6160288;6db4afff-20aa-43b8-f716-65de2a3746a3
1971-T.89(1);af18cc7a-fa8f-11e2-8e56-9f72c6160288;ebee82d4-620f-4876-a248-9cb2cadbac5e
1971-T.89(10);af18cc7a-fa8f-11e2-8e56-9f72c6160288;8b654963-eecb-111a-bb9a-acaa8a85daf5
1971-T.89(11);af18cc7a-fa8f-11e2-8e56-9f72c6160288;76cc248e-69cc-ecfd-c612-b05448ca5935
1971-T.89(12);af18cc7a-fa8f-11e2-8e56-9f72c6160288;0069342a-ced1-674b-d4a8-a1ad05a1833a
1971-T.89(13);af18cc7a-fa8f-11e2-8e56-9f72c6160288;87268eb0-70be-58fb-a0b1-fb1f902d9c31
1971-T.89(14);af18cc7a-fa8f-11e2-8e56-9f72c6160288;b00e1b49-29e5-beb4-f790-c0b45e9f6b2d
1971-T.89(2);af18cc7a-fa8f-11e2-8e56-9f72c6160288;d9b6a181-35b9-27e1-2387-d19c652ae8c1
1971-T.89(3);af18cc7a-fa8f-11e2-8e56-9f72c6160288;8267491c-ba5f-9fbf-a05f-e71139719b14
1971-T.89(4);af18cc7a-fa8f-11e2-8e56-9f72c6160288;128ff6b9-b138-fff5-b4c0-4eaf7940c7fb
1971-T.89(5);af18cc7a-fa8f-11e2-8e56-9f72c6160288;0ad898c8-5b26-b959-f73b-184323f257ba
1971-T.89(6);af18cc7a-fa8f-11e2-8e56-9f72c6160288;ebc1970d-2e33-5f31-f949-3a7b82a25b62
1971-T.89(7);af18cc7a-fa8f-11e2-8e56-9f72c6160288;5b340455-7825-3425-416f-30a5998f0176
1971-T.89(8);af18cc7a-fa8f-11e2-8e56-9f72c6160288;a855abbb-ee6c-87a1-a78f-346b1edc497c
1971-T.89(9);af18cc7a-fa8f-11e2-8e56-9f72c6160288;b2e0fbef-b054-f9c7-b62c-d64c1dcf6aed
1971-T.9;af18cc7a-fa8f-11e2-8e56-9f72c6160288;6939f2c2-5b47-0470-b816-68b9d061bac7
1972-A.586;af18cc7a-fa8f-11e2-8e56-9f72c6160288;7e448b51-2b03-946a-9052-4f4416fb7a43
1972-A.587;af18cc7a-fa8f-11e2-8e56-9f72c6160288;aae4cc7c-6188-04de-d482-cf74883c5e82
1972-A.588;af18cc7a-fa8f-11e2-8e56-9f72c6160288;1a7dfd08-79c8-4d46-ffc1-af72f1e8753f
1972-A.589;af18cc7a-fa8f-11e2-8e56-9f72c6160288;4b473b17-9c46-b933-f17c-0f720c51a318
1972-A.590;af18cc7a-fa8f-11e2-8e56-9f72c6160288;3f448fe7-d059-3fe3-d453-24978e539970
1972-A.591;af18cc7a-fa8f-11e2-8e56-9f72c6160288;d27c5f9b-c8ae-8ff7-32b7-ba215752e993
1972-A.592;af18cc7a-fa8f-11e2-8e56-9f72c6160288;2faf4edb-f22c-8784-f49b-55db0f484a69
1972-A.593;af18cc7a-fa8f-11e2-8e56-9f72c6160288;cf2eeeb4-0061-d711-0bd7-5c87ec51719a
1972-A.594;af18cc7a-fa8f-11e2-8e56-9f72c6160288;5e490e81-b30b-bc04-7160-e6896430029e
1972-A.595;af18cc7a-fa8f-11e2-8e56-9f72c6160288;8e6313d2-fa12-8b4c-e933-3d8036d9144f
1972-A.596;af18cc7a-fa8f-11e2-8e56-9f72c6160288;f7f841e4-f056-f1bc-a552-8c8a07d0e5ef
1972-T.1;af18cc7a-fa8f-11e2-8e56-9f72c6160288;fa6320cd-65a6-59d9-fdae-c8a63ebc1c3e
1972-T.10;af18cc7a-fa8f-11e2-8e56-9f72c6160288;c6529428-ab14-c3d5-1846-ea133ab60709
1972-T.11;af18cc7a-fa8f-11e2-8e56-9f72c6160288;ed23abab-fc45-0dd2-8550-e44bb06dce53
1972-T.12;af18cc7a-fa8f-11e2-8e56-9f72c6160288;c07fe85a-5084-a92b-eb42-878386333857
1972-T.13;af18cc7a-fa8f-11e2-8e56-9f72c6160288;e3422381-2597-a0ab-8ec7-c6fe2730ce25
1972-T.14;af18cc7a-fa8f-11e2-8e56-9f72c6160288;611a35ae-90ba-0989-1015-a876966632c1
1972-T.15;af18cc7a-fa8f-11e2-8e56-9f72c6160288;99ad348d-8cb4-2376-e702-ce291841e33a
1972-T.16;af18cc7a-fa8f-11e2-8e56-9f72c6160288;29ba3ac0-4e59-6235-f934-e0b6e37772b1
1972-T.17;af18cc7a-fa8f-11e2-8e56-9f72c6160288;bf860f19-d184-0f20-8f95-4fbf668edb45
1972-T.18;af18cc7a-fa8f-11e2-8e56-9f72c6160288;409fe102-dd9c-e2a4-ca42-91402d36ef28
1972-T.19;af18cc7a-fa8f-11e2-8e56-9f72c6160288;2b22eeab-ebb9-e873-8d94-2cce9dc9e4ff
1972-T.2;af18cc7a-fa8f-11e2-8e56-9f72c6160288;1855e4c6-bff2-a95b-f1db-ed02c5391fd6
1972-T.20;af18cc7a-fa8f-11e2-8e56-9f72c6160288;c0984a69-4247-6d82-0c50-9601c2a6a754
1972-T.21;af18cc7a-fa8f-11e2-8e56-9f72c6160288;302d452b-129a-6145-3610-b9ddb0afd892
1972-T.22;af18cc7a-fa8f-11e2-8e56-9f72c6160288;3bdba2db-bc2b-f5d9-b030-083e105f6aa8
1972-T.23;af18cc7a-fa8f-11e2-8e56-9f72c6160288;c6db337c-c8f3-48de-bc7f-9ac2c81a7cc2
1972-T.24;af18cc7a-fa8f-11e2-8e56-9f72c6160288;43ec1932-c45d-6c29-8ac7-253d1f6de321
1972-T.25;af18cc7a-fa8f-11e2-8e56-9f72c6160288;419e48db-baef-eb74-d323-c13c1facf428
1972-T.26;af18cc7a-fa8f-11e2-8e56-9f72c6160288;1e590c1d-c9dc-7934-dd31-b652ae902d64
1972-T.27;af18cc7a-fa8f-11e2-8e56-9f72c6160288;0065da34-9d4c-b836-efb3-12f17216a92e
1972-T.28;af18cc7a-fa8f-11e2-8e56-9f72c6160288;d6e061a1-07e5-e427-4b96-63930848c5c9
1972-T.29;af18cc7a-fa8f-11e2-8e56-9f72c6160288;0fecd128-8a09-a24d-60c5-89c4befd4e5b
1972-T.3;af18cc7a-fa8f-11e2-8e56-9f72c6160288;5ce3afa9-f403-b9e6-97dc-a57b9424b33f
1972-T.30;af18cc7a-fa8f-11e2-8e56-9f72c6160288;55044478-a613-7864-9a08-249fd82b2803
1972-T.31;af18cc7a-fa8f-11e2-8e56-9f72c6160288;f058aef1-9204-c8dc-8cc8-e1b6e3c32655
1972-T.32;af18cc7a-fa8f-11e2-8e56-9f72c6160288;5720e875-3f7f-e462-2bc8-a50c9586acf0
1972-T.33;af18cc7a-fa8f-11e2-8e56-9f72c6160288;057f4e93-2ef9-e8e7-58cf-8bb55a9b50b9
1972-T.34;af18cc7a-fa8f-11e2-8e56-9f72c6160288;12189abc-7c14-a93d-4785-faf941973042
1972-T.35;af18cc7a-fa8f-11e2-8e56-9f72c6160288;1b40c3cd-d0d4-4478-81ee-5f0a77eb2ed8
1972-T.36;af18cc7a-fa8f-11e2-8e56-9f72c6160288;f6942a10-fb16-d39e-469c-ad9a51fef0a6
1972-T.37;af18cc7a-fa8f-11e2-8e56-9f72c6160288;2dd3b594-e714-fea1-a555-e32d1af44b71
1972-T.38A;af18cc7a-fa8f-11e2-8e56-9f72c6160288;fb76d4a2-106d-d9ea-29bf-ce7cb1e461a1
1972-T.38B;af18cc7a-fa8f-11e2-8e56-9f72c6160288;199588e4-308d-601b-5174-d563aadf6a0c
1972-T.38C;af18cc7a-fa8f-11e2-8e56-9f72c6160288;292bcfd6-d872-3ddc-fbf3-934d12c484b4
1972-T.38D;af18cc7a-fa8f-11e2-8e56-9f72c6160288;daee8b76-1397-5cb6-990f-aea8cea43c40
1972-T.38E;af18cc7a-fa8f-11e2-8e56-9f72c6160288;06c41c96-a5b3-b9f0-eb8b-93299cf4323f
1972-T.38F;af18cc7a-fa8f-11e2-8e56-9f72c6160288;e5c6dffa-5dff-e1cf-13d4-9a91b23980d6
1972-T.38G;af18cc7a-fa8f-11e2-8e56-9f72c6160288;9538829c-7b2a-275e-1567-a3d73daee0e4
1972-T.39;af18cc7a-fa8f-11e2-8e56-9f72c6160288;d6020e4b-f41b-0341-7e93-7c708d41dcb9
1972-T.4;af18cc7a-fa8f-11e2-8e56-9f72c6160288;c780ac56-d17c-13a9-e067-cff233e555c0
1972-T.40;af18cc7a-fa8f-11e2-8e56-9f72c6160288;dbfc29c3-2b53-1151-a6b8-ba316d49574c
1972-T.41;af18cc7a-fa8f-11e2-8e56-9f72c6160288;5a74ffe6-31d2-39f8-b903-4bca95a2f433
1972-T.42;af18cc7a-fa8f-11e2-8e56-9f72c6160288;e41686c9-a004-f5cd-fa72-4aa4c95f54dc
1972-T.43;af18cc7a-fa8f-11e2-8e56-9f72c6160288;1ac40f13-01fc-07dc-2293-ca99b4e96413
1972-T.44;af18cc7a-fa8f-11e2-8e56-9f72c6160288;58a83756-35ed-4393-8c6b-4270fde57916
1972-T.45;af18cc7a-fa8f-11e2-8e56-9f72c6160288;92dfe9f6-524e-7e94-2a71-a9c2d9791a01
1972-T.46;af18cc7a-fa8f-11e2-8e56-9f72c6160288;2ce83e60-cb56-1229-9628-4b59c46fa4a8
1972-T.47;af18cc7a-fa8f-11e2-8e56-9f72c6160288;76c14345-248d-4175-0e9e-6c8e6fc62339
1972-T.48;af18cc7a-fa8f-11e2-8e56-9f72c6160288;af4ac55c-17be-52a1-094c-dbd6a67acca3
1972-T.49;af18cc7a-fa8f-11e2-8e56-9f72c6160288;cce231ea-daa4-552c-5559-6c2fbf0c552b
1972-T.5;af18cc7a-fa8f-11e2-8e56-9f72c6160288;09c62326-0479-c5aa-ff9a-fc71b69a3070
1972-T.50;af18cc7a-fa8f-11e2-8e56-9f72c6160288;a8a713e6-903a-922b-cdae-ee563fc2e0f3
1972-T.51;af18cc7a-fa8f-11e2-8e56-9f72c6160288;2a3b335b-1e6d-c01a-0d55-188c62cd69c9
1972-T.52;af18cc7a-fa8f-11e2-8e56-9f72c6160288;5ee338cb-be32-1b17-a46f-64d7e0aaf2ab
1972-T.53;af18cc7a-fa8f-11e2-8e56-9f72c6160288;221c4beb-f559-d50c-6687-341a28b42d77
1972-T.54;af18cc7a-fa8f-11e2-8e56-9f72c6160288;6ba64d9e-cba8-7578-a9ce-8c49e607b902
1972-T.55;af18cc7a-fa8f-11e2-8e56-9f72c6160288;f812b6ea-340d-d0ec-fb1b-44e4997f559a
1972-T.56;af18cc7a-fa8f-11e2-8e56-9f72c6160288;b660a613-9c96-0c9f-6721-43e0f63c953c
1972-T.57;af18cc7a-fa8f-11e2-8e56-9f72c6160288;d3eabdc9-c468-eda2-9cd6-824443426e70
1972-T.58;af18cc7a-fa8f-11e2-8e56-9f72c6160288;d2b788ce-bf76-ebc7-9142-7ba671850234
1972-T.59;af18cc7a-fa8f-11e2-8e56-9f72c6160288;cbee99e2-39a3-6200-574f-e575a78be401
1972-T.6;af18cc7a-fa8f-11e2-8e56-9f72c6160288;739c8735-5908-602f-a05e-f7ad496cf64e
1972-T.60;af18cc7a-fa8f-11e2-8e56-9f72c6160288;1e1b9af3-9a4a-4f92-d738-26a5a70557cd
1972-T.61;af18cc7a-fa8f-11e2-8e56-9f72c6160288;b1ff3475-4752-f933-27b8-787f32d93d3a
1972-T.62;af18cc7a-fa8f-11e2-8e56-9f72c6160288;72217f54-0dea-c81c-8132-0e6216f6f1dc
1972-T.63;af18cc7a-fa8f-11e2-8e56-9f72c6160288;70b87240-b2bd-9d57-655f-b97d0243bf18
1972-T.64;af18cc7a-fa8f-11e2-8e56-9f72c6160288;b7c1d189-318c-9adc-56aa-846c2c226cdb
1972-T.65;af18cc7a-fa8f-11e2-8e56-9f72c6160288;a7f7d549-121f-2bfd-2850-521fb9317647
1972-T.66;af18cc7a-fa8f-11e2-8e56-9f72c6160288;5c28abc3-e702-c709-aa83-197eb3ebc9ee
1972-T.67;af18cc7a-fa8f-11e2-8e56-9f72c6160288;4a6bc20f-a0f0-8983-e56c-0588ef296cdb
1972-T.68;af18cc7a-fa8f-11e2-8e56-9f72c6160288;092a2089-a2ce-1bc8-dc47-cffdf07a9b42
1972-T.69;af18cc7a-fa8f-11e2-8e56-9f72c6160288;54e59d1b-c7f9-3a42-284c-d4a66fd2aace
1972-T.7;af18cc7a-fa8f-11e2-8e56-9f72c6160288;639e4390-ea12-0e18-e639-c3a2163a07b6
1972-T.70;af18cc7a-fa8f-11e2-8e56-9f72c6160288;e152a121-0ce0-da5a-dd81-615fca618ff5
1972-T.8;af18cc7a-fa8f-11e2-8e56-9f72c6160288;a1d12255-ceb2-2703-c6c0-b95ab156390f
1972-T.9;af18cc7a-fa8f-11e2-8e56-9f72c6160288;bd929596-af25-8ea0-60bf-80ad93ea0d25
1973-T.1;af18cc7a-fa8f-11e2-8e56-9f72c6160288;4fa98493-e3f4-6cc0-f805-dc02d3017dc6
1973-T.10;af18cc7a-fa8f-11e2-8e56-9f72c6160288;05906bea-491b-8a73-eff6-2c85ce7cf4ac
1973-T.11;af18cc7a-fa8f-11e2-8e56-9f72c6160288;7d2b4758-2b39-e5aa-ef1c-ae1ffab594e2
1973-T.12;af18cc7a-fa8f-11e2-8e56-9f72c6160288;13009b62-7df7-9497-8d2c-9c840411fec2
1973-T.13;af18cc7a-fa8f-11e2-8e56-9f72c6160288;e76bd48d-439f-f54e-642e-3d6c0638b5fa
1973-T.14;af18cc7a-fa8f-11e2-8e56-9f72c6160288;03436d42-137e-59e4-63ac-1bb25a0d2cd6
1973-T.16;af18cc7a-fa8f-11e2-8e56-9f72c6160288;f834706c-faf8-3eaa-e33b-fb82fcbdbc6e
1973-T.17;af18cc7a-fa8f-11e2-8e56-9f72c6160288;503a00a6-ab18-24ff-1496-83b5cb830379
1973-T.18;af18cc7a-fa8f-11e2-8e56-9f72c6160288;ad966564-b266-9b8c-e246-e4a879d9bc84
1973-T.19;af18cc7a-fa8f-11e2-8e56-9f72c6160288;94e8a4d6-3423-a464-0618-36c408974806
1973-T.2;af18cc7a-fa8f-11e2-8e56-9f72c6160288;552628fd-5d42-35f7-6540-ef00a9cc9ea0
1973-T.20;af18cc7a-fa8f-11e2-8e56-9f72c6160288;ab985acf-2586-c6c8-2555-353c92b587f8
1973-T.21;af18cc7a-fa8f-11e2-8e56-9f72c6160288;9ae0951d-940c-28b0-22f3-6e924a1d0748
1973-T.22;af18cc7a-fa8f-11e2-8e56-9f72c6160288;4729006a-b425-9f86-b268-0e371ef23d39
1973-T.23;af18cc7a-fa8f-11e2-8e56-9f72c6160288;202ef611-c5cb-5658-9f45-b262d5899dbe
1973-T.24;af18cc7a-fa8f-11e2-8e56-9f72c6160288;cba626bf-3d7f-88be-483c-bd056bf5fcc6
1973-T.25;af18cc7a-fa8f-11e2-8e56-9f72c6160288;f71d5f98-d630-9559-92b2-72f5b418619d
1973-T.26;af18cc7a-fa8f-11e2-8e56-9f72c6160288;d620dce9-80fe-2e83-a539-4e2d244c4ff0
1973-T.27;af18cc7a-fa8f-11e2-8e56-9f72c6160288;ab5fa1c9-87f6-5b2f-5af7-6729852e0973
1973-T.28;af18cc7a-fa8f-11e2-8e56-9f72c6160288;08b7e4c8-2d2a-f5f2-2527-770c2f28157a
1973-T.29;af18cc7a-fa8f-11e2-8e56-9f72c6160288;9a55b371-eb8e-8a37-a7d2-e7037e29d9bf
1973-T.3;af18cc7a-fa8f-11e2-8e56-9f72c6160288;c74b1fd0-a300-9fc4-9c17-a0ae7d0983a1
1973-T.30;af18cc7a-fa8f-11e2-8e56-9f72c6160288;e3fa9831-eb36-a9a9-95d3-fa8703041d81
1973-T.31;af18cc7a-fa8f-11e2-8e56-9f72c6160288;38fc0614-655c-55a3-968d-c7fb7635bb89
1973-T.32;af18cc7a-fa8f-11e2-8e56-9f72c6160288;3310fc2a-7e6c-8735-8e62-8e82706f617d
1973-T.33;af18cc7a-fa8f-11e2-8e56-9f72c6160288;c60dd1d4-4bc9-04e2-c79d-ee3c69860433
1973-T.34;af18cc7a-fa8f-11e2-8e56-9f72c6160288;64ae6431-5934-6cf1-223f-9bace93cb899
1973-T.35;af18cc7a-fa8f-11e2-8e56-9f72c6160288;9682f016-3e5a-d157-66f9-eb1650f24767
1973-T.36;af18cc7a-fa8f-11e2-8e56-9f72c6160288;ae483d62-1ce8-0b06-967c-b8f0c8778941
1973-T.37;af18cc7a-fa8f-11e2-8e56-9f72c6160288;23318746-1afc-f5d4-9917-5d96475e140c
1973-T.38;af18cc7a-fa8f-11e2-8e56-9f72c6160288;07662212-d211-8f02-4011-381ad6d2b574
1973-T.39;af18cc7a-fa8f-11e2-8e56-9f72c6160288;e0a91f7f-6ca0-ace8-e48b-95045d3f0567
1973-T.4;af18cc7a-fa8f-11e2-8e56-9f72c6160288;b008f793-2847-46a5-5fc4-5be42d0db294
1973-T.40;af18cc7a-fa8f-11e2-8e56-9f72c6160288;057e7a9f-795d-09b4-0254-6f00605d63f5
1973-T.41;af18cc7a-fa8f-11e2-8e56-9f72c6160288;bdf492fc-ad7a-e0d3-2dac-3aa0a830e29c
1973-T.42;af18cc7a-fa8f-11e2-8e56-9f72c6160288;a9427c5b-db52-28c4-d72e-a2326e6a7390
1973-T.43;af18cc7a-fa8f-11e2-8e56-9f72c6160288;0584752a-9433-f7c2-23a8-0e76c7ab646f
1973-T.44;af18cc7a-fa8f-11e2-8e56-9f72c6160288;e99ae4a4-b3f6-a77a-52dc-e9627a26dbc1
1973-T.45;af18cc7a-fa8f-11e2-8e56-9f72c6160288;9a273a17-f257-2ded-74f6-a19ad6200e2f
1973-T.46;af18cc7a-fa8f-11e2-8e56-9f72c6160288;044645a2-d2b9-b876-2ffa-3b0878724100
1973-T.47;af18cc7a-fa8f-11e2-8e56-9f72c6160288;c0e3c85d-7edf-6a78-3fda-3a581fd04450
1973-T.48;af18cc7a-fa8f-11e2-8e56-9f72c6160288;ba92440f-2048-c8b1-ef91-55e5870b2474
1973-T.49;af18cc7a-fa8f-11e2-8e56-9f72c6160288;538c6738-b965-562b-30c9-9844eb6b5db8
1973-T.5;af18cc7a-fa8f-11e2-8e56-9f72c6160288;9b01b28e-fa9c-0d31-8a4b-064c4abd2121
1973-T.50;af18cc7a-fa8f-11e2-8e56-9f72c6160288;d5d701ea-3aaa-8aae-a1c6-d26a4b25dc0c
1973-T.51;af18cc7a-fa8f-11e2-8e56-9f72c6160288;2e393594-cb1f-6784-6b95-5a763ecd83ca
1973-T.52;af18cc7a-fa8f-11e2-8e56-9f72c6160288;0a684ed5-7bde-7fa1-fc53-2c456b0ae018
1973-T.53;af18cc7a-fa8f-11e2-8e56-9f72c6160288;60d324ed-f086-3081-1160-f4ebddf1cebd
1973-T.54;af18cc7a-fa8f-11e2-8e56-9f72c6160288;4d8685c5-0346-b78d-b1b4-eb947c67fcd9
1973-T.55;af18cc7a-fa8f-11e2-8e56-9f72c6160288;80e6992f-8efa-4563-6c71-87401be56ce3
1973-T.56;af18cc7a-fa8f-11e2-8e56-9f72c6160288;41f9bfc8-f170-aeac-970b-801a575a50bc
1973-T.57;af18cc7a-fa8f-11e2-8e56-9f72c6160288;479944d9-88c4-28f4-c978-de7fe96006fc
1973-T.58;af18cc7a-fa8f-11e2-8e56-9f72c6160288;d21f8eb9-e6b7-4fe1-77e0-c8e1bbf94e2d
1973-T.59;af18cc7a-fa8f-11e2-8e56-9f72c6160288;06a2c40e-cd51-8368-c876-7d6feb602716
1973-T.6;af18cc7a-fa8f-11e2-8e56-9f72c6160288;536a82c4-f3e0-0bff-3852-4f316aa01557
1973-T.60;af18cc7a-fa8f-11e2-8e56-9f72c6160288;4d129d21-e895-9d6e-5d5b-8f526a01a156
1973-T.61;af18cc7a-fa8f-11e2-8e56-9f72c6160288;964ac88a-d61f-33fe-990b-7cd62a8f28df
1973-T.62;af18cc7a-fa8f-11e2-8e56-9f72c6160288;32566402-38b4-992e-930e-d07ffdb7d47e
1973-T.63;af18cc7a-fa8f-11e2-8e56-9f72c6160288;a44e9a85-7592-d146-0c05-a5ab5c74c91e
1973-T.64;af18cc7a-fa8f-11e2-8e56-9f72c6160288;a7c1805a-bcb1-7ae9-baf8-3a9310ff6d91
1973-T.65;af18cc7a-fa8f-11e2-8e56-9f72c6160288;ff15ee30-6b5b-8cfc-0f4b-625cfb54a433
1973-T.66;af18cc7a-fa8f-11e2-8e56-9f72c6160288;fc102873-8a67-3af3-10bc-a6c4bc246c18
1973-T.67;af18cc7a-fa8f-11e2-8e56-9f72c6160288;523a58dd-8f0c-5099-e47b-d2dc3e184159
1973-T.68;af18cc7a-fa8f-11e2-8e56-9f72c6160288;75b8c9c9-724d-c619-1c94-b6b6bdba381f
1973-T.69;af18cc7a-fa8f-11e2-8e56-9f72c6160288;e2812edb-2acc-76c4-a18d-ece377c3739c
1973-T.7;af18cc7a-fa8f-11e2-8e56-9f72c6160288;cf4aa55c-c57b-1dd2-6b1c-d1059bac2fe5
1973-T.70;af18cc7a-fa8f-11e2-8e56-9f72c6160288;8020e3ac-2d01-05d5-8432-fa88f406545f
1973-T.71;af18cc7a-fa8f-11e2-8e56-9f72c6160288;2bb4dfcc-1d66-285d-e8f2-1cceb24d1668
1973-T.8;af18cc7a-fa8f-11e2-8e56-9f72c6160288;09543099-b546-c8e5-af9e-e99ce40bba20
1973-T.9;af18cc7a-fa8f-11e2-8e56-9f72c6160288;4ae30b4e-241d-6182-5c54-3d26e9f30013
1974-T.1;af18cc7a-fa8f-11e2-8e56-9f72c6160288;fa8eade2-e40e-5f08-8f73-df26e003092f
1974-T.10;af18cc7a-fa8f-11e2-8e56-9f72c6160288;08f1177d-9bde-8544-ad68-303b0da7e824
1974-T.11;af18cc7a-fa8f-11e2-8e56-9f72c6160288;40a16198-b075-e555-db66-dd728a96c515
1974-T.12;af18cc7a-fa8f-11e2-8e56-9f72c6160288;10c0c7dc-99a4-e30e-1bad-fbfa41012b61
1974-T.13;af18cc7a-fa8f-11e2-8e56-9f72c6160288;dae0d728-61e9-a72b-7a74-9762ca250836
1974-T.14;af18cc7a-fa8f-11e2-8e56-9f72c6160288;899b19b0-cb72-a2a3-a423-cb624aae1dd3
1974-T.15;af18cc7a-fa8f-11e2-8e56-9f72c6160288;df07fd5a-c1c2-72d0-ed1e-c0e0020e5b1f
1974-T.16;af18cc7a-fa8f-11e2-8e56-9f72c6160288;7869734f-cba8-b4fa-ac25-7c7f6c0e960b
1974-T.17;af18cc7a-fa8f-11e2-8e56-9f72c6160288;8b6a3c41-4451-cf55-95fe-2e56766f2346
1974-T.18;af18cc7a-fa8f-11e2-8e56-9f72c6160288;db256d5a-2237-5979-c07f-ff86f3b005cb
1974-T.19;af18cc7a-fa8f-11e2-8e56-9f72c6160288;d78a78b1-8691-42b6-ec2b-9cf4e91364a0
1974-T.2;af18cc7a-fa8f-11e2-8e56-9f72c6160288;bd20a606-1c97-74de-12c9-05e9181f1d2f
1974-T.20;af18cc7a-fa8f-11e2-8e56-9f72c6160288;e64cb0ce-18b7-d209-60a7-f2884c3859c2
1974-T.21;af18cc7a-fa8f-11e2-8e56-9f72c6160288;6ab93b05-4977-a6e5-9340-dfb03285c4a2
1974-T.22;af18cc7a-fa8f-11e2-8e56-9f72c6160288;a8013596-eb38-3b36-554e-831c6f06391e
1974-T.23;af18cc7a-fa8f-11e2-8e56-9f72c6160288;a32181bd-bf0d-8464-9e23-4dc71393e27e
1974-T.24;af18cc7a-fa8f-11e2-8e56-9f72c6160288;a295ef84-1c30-8031-9250-42c49028a783
1974-T.25;af18cc7a-fa8f-11e2-8e56-9f72c6160288;7bef1499-5ca4-d583-c045-e5764c02355f
1974-T.26;af18cc7a-fa8f-11e2-8e56-9f72c6160288;04b9427c-79f5-838c-4227-5465d3db9141
1974-T.27;af18cc7a-fa8f-11e2-8e56-9f72c6160288;7760ab68-200e-6a93-c926-3d194ccaa4f9
1974-T.28;af18cc7a-fa8f-11e2-8e56-9f72c6160288;1d26b29d-cffd-f505-70bf-9bd70921ba71
1974-T.29;af18cc7a-fa8f-11e2-8e56-9f72c6160288;5433d57b-3902-4059-8ad1-da02d48d2de0
1974-T.3;af18cc7a-fa8f-11e2-8e56-9f72c6160288;3422d9aa-1eb3-0153-03f8-5bb847711e7a
1974-T.30;af18cc7a-fa8f-11e2-8e56-9f72c6160288;2402f804-5e81-909b-8be0-5bfb1f55458a
1974-T.31;af18cc7a-fa8f-11e2-8e56-9f72c6160288;65b28e1a-1c4e-bf70-8289-9954f1a3af14
1974-T.32;af18cc7a-fa8f-11e2-8e56-9f72c6160288;f3840ed3-1650-78b5-03a5-885bd0061be1
1974-T.33;af18cc7a-fa8f-11e2-8e56-9f72c6160288;a42b3bbd-71d2-f575-e47b-ad98b9401644
1974-T.34;af18cc7a-fa8f-11e2-8e56-9f72c6160288;547741cf-8f48-291c-2e82-7612eddd2b6f
1974-T.35;af18cc7a-fa8f-11e2-8e56-9f72c6160288;e7db63ff-0c35-e642-f471-2a1b6ce6da33
1974-T.36;af18cc7a-fa8f-11e2-8e56-9f72c6160288;59b64dc4-5622-fe89-0236-5ffde0e92a84
1974-T.37;af18cc7a-fa8f-11e2-8e56-9f72c6160288;839f7188-be75-ffc0-339b-b843a2654605
1974-T.38;af18cc7a-fa8f-11e2-8e56-9f72c6160288;5d04cba8-80c9-3a7f-012c-996af1daa61d
1974-T.39;af18cc7a-fa8f-11e2-8e56-9f72c6160288;ac4836a4-6ed1-ae46-aef1-7415fe8146a5
1974-T.4;af18cc7a-fa8f-11e2-8e56-9f72c6160288;8cd5776d-f837-9532-9263-a24ce63c9c6d
1974-T.40;af18cc7a-fa8f-11e2-8e56-9f72c6160288;a8a7bfc3-6003-0738-8308-4159ecf554ce
1974-T.41;af18cc7a-fa8f-11e2-8e56-9f72c6160288;10cd9976-db1c-f57b-78b9-bcee245abf76
1974-T.42;af18cc7a-fa8f-11e2-8e56-9f72c6160288;a424f0dc-b5bf-1ddf-96ff-b8fb3f9044e1
1974-T.43;af18cc7a-fa8f-11e2-8e56-9f72c6160288;6b30d787-41d3-8cb0-353c-bb255e9faa64
1974-T.44;af18cc7a-fa8f-11e2-8e56-9f72c6160288;72f2eb13-4ed4-490c-5ef3-c99a3cf4664f
1974-T.45;af18cc7a-fa8f-11e2-8e56-9f72c6160288;c31175fc-f10c-3854-5e21-efecc5c86d21
1974-T.46;af18cc7a-fa8f-11e2-8e56-9f72c6160288;695eff4f-e9f2-c445-da32-46acd709c793
1974-T.47;af18cc7a-fa8f-11e2-8e56-9f72c6160288;a7926e80-5d6f-1c7e-78ea-b935d8547e61
1974-T.48;af18cc7a-fa8f-11e2-8e56-9f72c6160288;7b8e56e9-3a0b-1ef4-11de-08b463363fc2
1974-T.49;af18cc7a-fa8f-11e2-8e56-9f72c6160288;a3d49beb-a0b6-6897-7433-9c6ecee28235
1974-T.5;af18cc7a-fa8f-11e2-8e56-9f72c6160288;0bf254f5-41a1-14a9-3ef9-8481361ee037
1974-T.50;af18cc7a-fa8f-11e2-8e56-9f72c6160288;ddacf903-fb28-a15d-29ca-100a9069f798
1974-T.51;af18cc7a-fa8f-11e2-8e56-9f72c6160288;1ac99b1d-792c-680b-8605-f06aba93784d
1974-T.52;af18cc7a-fa8f-11e2-8e56-9f72c6160288;0632eda4-7a9b-1449-c141-3c53bb9376c7
1974-T.53;af18cc7a-fa8f-11e2-8e56-9f72c6160288;83b0c89a-dde6-a2aa-f323-77d58e26c320
1974-T.54;af18cc7a-fa8f-11e2-8e56-9f72c6160288;bbe53edf-4487-c481-dcb0-bf3bce8365db
1974-T.55;af18cc7a-fa8f-11e2-8e56-9f72c6160288;99abe060-aa41-cd29-76df-3d24c5659e84
1974-T.56;af18cc7a-fa8f-11e2-8e56-9f72c6160288;890bc08b-a73c-b6c1-a703-e303a9629f74
1974-T.57;af18cc7a-fa8f-11e2-8e56-9f72c6160288;a2b65782-f79f-e22f-babb-5e6623e61c9e
1974-T.58;af18cc7a-fa8f-11e2-8e56-9f72c6160288;850fbad5-a7df-89a5-6e14-8cdc4a8b0abe
1974-T.59;af18cc7a-fa8f-11e2-8e56-9f72c6160288;1c92501a-38b7-870a-b9d4-cb757dc2649f
1974-T.6;af18cc7a-fa8f-11e2-8e56-9f72c6160288;0ed388bf-8fe9-c67a-6fca-42fd6e1dc6ab
1974-T.60;af18cc7a-fa8f-11e2-8e56-9f72c6160288;291429e6-be6d-e46e-5767-225110d7220a
1974-T.61;af18cc7a-fa8f-11e2-8e56-9f72c6160288;b0db4918-ec41-6865-6386-979b4a7fdad8
1974-T.62;af18cc7a-fa8f-11e2-8e56-9f72c6160288;79397dea-7eb0-5e0b-baf8-252a8083ac5c
1974-T.63;af18cc7a-fa8f-11e2-8e56-9f72c6160288;963417f8-94dd-77d2-b85b-97cd1eb85efd
1974-T.64;af18cc7a-fa8f-11e2-8e56-9f72c6160288;2e259145-4dee-c935-1be8-2566f4e7824b
1974-T.65;af18cc7a-fa8f-11e2-8e56-9f72c6160288;6d908edd-a25f-c8c2-5c69-03a558edb560
1974-T.66;af18cc7a-fa8f-11e2-8e56-9f72c6160288;89c1b24e-44da-bb3e-d8b5-f6a643f8708d
1974-T.67;af18cc7a-fa8f-11e2-8e56-9f72c6160288;5fcfcf5e-4960-af2d-64d7-2a47989966dd
1974-T.68;af18cc7a-fa8f-11e2-8e56-9f72c6160288;b91cec5d-b217-eb5e-3b8a-7df8e2a1b873
1974-T.69;af18cc7a-fa8f-11e2-8e56-9f72c6160288;ae3e2d8a-7d40-11d4-3a60-104034033cd4
1974-T.7;af18cc7a-fa8f-11e2-8e56-9f72c6160288;bae6767e-3ce0-336a-7ef6-fca91e42bebe
1974-T.8;af18cc7a-fa8f-11e2-8e56-9f72c6160288;b2ea8665-57e5-59e9-6685-77469e5be21b
1974-T.9;af18cc7a-fa8f-11e2-8e56-9f72c6160288;4ca6f0e8-566a-24ee-31e1-51a90e3efce0
1975-T.1;af18cc7a-fa8f-11e2-8e56-9f72c6160288;100d2ff3-128e-4607-7a9d-82a43c7283b2
1975-T.10;af18cc7a-fa8f-11e2-8e56-9f72c6160288;3d11995a-f2fe-f5a8-05b5-d91430e23838
1975-T.11;af18cc7a-fa8f-11e2-8e56-9f72c6160288;82f9612f-233c-8ec8-f062-6b99569be77e
1975-T.12;af18cc7a-fa8f-11e2-8e56-9f72c6160288;26a9ed94-12e4-bb90-dfb9-d7d1dafc3a99
1975-T.13;af18cc7a-fa8f-11e2-8e56-9f72c6160288;71526c48-be82-9b00-fbbc-e4f98d3fbf53
1975-T.14;af18cc7a-fa8f-11e2-8e56-9f72c6160288;2ef8eeb0-fa02-12d1-8bb6-03147a499bac
1975-T.15;af18cc7a-fa8f-11e2-8e56-9f72c6160288;1c6ad509-6a60-224e-4ec2-dd9c3e1e71bc
1975-T.16;af18cc7a-fa8f-11e2-8e56-9f72c6160288;9f2decb1-f46e-d9c6-a13b-94a1fd3b610e
1975-T.17;af18cc7a-fa8f-11e2-8e56-9f72c6160288;f83c2aa7-cb59-669d-2163-e3460daa4fc6
1975-T.18;af18cc7a-fa8f-11e2-8e56-9f72c6160288;e0ee3542-9f31-ac99-de6c-4750551c8cb0
1975-T.19;af18cc7a-fa8f-11e2-8e56-9f72c6160288;fb53b87f-ccdf-a456-454d-652b67f05340
1975-T.2;af18cc7a-fa8f-11e2-8e56-9f72c6160288;620e33d1-aa31-61c9-81a0-e65e80ce44b1
1975-T.20;af18cc7a-fa8f-11e2-8e56-9f72c6160288;a113186a-9b6a-dbf7-8570-bf991329c2bc
1975-T.21;af18cc7a-fa8f-11e2-8e56-9f72c6160288;b736c811-688f-e406-8550-3f421f8540f5
1975-T.22;af18cc7a-fa8f-11e2-8e56-9f72c6160288;f0daad39-edfd-293f-c990-d3d4715d8fe7
1975-T.23;af18cc7a-fa8f-11e2-8e56-9f72c6160288;0be454f3-3ff6-c144-7311-75fcea876de1
1975-T.24;af18cc7a-fa8f-11e2-8e56-9f72c6160288;c307b1fe-dbd7-cb27-bf52-daf2e666bd4b
1975-T.25;af18cc7a-fa8f-11e2-8e56-9f72c6160288;98c59ef7-44b7-f7d3-586d-058a01921905
1975-T.26;af18cc7a-fa8f-11e2-8e56-9f72c6160288;95c78705-bb78-52b0-58d7-69d82fe06b49
1975-T.27;af18cc7a-fa8f-11e2-8e56-9f72c6160288;873eacb1-7d9d-f92a-fbaa-0cfd97d51390
1975-T.28;af18cc7a-fa8f-11e2-8e56-9f72c6160288;fba319b0-21a3-c629-175e-c57c03885a1c
1975-T.29;af18cc7a-fa8f-11e2-8e56-9f72c6160288;93de436f-d910-404f-b777-253a8c688703
1975-T.3;af18cc7a-fa8f-11e2-8e56-9f72c6160288;05d19879-35f5-935f-3e15-6d42cb0c6c8b
1975-T.30;af18cc7a-fa8f-11e2-8e56-9f72c6160288;9ba72a74-cc7c-6328-4a13-959bd4125a0a
1975-T.31;af18cc7a-fa8f-11e2-8e56-9f72c6160288;63d4cd86-d46e-85a9-cf74-22bc1330b380
1975-T.32;af18cc7a-fa8f-11e2-8e56-9f72c6160288;f6161016-839f-84e5-8c2d-144f7499fc83
1975-T.33;af18cc7a-fa8f-11e2-8e56-9f72c6160288;2917ce90-6b05-4eb9-51ba-871d832c852f
1975-T.34;af18cc7a-fa8f-11e2-8e56-9f72c6160288;471b510d-1b36-693c-96f0-042ad5d2c361
1975-T.35;af18cc7a-fa8f-11e2-8e56-9f72c6160288;af0db55c-78e0-3a61-92f6-4ae258de6090
1975-T.36;af18cc7a-fa8f-11e2-8e56-9f72c6160288;65e9eb70-949e-b2be-0a89-ffeb85455587
1975-T.37;af18cc7a-fa8f-11e2-8e56-9f72c6160288;87a66b51-35e3-2fd5-4e6c-bc5414343b95
1975-T.38;af18cc7a-fa8f-11e2-8e56-9f72c6160288;2ae53059-a2ac-52d7-bbbf-d7d005cb234a
1975-T.39;af18cc7a-fa8f-11e2-8e56-9f72c6160288;9b545c79-99d3-fc41-c5ca-4205b9b353f1
1975-T.4;af18cc7a-fa8f-11e2-8e56-9f72c6160288;070dc6bf-838a-a95c-d62c-0ab870fafb67
1975-T.40;af18cc7a-fa8f-11e2-8e56-9f72c6160288;84da41d1-c7bd-c527-e25d-24b72c2efcd6
1975-T.41;af18cc7a-fa8f-11e2-8e56-9f72c6160288;56115d7b-8023-a198-0ab4-c9909fff2699
1975-T.42;af18cc7a-fa8f-11e2-8e56-9f72c6160288;4998da1e-b7d1-cd96-b617-81242daa3b83
1975-T.43;af18cc7a-fa8f-11e2-8e56-9f72c6160288;f2f18775-1837-cd95-5458-cf5c849a4a5c
1975-T.44;af18cc7a-fa8f-11e2-8e56-9f72c6160288;e17f563e-10bb-113b-c741-99d7b4c6c17b
1975-T.5;af18cc7a-fa8f-11e2-8e56-9f72c6160288;7d2dbd19-d4b0-d8cc-f9af-73a86ee57eec
1975-T.6;af18cc7a-fa8f-11e2-8e56-9f72c6160288;f0102543-c9c2-585a-a605-c13ab563887e
1975-T.7;af18cc7a-fa8f-11e2-8e56-9f72c6160288;b9b05b8b-a0a6-e19e-59fc-46617d6e5adc
1975-T.8;af18cc7a-fa8f-11e2-8e56-9f72c6160288;0e2a4206-189a-14d0-4b5d-e919e4e8868a
1975-T.9;af18cc7a-fa8f-11e2-8e56-9f72c6160288;59c18035-845a-6e8f-21fd-f6c2053dbe23
1976-A.574;af18cc7a-fa8f-11e2-8e56-9f72c6160288;07a8170b-e282-a69d-2e64-4295fb1e74e1
1976-T.1;af18cc7a-fa8f-11e2-8e56-9f72c6160288;41353d05-ef19-4681-99f4-e29821a205c1
1976-T.10;af18cc7a-fa8f-11e2-8e56-9f72c6160288;ab03c9b3-b16b-46d0-cef1-dc0a5745368d
1976-T.11;af18cc7a-fa8f-11e2-8e56-9f72c6160288;b0e6143d-b95d-86ed-77c7-376f123d0abe
1976-T.12;af18cc7a-fa8f-11e2-8e56-9f72c6160288;3866a54d-672a-5314-7d53-b6da25ba9176
1976-T.13;af18cc7a-fa8f-11e2-8e56-9f72c6160288;a709eb46-b0ef-d40e-a0e5-e2e95caf2126
1976-T.14;af18cc7a-fa8f-11e2-8e56-9f72c6160288;63b2de55-f542-8b95-0421-482ff3f77063
1976-T.15;af18cc7a-fa8f-11e2-8e56-9f72c6160288;24ec4db4-d965-ff2d-e792-587c664ab2e6
1976-T.16;af18cc7a-fa8f-11e2-8e56-9f72c6160288;45131443-478f-8f73-f349-e10b76814c30
1976-T.17;af18cc7a-fa8f-11e2-8e56-9f72c6160288;b67cb5eb-4b1f-442b-e409-a0a19d1d9e01
1976-T.18;af18cc7a-fa8f-11e2-8e56-9f72c6160288;50e0df47-7fc2-0455-9b32-3102f97ae262
1976-T.19;af18cc7a-fa8f-11e2-8e56-9f72c6160288;bad6de5b-9846-a635-cbfb-3b16317493f5
1976-T.2;af18cc7a-fa8f-11e2-8e56-9f72c6160288;b61e86d4-a5ef-12e2-35e5-8010d7e713cf
1976-T.20;af18cc7a-fa8f-11e2-8e56-9f72c6160288;034f666f-624c-a5a0-bc11-5b9ffe4ba127
1976-T.21;af18cc7a-fa8f-11e2-8e56-9f72c6160288;6e6302d0-5c98-29d6-e2ed-506d7caf3996
1976-T.22;af18cc7a-fa8f-11e2-8e56-9f72c6160288;e8f20922-6f52-b0d9-7834-ee75a0f09663
1976-T.23;af18cc7a-fa8f-11e2-8e56-9f72c6160288;3d77be83-de03-897f-c876-d28f652d92f9
1976-T.24;af18cc7a-fa8f-11e2-8e56-9f72c6160288;97f6d27b-f761-204f-2307-308ce9f67259
1976-T.25;af18cc7a-fa8f-11e2-8e56-9f72c6160288;ad78f98d-5bee-9fc1-5554-ff0458b8cef4
1976-T.26;af18cc7a-fa8f-11e2-8e56-9f72c6160288;a5327d51-79b5-2174-2480-9f78d6a4777b
1976-T.27;af18cc7a-fa8f-11e2-8e56-9f72c6160288;6797ce45-ff80-5fa0-c38e-505ef60301f3
1976-T.28;af18cc7a-fa8f-11e2-8e56-9f72c6160288;9fd386d4-8a39-213a-fcaa-6b3ff13df4ad
1976-T.29;af18cc7a-fa8f-11e2-8e56-9f72c6160288;8655c8c9-2125-d38e-8e4c-137fbde8c871
1976-T.3;af18cc7a-fa8f-11e2-8e56-9f72c6160288;611d1630-f793-3f7c-9131-71e260889cb5
1976-T.30;af18cc7a-fa8f-11e2-8e56-9f72c6160288;eb292feb-3a3a-148c-6543-bda966b15e1a
1976-T.31;af18cc7a-fa8f-11e2-8e56-9f72c6160288;ecaa2170-acd0-a2cc-c134-e32bd0fb8f89
1976-T.32;af18cc7a-fa8f-11e2-8e56-9f72c6160288;baad089e-3779-f3f6-8c27-6fecd179fe3d
1976-T.33;af18cc7a-fa8f-11e2-8e56-9f72c6160288;f4e6614d-45da-4344-6428-3606ed7c5504
1976-T.34;af18cc7a-fa8f-11e2-8e56-9f72c6160288;e41297d9-b7e3-5441-420e-8cb1fac5e37d
1976-T.35;af18cc7a-fa8f-11e2-8e56-9f72c6160288;a9be3c0d-a143-d1bf-460d-cb89a022c314
1976-T.36;af18cc7a-fa8f-11e2-8e56-9f72c6160288;f4f349ef-08b4-df82-1086-e26f20bc4f4b
1976-T.37;af18cc7a-fa8f-11e2-8e56-9f72c6160288;2776df98-d5ec-fffc-43ba-2f1477d02f83
1976-T.38;af18cc7a-fa8f-11e2-8e56-9f72c6160288;599be77c-834f-e8d5-c7cd-f94bf2df269f
1976-T.39;af18cc7a-fa8f-11e2-8e56-9f72c6160288;06abbd7f-92d4-d166-a279-b9187df73d50
1976-T.4;af18cc7a-fa8f-11e2-8e56-9f72c6160288;4a72f878-7421-139a-65ba-a434d046fa7a
1976-T.40;af18cc7a-fa8f-11e2-8e56-9f72c6160288;4bd3e2f9-22ae-e14a-1c69-48603a6add41
1976-T.41;af18cc7a-fa8f-11e2-8e56-9f72c6160288;17923a96-a013-53b4-8c90-23861da96736
1976-T.5;af18cc7a-fa8f-11e2-8e56-9f72c6160288;ef7aa21a-6d34-d585-5406-0186cd4030d8
1976-T.6;af18cc7a-fa8f-11e2-8e56-9f72c6160288;53efb7a8-1e5e-743c-2260-5f01957d832f
1976-T.7;af18cc7a-fa8f-11e2-8e56-9f72c6160288;e1d9786d-5fe9-ba6e-0958-092dee4fcb31
1976-T.8;af18cc7a-fa8f-11e2-8e56-9f72c6160288;51d28754-5df4-ac49-71ab-b1b1ac8fa658
1976-T.9;af18cc7a-fa8f-11e2-8e56-9f72c6160288;ca0d0592-6fa3-a797-c0d6-5e981346cd19
1977-T.1;af18cc7a-fa8f-11e2-8e56-9f72c6160288;7614e437-74a3-ff7d-db43-ed1439e4b1e9
1977-T.10;af18cc7a-fa8f-11e2-8e56-9f72c6160288;7545c88d-27cb-495d-3442-ad7e5e11573a
1977-T.11;af18cc7a-fa8f-11e2-8e56-9f72c6160288;d2090e6c-4eea-5363-2cc1-93308f1551d5
1977-T.12;af18cc7a-fa8f-11e2-8e56-9f72c6160288;c16d5d73-5ffb-c2b5-6cfa-4b0d379ced01
1977-T.13;af18cc7a-fa8f-11e2-8e56-9f72c6160288;506276f7-de26-005e-90d1-80d5797564b3
1977-T.14;af18cc7a-fa8f-11e2-8e56-9f72c6160288;7c70b9f8-8f84-841e-37f7-b9c8d91f296f
1977-T.15;af18cc7a-fa8f-11e2-8e56-9f72c6160288;c672bfae-bada-15b8-5e31-747ce5bdac3d
1977-T.16;af18cc7a-fa8f-11e2-8e56-9f72c6160288;6fba0c6c-a0fb-47d9-d132-933eeef379e4
1977-T.17;af18cc7a-fa8f-11e2-8e56-9f72c6160288;fcbaf437-31be-6685-ad2d-92ff57e10186
1977-T.18;af18cc7a-fa8f-11e2-8e56-9f72c6160288;6e35e13b-d980-34b7-528c-a814034e5380
1977-T.19;af18cc7a-fa8f-11e2-8e56-9f72c6160288;1358bd4c-1a25-9db3-7e7e-a2c29443175b
1977-T.2;af18cc7a-fa8f-11e2-8e56-9f72c6160288;0484d5ea-677f-3d2d-4f3b-87b884da0d6b
1977-T.20;af18cc7a-fa8f-11e2-8e56-9f72c6160288;cd0a9d9b-12dc-67c4-c1db-b0bfa2b26f3e
1977-T.21;af18cc7a-fa8f-11e2-8e56-9f72c6160288;95c33038-9df9-dd2c-bab4-67fcfaba6180
1977-T.22;af18cc7a-fa8f-11e2-8e56-9f72c6160288;932e2c7e-5184-9fb1-75b2-e64618c4d062
1977-T.23;af18cc7a-fa8f-11e2-8e56-9f72c6160288;e21e5d11-3400-139f-60dd-4f06c29ecd6d
1977-T.24;af18cc7a-fa8f-11e2-8e56-9f72c6160288;581a8520-b3b7-0a28-dc45-a295b2cd2ec1
1977-T.25;af18cc7a-fa8f-11e2-8e56-9f72c6160288;63c761c6-64e0-5c8f-8a51-62b51a9af5b0
1977-T.26;af18cc7a-fa8f-11e2-8e56-9f72c6160288;38510dc8-3832-1727-8aad-79691ed4aeb9
1977-T.27;af18cc7a-fa8f-11e2-8e56-9f72c6160288;e392bbf8-57f9-f075-a2c2-15b327aacb8a
1977-T.28;af18cc7a-fa8f-11e2-8e56-9f72c6160288;f5c577eb-cc44-2f04-3707-68a0b65e3e98
1977-T.29;af18cc7a-fa8f-11e2-8e56-9f72c6160288;3fcbf3da-4271-74c0-efec-2646f39e09fc
1977-T.3;af18cc7a-fa8f-11e2-8e56-9f72c6160288;935820b2-775a-dc9d-d5e8-f5aaa55230fb
1977-T.30;af18cc7a-fa8f-11e2-8e56-9f72c6160288;b6b6e085-8ae4-b45d-4ade-7cae02de5b45
1977-T.31;af18cc7a-fa8f-11e2-8e56-9f72c6160288;f816af4e-7d2b-d853-9762-229c9c5fc9e8
1977-T.32;af18cc7a-fa8f-11e2-8e56-9f72c6160288;3d1a75d1-e6ae-4714-e682-b6cfffd6b0d4
1977-T.33;af18cc7a-fa8f-11e2-8e56-9f72c6160288;4c8c3099-0860-bd62-948e-d908583f4e51
1977-T.34;af18cc7a-fa8f-11e2-8e56-9f72c6160288;583994b1-8bb3-c544-c851-be2f07267f9e
1977-T.35;af18cc7a-fa8f-11e2-8e56-9f72c6160288;1a8bb69f-9dc1-7fd1-4f73-8a545c3e1918
1977-T.36;af18cc7a-fa8f-11e2-8e56-9f72c6160288;096f4292-30c6-423c-30a6-006f1e133356
1977-T.37;af18cc7a-fa8f-11e2-8e56-9f72c6160288;9a60cc1a-c9c0-b6a0-dce6-c676e01678f6
1977-T.38;af18cc7a-fa8f-11e2-8e56-9f72c6160288;7ed66862-0bef-848b-4506-81e89b5cf72b
1977-T.39;af18cc7a-fa8f-11e2-8e56-9f72c6160288;6c529a8d-6739-272c-a421-eb5fe706802a
1977-T.4;af18cc7a-fa8f-11e2-8e56-9f72c6160288;2a70c6b2-6926-4f87-1f8b-68f239e0773d
1977-T.40;af18cc7a-fa8f-11e2-8e56-9f72c6160288;76dad9aa-e48d-ed5e-7966-763415d22722
1977-T.41;af18cc7a-fa8f-11e2-8e56-9f72c6160288;75a88150-31d8-2158-76cb-9b25439be5f2
1977-T.42;af18cc7a-fa8f-11e2-8e56-9f72c6160288;3108de31-9bdc-99cb-9147-c074bfd6d320
1977-T.43;af18cc7a-fa8f-11e2-8e56-9f72c6160288;469c1a53-391d-add0-e2ab-359ed0130da2
1977-T.44;af18cc7a-fa8f-11e2-8e56-9f72c6160288;67ef4db7-5a85-0e24-dd7b-f9ba76188493
1977-T.45;af18cc7a-fa8f-11e2-8e56-9f72c6160288;e54f160b-a47a-0cf7-af38-0c062f15cdb0
1977-T.46;af18cc7a-fa8f-11e2-8e56-9f72c6160288;6d1e3259-e924-cc68-34ef-b7c93afac3c0
1977-T.47;af18cc7a-fa8f-11e2-8e56-9f72c6160288;16d2923e-9c78-5b3f-df5d-2db25e8bce84
1977-T.48;af18cc7a-fa8f-11e2-8e56-9f72c6160288;8920e840-7418-9652-ae64-87b0f34cd7b5
1977-T.49;af18cc7a-fa8f-11e2-8e56-9f72c6160288;
1977-T.5;af18cc7a-fa8f-11e2-8e56-9f72c6160288;84b99ac9-2dba-d8cb-0145-5a12e7a37d82
1977-T.50;af18cc7a-fa8f-11e2-8e56-9f72c6160288;0d946185-a2db-4b1d-6a38-9a3fc828a21b
1977-T.51;af18cc7a-fa8f-11e2-8e56-9f72c6160288;e13743f2-f946-07a3-f329-3d2506e57f07
1977-T.52;af18cc7a-fa8f-11e2-8e56-9f72c6160288;629dd6cc-e4dd-b6f4-cf78-cc2513154904
1977-T.53;af18cc7a-fa8f-11e2-8e56-9f72c6160288;8b2468de-da50-95f8-e5c8-c4ce6b40d45c
1977-T.54;af18cc7a-fa8f-11e2-8e56-9f72c6160288;bfcea25f-ad1d-31c2-7db7-7b606a69b4e3
1977-T.55;af18cc7a-fa8f-11e2-8e56-9f72c6160288;8a4b6b90-a555-de1e-b3af-5e1e95610cd6
1977-T.56;af18cc7a-fa8f-11e2-8e56-9f72c6160288;8194bc8e-af38-bcc0-083a-014aa78dd42b
1977-T.57;af18cc7a-fa8f-11e2-8e56-9f72c6160288;77a56d4f-2a21-adcc-6f6b-f589500e4a5d
1977-T.58;af18cc7a-fa8f-11e2-8e56-9f72c6160288;ac1922a3-21f7-be02-a99a-d71c7a44981a
1977-T.59;af18cc7a-fa8f-11e2-8e56-9f72c6160288;81f1924a-8edb-48d4-45d4-4ac299177f10
1977-T.6;af18cc7a-fa8f-11e2-8e56-9f72c6160288;3bf78201-a700-dbbd-72f1-f3efa5047eb9
1977-T.60;af18cc7a-fa8f-11e2-8e56-9f72c6160288;322b9ce7-bdcb-31d0-995c-5d201752ebb6
1977-T.61;af18cc7a-fa8f-11e2-8e56-9f72c6160288;14b0b3fe-d126-bd7b-d5a8-0a8fb44d63a5
1977-T.62;af18cc7a-fa8f-11e2-8e56-9f72c6160288;8edcae65-4c91-74f1-b223-02288be6d84e
1977-T.63;af18cc7a-fa8f-11e2-8e56-9f72c6160288;53e22e95-c18f-e1b6-6780-4649a7bdd611
1977-T.64;af18cc7a-fa8f-11e2-8e56-9f72c6160288;1babeeab-2896-e0b4-b96d-7fd1bbdfea2e
1977-T.65;af18cc7a-fa8f-11e2-8e56-9f72c6160288;51c77ae2-890f-5742-e6f0-5c138974b3b1
1977-T.66;af18cc7a-fa8f-11e2-8e56-9f72c6160288;f3c011b5-031f-ba0a-f2dc-23b54bed71b4
1977-T.67;af18cc7a-fa8f-11e2-8e56-9f72c6160288;c038203e-ca2d-e0d7-75c5-f8cae043209c
1977-T.68;af18cc7a-fa8f-11e2-8e56-9f72c6160288;ccdb70a8-c41a-04b0-a1ff-3254e17f7af5
1977-T.69;af18cc7a-fa8f-11e2-8e56-9f72c6160288;43361cbd-14a2-e63f-491b-75b133d8c84b
1977-T.7;af18cc7a-fa8f-11e2-8e56-9f72c6160288;815cd8fd-f610-32fc-494d-91f12061b242
1977-T.70;af18cc7a-fa8f-11e2-8e56-9f72c6160288;31f13d10-6c1e-e8fd-dbf7-0e4d755f3b6b
1977-T.8;af18cc7a-fa8f-11e2-8e56-9f72c6160288;778eeb42-33aa-1c33-052b-c4eb449c58c8
6534(50);af18cc7a-fa8f-11e2-8e56-9f72c6160288;3b66ec25-6996-3f61-92e6-76009d403a2a
6534(51);af18cc7a-fa8f-11e2-8e56-9f72c6160288;d486ec2d-698f-f986-04ac-208e58986ac3
6534(52);af18cc7a-fa8f-11e2-8e56-9f72c6160288;49f4a14b-2d29-92d4-8ddd-46384a2a53db
6534(53);af18cc7a-fa8f-11e2-8e56-9f72c6160288;638578d8-9bbf-6ae2-07f4-4e497983ca26
6534(54);af18cc7a-fa8f-11e2-8e56-9f72c6160288;d66a6f82-70a4-c02d-5cf7-f8cf295c750e
6534(55);af18cc7a-fa8f-11e2-8e56-9f72c6160288;f805858b-49bb-5a36-b280-3d78e7418a23
6534(56);af18cc7a-fa8f-11e2-8e56-9f72c6160288;9b750fc9-3f82-3a3e-eccf-f7435f9aecf2
6534(57);af18cc7a-fa8f-11e2-8e56-9f72c6160288;e2077a8d-39b4-7577-7b7d-1f55114104bf
6534(58);af18cc7a-fa8f-11e2-8e56-9f72c6160288;e3d41cd6-5cb7-77d6-a963-2bb4fc76968e
6534(59);af18cc7a-fa8f-11e2-8e56-9f72c6160288;3c4b85fd-decf-a4ac-9b2a-6361607f1f77
6534(6);af18cc7a-fa8f-11e2-8e56-9f72c6160288;7d76f09a-086f-76ab-9755-58187817d3b1
6534(60);af18cc7a-fa8f-11e2-8e56-9f72c6160288;927ecd7a-8725-8a26-a675-7d4f66574060
6534(61);af18cc7a-fa8f-11e2-8e56-9f72c6160288;c239b8a3-2a05-2d18-dd30-940447a048b4
6534(62);af18cc7a-fa8f-11e2-8e56-9f72c6160288;0fed54f6-527e-f8c4-4861-c10ccd199a8c
6534(63);af18cc7a-fa8f-11e2-8e56-9f72c6160288;e4fb78f1-873b-bc4e-7203-f07c4f45f9c2
6534(64);af18cc7a-fa8f-11e2-8e56-9f72c6160288;bf3acdcf-3acf-cbc6-fdfd-79745a7b06d3
6534(65);af18cc7a-fa8f-11e2-8e56-9f72c6160288;f566e89b-d1e0-5b95-44bc-9be3a98c8e73
6534(66);af18cc7a-fa8f-11e2-8e56-9f72c6160288;c37437ac-74df-5dac-ca73-34130b77a4cd
6534(67);af18cc7a-fa8f-11e2-8e56-9f72c6160288;bfd88c8c-0a64-8111-e415-d6d96c519190
6534(68);af18cc7a-fa8f-11e2-8e56-9f72c6160288;968674ee-8556-1bed-ff9c-d05c9d89c56e
6534(69);af18cc7a-fa8f-11e2-8e56-9f72c6160288;2e8be8e5-0b52-b3cf-53ff-1eb0e06f412a
6534(7);af18cc7a-fa8f-11e2-8e56-9f72c6160288;61763b3b-0f21-ca67-29bd-43d19b011790
6534(70);af18cc7a-fa8f-11e2-8e56-9f72c6160288;f7f0ddae-2758-e478-651f-6d6e936ae1d2
6534(71);af18cc7a-fa8f-11e2-8e56-9f72c6160288;88950f44-a10a-363a-f0ef-04afc8bc09ad
6534(8);af18cc7a-fa8f-11e2-8e56-9f72c6160288;9e045e36-594f-c0b5-f111-df34fa453fc2
6534(9);af18cc7a-fa8f-11e2-8e56-9f72c6160288;76248888-fdd0-0837-0cec-6d8fdcf94c02
6537;af18cc7a-fa8f-11e2-8e56-9f72c6160288;39a239da-c4b1-6781-8332-773502915a36
6538;af18cc7a-fa8f-11e2-8e56-9f72c6160288;7b5c4c6f-2397-f4ba-e8fa-1ef77970f37b
6539;af18cc7a-fa8f-11e2-8e56-9f72c6160288;98e531d5-5c8d-09c2-b55f-ae75432aac22
6540;af18cc7a-fa8f-11e2-8e56-9f72c6160288;66be5e59-964b-aac7-571f-de920c8a5ddf
6542;af18cc7a-fa8f-11e2-8e56-9f72c6160288;33b6c868-b493-433a-547b-ee35b549136b
6543;af18cc7a-fa8f-11e2-8e56-9f72c6160288;8c740f4f-fdda-6e9a-b4ce-a6ea14ade7ea
6544;af18cc7a-fa8f-11e2-8e56-9f72c6160288;d6f6ca60-14dc-301e-0184-00b1d77b0b25
6545;af18cc7a-fa8f-11e2-8e56-9f72c6160288;a833df49-33ff-9abc-172a-54249965aa85
6559;af18cc7a-fa8f-11e2-8e56-9f72c6160288;e769de83-4dad-33d5-4c4e-487464063db7
6560;af18cc7a-fa8f-11e2-8e56-9f72c6160288;6ec88c52-455e-0c0d-ed6c-902afe78c9c7
6560(1);af18cc7a-fa8f-11e2-8e56-9f72c6160288;2d78feb2-0c50-3214-4aa3-5142b7525c6e
6560(10);af18cc7a-fa8f-11e2-8e56-9f72c6160288;81f75613-a34b-7abc-2507-cf47ad7f00ae
6560(11);af18cc7a-fa8f-11e2-8e56-9f72c6160288;7097a50d-f786-2de6-af46-c779f78b56f4
6560(12);af18cc7a-fa8f-11e2-8e56-9f72c6160288;6164a00d-c951-9f1e-de92-1c53a0f8c4ae
6560(13);af18cc7a-fa8f-11e2-8e56-9f72c6160288;27e8243a-6fa9-4cd7-ba61-77e219762b2a
6560(14A);af18cc7a-fa8f-11e2-8e56-9f72c6160288;8809955f-c359-7149-ce65-575ed1545890
6560(14B);af18cc7a-fa8f-11e2-8e56-9f72c6160288;788ddcca-8ed7-75bb-6db6-7c8bda597e5a
6560(15A);af18cc7a-fa8f-11e2-8e56-9f72c6160288;ffac6aa0-4cff-9abe-ab0e-2787e9aa3c7f
6560(15B);af18cc7a-fa8f-11e2-8e56-9f72c6160288;547313ec-5bff-ed42-74d7-cd26d8557f35
6560(16);af18cc7a-fa8f-11e2-8e56-9f72c6160288;3aa806e6-086a-ab41-f48b-670c09486e4e
6560(2);af18cc7a-fa8f-11e2-8e56-9f72c6160288;733c2f6a-3255-3124-e3e0-9ca69aefb931
6560(3);af18cc7a-fa8f-11e2-8e56-9f72c6160288;2a6313f4-5a97-b453-444e-06b3bd98eef9
6560(4);af18cc7a-fa8f-11e2-8e56-9f72c6160288;af1ea0d1-26f8-0988-1fc9-9f3a7f18cd10
6560(5);af18cc7a-fa8f-11e2-8e56-9f72c6160288;d61413ca-34d6-3b04-c2d3-abb33e38cf0d
6560(6);af18cc7a-fa8f-11e2-8e56-9f72c6160288;cae2832a-a15f-8768-9c8f-346cf6dcccab
6560(7);af18cc7a-fa8f-11e2-8e56-9f72c6160288;a4dc3d0a-c9f0-0c6c-5be0-85cf53b96fa7
6560(8);af18cc7a-fa8f-11e2-8e56-9f72c6160288;dbf7a5f0-15c1-bb1f-944e-b3acd75b56b1
6560(9);af18cc7a-fa8f-11e2-8e56-9f72c6160288;12484583-e223-aff6-b7e4-a4bd7e7dc24c
6567;af18cc7a-fa8f-11e2-8e56-9f72c6160288;627d4192-0bd9-a030-b920-d084cfabb30a
6570;af18cc7a-fa8f-11e2-8e56-9f72c6160288;c1a7b64a-a00d-8259-b950-dd6f7762dd5c
6582;af18cc7a-fa8f-11e2-8e56-9f72c6160288;3dada17c-cd27-33bc-4df4-d5d0f88e0f3c
6583;af18cc7a-fa8f-11e2-8e56-9f72c6160288;324c4fc6-79ed-5774-1ef5-e1cd8efeb506
6584;af18cc7a-fa8f-11e2-8e56-9f72c6160288;69a31269-14b3-a669-0eb1-c504c6dea5d9
6586;af18cc7a-fa8f-11e2-8e56-9f72c6160288;8528942e-bba3-dc6b-5f20-03194a5df7fc
6590;af18cc7a-fa8f-11e2-8e56-9f72c6160288;53bca9f0-d589-9367-37a4-4089e1d26558
6591;af18cc7a-fa8f-11e2-8e56-9f72c6160288;acd0a310-558b-a557-bfa4-c1365adf139a
6592;af18cc7a-fa8f-11e2-8e56-9f72c6160288;9f6c9714-42a6-8c32-f3b1-1a60f8b14d88
6594;af18cc7a-fa8f-11e2-8e56-9f72c6160288;06de2bb9-5913-d5fd-e726-4272785785ab
6595;af18cc7a-fa8f-11e2-8e56-9f72c6160288;918ad599-39e6-6995-e30a-755542902447
6596;af18cc7a-fa8f-11e2-8e56-9f72c6160288;fd15fc2b-b7f4-efef-7828-3cad338e45b7
6599;af18cc7a-fa8f-11e2-8e56-9f72c6160288;5c18f32f-f707-f804-0289-5a7054af4510
6612;af18cc7a-fa8f-11e2-8e56-9f72c6160288;7f55982e-3ccb-c624-25e7-f9eeaca450f8
6617;af18cc7a-fa8f-11e2-8e56-9f72c6160288;e090719c-df8f-b983-fb97-3f730502ee51
6618;af18cc7a-fa8f-11e2-8e56-9f72c6160288;3a5f2930-dfa5-90cc-ca5f-6efb9dcaba12
6629;af18cc7a-fa8f-11e2-8e56-9f72c6160288;e7ce731e-c008-cabd-9d65-caad31452e74
6630;af18cc7a-fa8f-11e2-8e56-9f72c6160288;1a1c6ddd-a8f1-d24d-ca65-e9ace3f10139
6632;af18cc7a-fa8f-11e2-8e56-9f72c6160288;77400568-021b-93ca-1bda-e22bf858a68e
6633;af18cc7a-fa8f-11e2-8e56-9f72c6160288;732b1db2-efd5-a1e6-53ec-07eb84d80ab8
6634;af18cc7a-fa8f-11e2-8e56-9f72c6160288;1fa76e37-8f77-28e9-6649-b916cd42f3d6
6635;af18cc7a-fa8f-11e2-8e56-9f72c6160288;8158c583-8c91-3082-a421-886b7e258098
6636;af18cc7a-fa8f-11e2-8e56-9f72c6160288;2435e080-47f6-d7a0-39a6-8bc6bf11663b
6637;af18cc7a-fa8f-11e2-8e56-9f72c6160288;5e8ea679-e3de-b3a1-cba8-a99c9b7c9118
6638;af18cc7a-fa8f-11e2-8e56-9f72c6160288;c8eff3df-ff31-baef-c871-8e979d2551eb
6639;af18cc7a-fa8f-11e2-8e56-9f72c6160288;9fc9e309-f53b-1f61-26e9-90e56b58df24
6640;af18cc7a-fa8f-11e2-8e56-9f72c6160288;0a5ce0ec-318f-c595-b7ce-6897e7816159
6641;af18cc7a-fa8f-11e2-8e56-9f72c6160288;ec9e0c69-4cbe-a8c7-d0a3-249ae7714a32
6666;af18cc7a-fa8f-11e2-8e56-9f72c6160288;f3b96953-1dbe-4044-cc8d-c6049d00eafc
6667;af18cc7a-fa8f-11e2-8e56-9f72c6160288;41c0f053-3859-9034-1704-e9527f0461ff
6688;af18cc7a-fa8f-11e2-8e56-9f72c6160288;27875077-2a84-c229-f01d-5156df6f5652
6691;af18cc7a-fa8f-11e2-8e56-9f72c6160288;94a930f5-d341-eeaf-ae78-0526367d2e90
6692;af18cc7a-fa8f-11e2-8e56-9f72c6160288;9a640399-b867-55c4-ff15-c72d2a3bae41
6693;af18cc7a-fa8f-11e2-8e56-9f72c6160288;6978f0a3-e934-2d3f-0c39-6f0ece4026cd
6694;af18cc7a-fa8f-11e2-8e56-9f72c6160288;bf5e9e2c-02f8-5798-5d10-41ffedb2c967
6695;af18cc7a-fa8f-11e2-8e56-9f72c6160288;461ff925-5c2b-9704-905c-58785d42a26f
6696;af18cc7a-fa8f-11e2-8e56-9f72c6160288;de2efc35-853b-9b88-f377-bfa9e255f167
6697;af18cc7a-fa8f-11e2-8e56-9f72c6160288;64decb84-f18e-0b5b-b455-5d8a129c5766
6698;af18cc7a-fa8f-11e2-8e56-9f72c6160288;11169a6a-39dc-f68d-57fe-78146facab2e
6699;af18cc7a-fa8f-11e2-8e56-9f72c6160288;05acc084-fdf6-59b3-50a5-7e716190cc4f
6703;af18cc7a-fa8f-11e2-8e56-9f72c6160288;a6a10f5a-80d2-001d-de57-ee4a46f09a2d
6705;af18cc7a-fa8f-11e2-8e56-9f72c6160288;69fb0da4-04e8-ed71-4801-c7cf04a58429
6713;af18cc7a-fa8f-11e2-8e56-9f72c6160288;e57ff704-8305-7250-5b43-961f39de4e37
6714;af18cc7a-fa8f-11e2-8e56-9f72c6160288;40b89eaa-91fb-21f7-9f46-d14fd09467fb
6715;af18cc7a-fa8f-11e2-8e56-9f72c6160288;71ca1ed6-821f-2274-69d9-59a2bd37c294
6733;af18cc7a-fa8f-11e2-8e56-9f72c6160288;e908bbee-f59f-be3d-bb9b-d67ce84681cd
6734;af18cc7a-fa8f-11e2-8e56-9f72c6160288;aa9bbe53-bcb4-84ab-caf7-5564dd5ee284
6735;af18cc7a-fa8f-11e2-8e56-9f72c6160288;04a94a2d-e5a1-fd53-f8da-e8c60009d425
6736;af18cc7a-fa8f-11e2-8e56-9f72c6160288;48e277ff-2219-2038-e43d-03fea4aaab76
6743;af18cc7a-fa8f-11e2-8e56-9f72c6160288;4544e514-6f07-0321-ed42-7eef2e0905e6
6744;af18cc7a-fa8f-11e2-8e56-9f72c6160288;09f98c10-3a98-9006-5319-6456f521fbef
6745;af18cc7a-fa8f-11e2-8e56-9f72c6160288;8a151d5c-f8a8-c5bf-488f-b6412bf1a129
6746;af18cc7a-fa8f-11e2-8e56-9f72c6160288;b06cacf6-47fc-9764-489a-641f3c754811
6747;af18cc7a-fa8f-11e2-8e56-9f72c6160288;07ee678c-2f08-a745-ff23-399fbf499547
6748;af18cc7a-fa8f-11e2-8e56-9f72c6160288;793ade92-5ef6-e2f5-7708-b38f2ba020f5
6749;af18cc7a-fa8f-11e2-8e56-9f72c6160288;e79e126b-29f2-1117-3eca-c3e4032022cf
6750;af18cc7a-fa8f-11e2-8e56-9f72c6160288;fbde4497-4741-ede4-2cef-fc53f98b7e5b
6771;af18cc7a-fa8f-11e2-8e56-9f72c6160288;e1936d88-30d0-5b60-9732-d9b27c16d6d4
6772;af18cc7a-fa8f-11e2-8e56-9f72c6160288;f54721f9-15e7-6682-a833-f2673c791bb5
6773;af18cc7a-fa8f-11e2-8e56-9f72c6160288;37af34d3-dfc4-54a2-f7bd-842089db4147
6774;af18cc7a-fa8f-11e2-8e56-9f72c6160288;e22571fd-2722-ce0f-93fa-29d294b7f247
6775;af18cc7a-fa8f-11e2-8e56-9f72c6160288;65b90c55-495e-2bc5-24e2-aa4f6f379dc4
6776;af18cc7a-fa8f-11e2-8e56-9f72c6160288;26d4a19b-12f0-eeea-e505-732606f47216
6778;af18cc7a-fa8f-11e2-8e56-9f72c6160288;a0a21363-d4f8-b411-a002-c3efbec481d7
6792;af18cc7a-fa8f-11e2-8e56-9f72c6160288;8721bed6-8226-9fb9-d3f7-912c6c8d559c
6793;af18cc7a-fa8f-11e2-8e56-9f72c6160288;1d5c0d03-bada-90c6-ed36-acc02a5be4a2
6794;af18cc7a-fa8f-11e2-8e56-9f72c6160288;577017b9-c946-0875-477c-3ad1c5db372d
6801;af18cc7a-fa8f-11e2-8e56-9f72c6160288;6d4a55e3-1c9a-0c55-0e91-b38df47623b6
6802;af18cc7a-fa8f-11e2-8e56-9f72c6160288;1c17e3d8-4160-0e45-50d6-01fe8d4eaea7
6809;af18cc7a-fa8f-11e2-8e56-9f72c6160288;2ad87788-80f1-bf19-c5b4-0cc8d8a6aea0
6812;af18cc7a-fa8f-11e2-8e56-9f72c6160288;76f6344a-5be8-33ec-97b9-58da9f9d0112
6814;af18cc7a-fa8f-11e2-8e56-9f72c6160288;2055601e-f1c9-0e0f-b107-e7b4f0c97023
6820;af18cc7a-fa8f-11e2-8e56-9f72c6160288;0a9f318a-f4a5-e834-35b8-54f91abb2e8c
6821;af18cc7a-fa8f-11e2-8e56-9f72c6160288;d4c283d7-9dbc-d9a9-8d19-97d400a5fa98
6839;af18cc7a-fa8f-11e2-8e56-9f72c6160288;1995d597-1582-11df-227c-a5450bacb2d3
6840;af18cc7a-fa8f-11e2-8e56-9f72c6160288;58e21094-a53c-fc2d-4fe4-83fd5fcb594f
6841;af18cc7a-fa8f-11e2-8e56-9f72c6160288;cd9ed2fc-1c3d-6695-8456-7e222462766b
6842;af18cc7a-fa8f-11e2-8e56-9f72c6160288;c6651d4d-d0d0-d253-0fba-ef0a197d1078
6844;af18cc7a-fa8f-11e2-8e56-9f72c6160288;f6f20cca-ae3d-bc0a-a9c5-37872b5aa372
6845;af18cc7a-fa8f-11e2-8e56-9f72c6160288;fd7c4f02-f69e-fcd6-33a0-de429dd69ac2
6854A;af18cc7a-fa8f-11e2-8e56-9f72c6160288;dae9bf8f-fc92-b78a-6d2f-a24e0fba3d18
6854B;af18cc7a-fa8f-11e2-8e56-9f72c6160288;c183cb90-d58f-6338-636d-26627d4a891a
6854C;af18cc7a-fa8f-11e2-8e56-9f72c6160288;0733f6f1-7424-e46a-ea01-1b930a16cba5
6854D;af18cc7a-fa8f-11e2-8e56-9f72c6160288;4248728e-2bb4-ad2e-bb78-a111bf018ebe
6854E;af18cc7a-fa8f-11e2-8e56-9f72c6160288;18641ddf-f4f3-0c66-af68-cf94ee085b5b
6854F;af18cc7a-fa8f-11e2-8e56-9f72c6160288;2e744882-6abf-3d96-9ab7-bd605351b3a6
6854G;af18cc7a-fa8f-11e2-8e56-9f72c6160288;abbfd152-58c3-7bb9-e4b3-8181ed3638b6
6855;af18cc7a-fa8f-11e2-8e56-9f72c6160288;3741796c-8ce1-c654-d53d-98aba36babb8
6856;af18cc7a-fa8f-11e2-8e56-9f72c6160288;57a1875f-6e81-1624-7bc2-7c8b7962e1b9
6857;af18cc7a-fa8f-11e2-8e56-9f72c6160288;29324851-de61-4cd5-f01b-8bed6a77f733
6859;af18cc7a-fa8f-11e2-8e56-9f72c6160288;7e4852d8-18df-9a42-b2ae-57ae02cfb28d
686;af18cc7a-fa8f-11e2-8e56-9f72c6160288;12a16674-2c4c-f705-ac56-bd0c9e15d144
6860;af18cc7a-fa8f-11e2-8e56-9f72c6160288;d10a420d-a090-e8a8-46a2-83fcfd7aa8dd
6862;af18cc7a-fa8f-11e2-8e56-9f72c6160288;2bbcafd6-e71d-b349-f7c3-42b55f6cda7c
6863;af18cc7a-fa8f-11e2-8e56-9f72c6160288;2a49a6a5-77cd-242d-7c5f-167cd6e2e94c
6865;af18cc7a-fa8f-11e2-8e56-9f72c6160288;0f72b8db-669b-028e-bf54-f18ef01b2ad8
6866;af18cc7a-fa8f-11e2-8e56-9f72c6160288;31dff295-5279-d580-1f7a-907a4f54b008
687;af18cc7a-fa8f-11e2-8e56-9f72c6160288;bc18dde3-79bd-41a4-9c56-dba518220e32
6876;af18cc7a-fa8f-11e2-8e56-9f72c6160288;30c013b7-907d-01d3-6b23-cebad6e2f56a
688;af18cc7a-fa8f-11e2-8e56-9f72c6160288;6f1a58d3-09cd-8868-8d96-5349d3a298d6
6885A;af18cc7a-fa8f-11e2-8e56-9f72c6160288;afcd956f-3167-761b-3661-602cfe247c5d
6885B;af18cc7a-fa8f-11e2-8e56-9f72c6160288;dfff1a98-48fd-57f3-cf4e-85fc1a592fb7
6885C;af18cc7a-fa8f-11e2-8e56-9f72c6160288;d56f5756-0796-de99-5469-3b3db95da242
6886A;af18cc7a-fa8f-11e2-8e56-9f72c6160288;c3819714-adf2-0ef8-3fe0-6bbbf273c770
6886B;af18cc7a-fa8f-11e2-8e56-9f72c6160288;46d0168e-cee4-9df2-1c17-41b0e89f8f63
6886C;af18cc7a-fa8f-11e2-8e56-9f72c6160288;c69adf28-4a2a-13ec-60f4-71d1e30c804e
6887A;af18cc7a-fa8f-11e2-8e56-9f72c6160288;4354d0c8-6d10-c772-6ceb-fbd25b7ece2f
6887B;af18cc7a-fa8f-11e2-8e56-9f72c6160288;71df3941-8638-e16c-c8d0-ab463ddaffea
6888A;af18cc7a-fa8f-11e2-8e56-9f72c6160288;77146050-7bb6-2d17-c5ba-7a15bc57ccfd
6888B;af18cc7a-fa8f-11e2-8e56-9f72c6160288;699a1c36-dc0a-929f-1144-127376a9d204
6888C;af18cc7a-fa8f-11e2-8e56-9f72c6160288;587a3269-8d37-12ed-02d0-0eb5190bafcf
6889A;af18cc7a-fa8f-11e2-8e56-9f72c6160288;b7cab5a8-2510-f681-a0ff-aa8e4101a9c8
6889B;af18cc7a-fa8f-11e2-8e56-9f72c6160288;13082e4c-2a1c-13e5-dd13-f6060a7d09de
6889C;af18cc7a-fa8f-11e2-8e56-9f72c6160288;64151aaf-84a6-6675-4819-117b72615915
6889D;af18cc7a-fa8f-11e2-8e56-9f72c6160288;763ddee5-2801-e481-274d-c9f5d58f49bf
689;af18cc7a-fa8f-11e2-8e56-9f72c6160288;7a722428-04a4-9f51-d017-863cb3da7fe0
6890;af18cc7a-fa8f-11e2-8e56-9f72c6160288;2f79c51f-cf05-1028-f4f5-319bf6175389
6891A;af18cc7a-fa8f-11e2-8e56-9f72c6160288;d0594abe-553e-93ee-c895-1399eadb6caa
6891B;af18cc7a-fa8f-11e2-8e56-9f72c6160288;126a8f84-ae10-0042-69f1-d24ddefe29b6
6892A;af18cc7a-fa8f-11e2-8e56-9f72c6160288;6edd2434-ebb1-0153-5463-3b51f6c336d3
6892B;af18cc7a-fa8f-11e2-8e56-9f72c6160288;fd91bcdb-7586-6dfb-2bb0-ce5491e11c66
6892C;af18cc7a-fa8f-11e2-8e56-9f72c6160288;fee7d0d7-9a7c-c933-6e59-ec38df03552f
6893A;af18cc7a-fa8f-11e2-8e56-9f72c6160288;9661b3c4-6ae5-6ea9-0177-b2a24b4d54a1
6893B;af18cc7a-fa8f-11e2-8e56-9f72c6160288;29706b5e-1050-63d3-224b-23cba33cfb5d
690;af18cc7a-fa8f-11e2-8e56-9f72c6160288;3dccc33b-f59a-929c-0412-9c01ce293e0e
6902;af18cc7a-fa8f-11e2-8e56-9f72c6160288;ab9dfa36-b847-b0e3-dd35-89f0c7ac8ba5
6906;af18cc7a-fa8f-11e2-8e56-9f72c6160288;d0be3d3e-d434-408f-06a8-1b7447678a53
6911;af18cc7a-fa8f-11e2-8e56-9f72c6160288;ea5285b5-942a-a020-52c1-0afcb372f0bf
694;af18cc7a-fa8f-11e2-8e56-9f72c6160288;ab83a6cf-9cd4-e277-a217-1e43d3fc12eb
6952;af18cc7a-fa8f-11e2-8e56-9f72c6160288;af154ac5-32cf-5249-1ee8-0453f415f033
6953;af18cc7a-fa8f-11e2-8e56-9f72c6160288;0776340d-4d63-9c3b-f9e6-d40445f4b4fb
6959;af18cc7a-fa8f-11e2-8e56-9f72c6160288;764409c8-fac8-2f66-c4c0-08b9290beb97
6960;af18cc7a-fa8f-11e2-8e56-9f72c6160288;ea5d2ec1-c54d-c8e2-4cb9-6c10bd7e9176
6961;af18cc7a-fa8f-11e2-8e56-9f72c6160288;3154433e-3026-a9c6-08b9-d66b218ba71f
6962;af18cc7a-fa8f-11e2-8e56-9f72c6160288;1f4d686f-37e8-d006-e382-44259aadf8c3
6963;af18cc7a-fa8f-11e2-8e56-9f72c6160288;e61df9cd-1bf8-fe22-abb8-8193148bfbcd
6964;af18cc7a-fa8f-11e2-8e56-9f72c6160288;77a133eb-af57-33ef-6ec6-fce7c35f241e
6965;af18cc7a-fa8f-11e2-8e56-9f72c6160288;6935b985-d3ec-83f9-7773-ee55513be93b
6984;af18cc7a-fa8f-11e2-8e56-9f72c6160288;ede1e228-8b11-2156-7488-b3bbbe668b10
6985;af18cc7a-fa8f-11e2-8e56-9f72c6160288;243c2f51-8dce-f5a7-68b7-e2571d64d911
7;af18cc7a-fa8f-11e2-8e56-9f72c6160288;c4d82727-47be-f511-f7a8-af8eee3d9b7c
70;af18cc7a-fa8f-11e2-8e56-9f72c6160288;0d81350c-3b4a-208f-7b31-c58e73397fe3
7088;af18cc7a-fa8f-11e2-8e56-9f72c6160288;c31c90ac-4c64-bbbe-0693-b644c5306b59
709;af18cc7a-fa8f-11e2-8e56-9f72c6160288;27dbbdc3-058b-a24c-ced5-98499f501e5e
7100;af18cc7a-fa8f-11e2-8e56-9f72c6160288;2b8ec5db-8cb3-bd83-d1ae-41c38ab7943c
7101;af18cc7a-fa8f-11e2-8e56-9f72c6160288;fd2ab5f7-e18c-4b7c-6e0e-a7ccfe2fd43d
7102;af18cc7a-fa8f-11e2-8e56-9f72c6160288;0a8372b2-3b5f-a16e-12f4-59850459e344
7115;af18cc7a-fa8f-11e2-8e56-9f72c6160288;18f6cff2-dd2d-b5de-9b82-6888984ba318
7117;af18cc7a-fa8f-11e2-8e56-9f72c6160288;4d85b90b-fb44-362a-9212-f428481e840b
7135;af18cc7a-fa8f-11e2-8e56-9f72c6160288;02c179a7-6d02-ac09-38e3-e7235639ae5c
7153;af18cc7a-fa8f-11e2-8e56-9f72c6160288;fd0ec46e-f9c2-8ba0-e5e4-56dc712cc3d8
7176;af18cc7a-fa8f-11e2-8e56-9f72c6160288;ae3694ee-081c-ded7-de7e-8f1f1e4ca950
7180;af18cc7a-fa8f-11e2-8e56-9f72c6160288;308640de-4b89-899b-e448-44b55fcaab22
7186;af18cc7a-fa8f-11e2-8e56-9f72c6160288;7e06dd1d-323c-4f83-e26b-1e44c45a6da5
7187;af18cc7a-fa8f-11e2-8e56-9f72c6160288;27457fdc-1ea4-956c-f77f-04e3891c63e6
7193;af18cc7a-fa8f-11e2-8e56-9f72c6160288;d05277e2-cd0a-2034-fa81-941f96045e66
7208;af18cc7a-fa8f-11e2-8e56-9f72c6160288;e8d542c6-8259-a31d-90d4-32a0817e1105
7209;af18cc7a-fa8f-11e2-8e56-9f72c6160288;c717a4b0-7183-6755-5b4e-fe685366a4ce
7216;af18cc7a-fa8f-11e2-8e56-9f72c6160288;20d42fcc-802a-3170-b208-f2abf8c9cceb
7217;af18cc7a-fa8f-11e2-8e56-9f72c6160288;7bb355e6-d38f-4e20-270e-932909ace6b3
7218;af18cc7a-fa8f-11e2-8e56-9f72c6160288;3eb57ea6-d4ce-5224-1c69-cd866102f699
7219;af18cc7a-fa8f-11e2-8e56-9f72c6160288;36f3ceaa-404b-46ba-9bdd-d7d2a1d21a8b
7220;af18cc7a-fa8f-11e2-8e56-9f72c6160288;8ab0eeff-6da7-8f9b-6f1d-868be33d0cdc
7221;af18cc7a-fa8f-11e2-8e56-9f72c6160288;0ee9c707-d494-5534-e8b3-e9310320e5b6
7222;af18cc7a-fa8f-11e2-8e56-9f72c6160288;7717915f-65e6-3c5c-2930-04d2e20272db
7223;af18cc7a-fa8f-11e2-8e56-9f72c6160288;d7773c7a-0f56-31b8-5a26-fcb84ee6f5f5
7224;af18cc7a-fa8f-11e2-8e56-9f72c6160288;17c499ce-2f39-0c23-b6ff-1de67e8e3290
7225;af18cc7a-fa8f-11e2-8e56-9f72c6160288;aba3b937-f3d4-d1d7-5f15-5181164439bc
7226;af18cc7a-fa8f-11e2-8e56-9f72c6160288;090ea47c-1022-33e1-4c90-651d86b3e8ca
7227;af18cc7a-fa8f-11e2-8e56-9f72c6160288;b682f024-484c-92b2-e138-7838791fdc7f
7228;af18cc7a-fa8f-11e2-8e56-9f72c6160288;1d1fadcc-b5b1-f5f6-e213-abbc4ed8061a
7229;af18cc7a-fa8f-11e2-8e56-9f72c6160288;43dd5f7f-e0d1-f65d-6397-4fa6cc449c62
7230;af18cc7a-fa8f-11e2-8e56-9f72c6160288;0b394dc3-d8c6-e564-2c68-1ce38d5b9ab8
7231;af18cc7a-fa8f-11e2-8e56-9f72c6160288;600666ad-7a05-6b41-62cf-817807d661c6
7232;af18cc7a-fa8f-11e2-8e56-9f72c6160288;161c02ee-64ab-8779-c842-b649e920360c
7233;af18cc7a-fa8f-11e2-8e56-9f72c6160288;c055b03c-0b3a-585f-2031-a8b915e1c949
7234;af18cc7a-fa8f-11e2-8e56-9f72c6160288;e5f07486-4a8c-5723-f7e6-094260428a1c
7235;af18cc7a-fa8f-11e2-8e56-9f72c6160288;05ddd207-68bc-e6ab-2685-eabf3671f86c
7236;af18cc7a-fa8f-11e2-8e56-9f72c6160288;77b75ace-2884-ddbd-b4f1-0529bcbf2130
7237;af18cc7a-fa8f-11e2-8e56-9f72c6160288;16532d01-3150-cc32-431c-13d9305f40fb
7238;af18cc7a-fa8f-11e2-8e56-9f72c6160288;853cfaf3-6d8e-cb98-f743-3597a98a7602
7239;af18cc7a-fa8f-11e2-8e56-9f72c6160288;09e376f8-fa4e-7a3a-bb76-8957a41d7942
7240;af18cc7a-fa8f-11e2-8e56-9f72c6160288;4a647760-1c83-e3c9-72d1-6f23f5a4c3b4
7249;af18cc7a-fa8f-11e2-8e56-9f72c6160288;71cf9ecd-3c20-3d76-998b-6238d5ec9bf4
7254;af18cc7a-fa8f-11e2-8e56-9f72c6160288;47a72258-7abe-9967-ace6-76b8ca22fc7f
7257;af18cc7a-fa8f-11e2-8e56-9f72c6160288;43325e5c-7125-f063-88b6-5abded7717fb
7263;af18cc7a-fa8f-11e2-8e56-9f72c6160288;8ecd0aa3-4505-2531-86bf-ce2bf4febefa
7267;af18cc7a-fa8f-11e2-8e56-9f72c6160288;96512d2c-6b1a-71ba-093a-9789739d26cf
7268;af18cc7a-fa8f-11e2-8e56-9f72c6160288;ff182661-f9f8-e921-31a6-082b2f2423a0
7328;af18cc7a-fa8f-11e2-8e56-9f72c6160288;db27b3d1-b602-5b0f-15f0-7802b3dfd900
7329;af18cc7a-fa8f-11e2-8e56-9f72c6160288;4d3de2df-e1ab-b871-1927-62f7a3316039
7338;af18cc7a-fa8f-11e2-8e56-9f72c6160288;b0c779ea-777e-1319-3bdc-2e958039b55a
7346A;af18cc7a-fa8f-11e2-8e56-9f72c6160288;9b54118b-9462-2a3a-4025-4bc49c85b71b
7346B;af18cc7a-fa8f-11e2-8e56-9f72c6160288;f258c296-02d2-84d4-de69-02bf6c18b8e1
7346C;af18cc7a-fa8f-11e2-8e56-9f72c6160288;9146ae93-74ee-c472-04c6-c0d49fd58c96
7346D;af18cc7a-fa8f-11e2-8e56-9f72c6160288;0b5acc23-add6-3801-92a4-923e02241e80
7348;af18cc7a-fa8f-11e2-8e56-9f72c6160288;eedebdff-73e9-5a71-bd32-6de74686b790
7349;af18cc7a-fa8f-11e2-8e56-9f72c6160288;9cda06bd-816d-e53a-719c-944cda52555a
7350;af18cc7a-fa8f-11e2-8e56-9f72c6160288;3eb8da73-eaeb-025b-1012-a7ab3834238c
7350A;af18cc7a-fa8f-11e2-8e56-9f72c6160288;757b01e1-01d9-986b-e26a-d93428b3eddd
7351;af18cc7a-fa8f-11e2-8e56-9f72c6160288;9756b875-5d01-eaf1-7e17-59b9e6190b0e
7352;af18cc7a-fa8f-11e2-8e56-9f72c6160288;80d3fe4f-e2fa-ec86-0610-ed1817691fc4
7353;af18cc7a-fa8f-11e2-8e56-9f72c6160288;fc6f3c84-6d2b-7c5a-2f22-52fa8c7ebe01
7354;af18cc7a-fa8f-11e2-8e56-9f72c6160288;05c8de2d-a0a6-9a66-6705-5890e85466ad
7355;af18cc7a-fa8f-11e2-8e56-9f72c6160288;c5e441b2-2d15-1af7-ecaf-0fa2414f3efc
7364;af18cc7a-fa8f-11e2-8e56-9f72c6160288;f7d62aab-3e4a-c654-9d99-3e140c636b11
7365;af18cc7a-fa8f-11e2-8e56-9f72c6160288;3ee0e1df-98ee-b69c-c33e-fe5ce049a7a9
7367;af18cc7a-fa8f-11e2-8e56-9f72c6160288;be2fa083-06d8-8d53-070e-1dd048774496
7368;af18cc7a-fa8f-11e2-8e56-9f72c6160288;91c9f0e8-12c8-5873-2cdb-4a1a46bcb7f0
7378A;af18cc7a-fa8f-11e2-8e56-9f72c6160288;665b87fb-daa5-dd03-6db0-7a3f1d7f0114
7378B;af18cc7a-fa8f-11e2-8e56-9f72c6160288;551a59c5-196e-2876-4d29-5825031b5136
7378C;af18cc7a-fa8f-11e2-8e56-9f72c6160288;014a5e67-549d-c4be-ce71-035669f25aec
7378D;af18cc7a-fa8f-11e2-8e56-9f72c6160288;4b05a420-dd44-0836-17b3-d2fa37ac4390
7379;af18cc7a-fa8f-11e2-8e56-9f72c6160288;1e155253-61b1-31ac-1d45-daaca5677b30
7380A;af18cc7a-fa8f-11e2-8e56-9f72c6160288;ba458ba5-f370-bd7a-85c0-a68c3f1689b0
7380B;af18cc7a-fa8f-11e2-8e56-9f72c6160288;1c29f726-2a57-ba3b-9295-91bbe4f259df
7380C;af18cc7a-fa8f-11e2-8e56-9f72c6160288;7fd4918d-d3e0-a9f5-ae3b-5842dcaa70b4
7381A;af18cc7a-fa8f-11e2-8e56-9f72c6160288;898ecb22-d33b-13e6-70e0-b7fb19be0290
7381B;af18cc7a-fa8f-11e2-8e56-9f72c6160288;fffb5cf9-60be-faf3-a9b4-5b2043459f30
7381C;af18cc7a-fa8f-11e2-8e56-9f72c6160288;c945f8f0-b93f-838a-51b9-8fe66b98e343
7389;af18cc7a-fa8f-11e2-8e56-9f72c6160288;2401f35e-4f26-c24d-2235-be749f137521
7391;af18cc7a-fa8f-11e2-8e56-9f72c6160288;335956c5-82f5-e2d2-5425-7eb48aca5e7a
7409;af18cc7a-fa8f-11e2-8e56-9f72c6160288;e8deb122-d8e3-8fb9-c3b1-1e162abafae3
7410;af18cc7a-fa8f-11e2-8e56-9f72c6160288;9f05ce1c-7101-b46a-f624-5f256c809c92
742;af18cc7a-fa8f-11e2-8e56-9f72c6160288;8a25b561-f28e-b7aa-3c4a-a98728e5be79
7424;af18cc7a-fa8f-11e2-8e56-9f72c6160288;fe175577-82b4-98d4-9b51-e6bedbfac0d0
7425;af18cc7a-fa8f-11e2-8e56-9f72c6160288;add0c691-a906-a250-8570-0b333e18118f
7426;af18cc7a-fa8f-11e2-8e56-9f72c6160288;c8689559-aa56-d7d2-4a19-1564a7c0435a
7427;af18cc7a-fa8f-11e2-8e56-9f72c6160288;9f15e4e8-bc79-7eee-a0d6-327d1edb1d3e
7428;af18cc7a-fa8f-11e2-8e56-9f72c6160288;3600a475-7edc-0e3a-7323-304dd5a2ab81
7429;af18cc7a-fa8f-11e2-8e56-9f72c6160288;c6a4b91e-91ff-fb1f-3450-368175a224bb
743;af18cc7a-fa8f-11e2-8e56-9f72c6160288;213c5ef9-77e4-8418-f9fa-a3d83e1e4632
7432;af18cc7a-fa8f-11e2-8e56-9f72c6160288;4a84c228-ee5b-146c-e8e2-e0c67d72107e
7433;af18cc7a-fa8f-11e2-8e56-9f72c6160288;fa5710a4-4bda-d1e6-80a1-2713c1ef936b
7434;af18cc7a-fa8f-11e2-8e56-9f72c6160288;827307fe-4a4f-aba1-1bb7-c9550bcb8741
744;af18cc7a-fa8f-11e2-8e56-9f72c6160288;72bec286-719d-733c-f194-11830adafc26
7447;af18cc7a-fa8f-11e2-8e56-9f72c6160288;25a13f7c-91ad-781e-9a10-3ba893e2fe8e
745;af18cc7a-fa8f-11e2-8e56-9f72c6160288;2c7254da-df8c-e06f-efa1-ee8de1e1a006
7462;af18cc7a-fa8f-11e2-8e56-9f72c6160288;3dee2b5d-a56d-0d9d-1254-f44878da5705
7463;af18cc7a-fa8f-11e2-8e56-9f72c6160288;017bb3e3-2fb3-40e2-176c-997b8eb8d42f
7465;af18cc7a-fa8f-11e2-8e56-9f72c6160288;a9b013ba-ff71-bd32-48b1-26602befa4d6
747;af18cc7a-fa8f-11e2-8e56-9f72c6160288;ec6cbc4a-b093-379f-2b81-a3e5daafd890
7474;af18cc7a-fa8f-11e2-8e56-9f72c6160288;b724240c-90a7-76e4-db48-f97263b9f8f4
7476;af18cc7a-fa8f-11e2-8e56-9f72c6160288;2b9c4ac2-69c5-c7ff-69df-69be163754eb
7477;af18cc7a-fa8f-11e2-8e56-9f72c6160288;ed603177-90e8-3dfa-dddd-64552babe4cb
748;af18cc7a-fa8f-11e2-8e56-9f72c6160288;23d2a867-962e-816c-bb64-af14ff9d2a80
7490;af18cc7a-fa8f-11e2-8e56-9f72c6160288;5cf5dc23-1e79-54ee-db1a-edb7df3cd760
7491;af18cc7a-fa8f-11e2-8e56-9f72c6160288;edbb78a8-2deb-1c1c-ed2b-142b498b37b0
7492;af18cc7a-fa8f-11e2-8e56-9f72c6160288;82570c29-ecda-ecee-9930-8a7c5985936f
7493;af18cc7a-fa8f-11e2-8e56-9f72c6160288;bd7e118c-d564-f294-f463-b8656ec99f65
749 (lost);af18cc7a-fa8f-11e2-8e56-9f72c6160288;
75;af18cc7a-fa8f-11e2-8e56-9f72c6160288;cb4541ad-f863-30cb-84b0-11d1ae07a0c2
7516;af18cc7a-fa8f-11e2-8e56-9f72c6160288;144ab9e8-57b2-cdee-275e-ba623f6cad27
7520;af18cc7a-fa8f-11e2-8e56-9f72c6160288;1b280881-7217-895f-0df8-30ae6ca7f46d
7521;af18cc7a-fa8f-11e2-8e56-9f72c6160288;290e68dc-d2ba-09c9-9289-b084f79c56c8
7522;af18cc7a-fa8f-11e2-8e56-9f72c6160288;a594778f-9dd0-9a24-8ed0-fea24d6b46c7
7523;af18cc7a-fa8f-11e2-8e56-9f72c6160288;1680d610-3843-73d8-f67f-918d1fe04fea
7524;af18cc7a-fa8f-11e2-8e56-9f72c6160288;14888530-cbee-9cbe-aa63-d3bdc0b7b9c9
7528;af18cc7a-fa8f-11e2-8e56-9f72c6160288;94a6bd9d-c24a-2e77-7743-e2eded759053
7535;af18cc7a-fa8f-11e2-8e56-9f72c6160288;e6c894b4-3636-9cc7-c346-f98e7f3215ea
7536;af18cc7a-fa8f-11e2-8e56-9f72c6160288;cf3967af-9736-28ef-1aaf-816b9379d344
7537;af18cc7a-fa8f-11e2-8e56-9f72c6160288;d4bd00d9-81ee-5206-d131-5fc5ca7d2090
7538;af18cc7a-fa8f-11e2-8e56-9f72c6160288;ae5b41ef-d6c5-c372-eda1-4291ff273813
7539;af18cc7a-fa8f-11e2-8e56-9f72c6160288;72698205-0150-c874-04cf-29be01c7aaed
7540;af18cc7a-fa8f-11e2-8e56-9f72c6160288;9bd5476b-ceda-da6c-e4da-24cef0e3492c
7541;af18cc7a-fa8f-11e2-8e56-9f72c6160288;7811689b-494e-3c9a-d602-b9beb8a0972c
7542;af18cc7a-fa8f-11e2-8e56-9f72c6160288;ac416d9d-f6d1-226f-4e2f-a486a88cc950
7585;af18cc7a-fa8f-11e2-8e56-9f72c6160288;5309b6db-14ab-cf85-7c52-69252722d638
760;af18cc7a-fa8f-11e2-8e56-9f72c6160288;8c14dcdb-6afb-dc23-38da-5f41951d5fb6
7617;af18cc7a-fa8f-11e2-8e56-9f72c6160288;83c71fb7-8c4b-4cdd-3ae4-26de88c6c253
7622;af18cc7a-fa8f-11e2-8e56-9f72c6160288;16c99cb2-6051-b216-e681-8e228bfe0702
7623;af18cc7a-fa8f-11e2-8e56-9f72c6160288;4941fa7b-9046-32c1-3ec5-de3a13ced7b5
7624;af18cc7a-fa8f-11e2-8e56-9f72c6160288;4b43db30-e701-c242-2147-89ee83f3d167
7628;af18cc7a-fa8f-11e2-8e56-9f72c6160288;0b302eb2-0b9c-6e55-87de-03a5b4d26cfe
7634;af18cc7a-fa8f-11e2-8e56-9f72c6160288;29810ce7-75b7-687d-d709-a46f5cb0a48c
7635;af18cc7a-fa8f-11e2-8e56-9f72c6160288;d67a8c04-403a-5d2b-88eb-20c1d158d410
7636-7637;af18cc7a-fa8f-11e2-8e56-9f72c6160288;31723dc6-9027-39ac-413c-86eaaaaad000
7638;af18cc7a-fa8f-11e2-8e56-9f72c6160288;cab60862-cf8d-7aee-8ef1-6dd4c8e09358
7639;af18cc7a-fa8f-11e2-8e56-9f72c6160288;dba529ba-bc00-76b3-c2cc-6871a56900b5
7642;af18cc7a-fa8f-11e2-8e56-9f72c6160288;37a1a3c0-ae1a-edda-6dcc-4e3e2023d6cc
7643;af18cc7a-fa8f-11e2-8e56-9f72c6160288;def874d7-e1ea-4651-4488-cff3ed7135ec
7644;af18cc7a-fa8f-11e2-8e56-9f72c6160288;2083bb00-7aa9-47fc-5608-6af5e469ca57
7657;af18cc7a-fa8f-11e2-8e56-9f72c6160288;76ff2abe-3d92-d70a-acf5-6ba8282e7b1b
7671;af18cc7a-fa8f-11e2-8e56-9f72c6160288;074915e2-1fcd-d88a-c002-94d709d2d000
7679;af18cc7a-fa8f-11e2-8e56-9f72c6160288;4c015c62-4c6f-d573-9e56-b3a93c7598de
7699;af18cc7a-fa8f-11e2-8e56-9f72c6160288;3f4cdefe-81b0-0b60-d195-4752ffe65069
7727a;af18cc7a-fa8f-11e2-8e56-9f72c6160288;8e1a4426-2965-48e5-5b85-4be5d20aa5ef
7727b;af18cc7a-fa8f-11e2-8e56-9f72c6160288;c768a574-969c-254d-265b-4598e0e93dbf
7727c;af18cc7a-fa8f-11e2-8e56-9f72c6160288;fc87e1a6-03cc-c09a-3d37-f4c6d446f60c
773;af18cc7a-fa8f-11e2-8e56-9f72c6160288;35edd0ab-bf56-ccb2-f9a7-346f6334fe1e
774;af18cc7a-fa8f-11e2-8e56-9f72c6160288;c0b18618-f925-efc2-87eb-6999c33f9de1
7766;af18cc7a-fa8f-11e2-8e56-9f72c6160288;0c40f7eb-6dc9-3bc8-f6a0-73839a84a2c6
7773;af18cc7a-fa8f-11e2-8e56-9f72c6160288;b2a816b7-6ca0-4c0f-dcfa-35ceb2cceaf0
7774;af18cc7a-fa8f-11e2-8e56-9f72c6160288;9cf83af5-2ee6-62f0-5a7d-6187ecce0b44
7775;af18cc7a-fa8f-11e2-8e56-9f72c6160288;73644697-f5a9-66db-83d1-7a9f4022a404
7776;af18cc7a-fa8f-11e2-8e56-9f72c6160288;733f2882-7646-288a-2662-c09ba741c180
7777;af18cc7a-fa8f-11e2-8e56-9f72c6160288;4134e587-39b8-8412-4da1-f8df8aa9bb2b
778 (lost);af18cc7a-fa8f-11e2-8e56-9f72c6160288;
779;af18cc7a-fa8f-11e2-8e56-9f72c6160288;16ad1e00-2e6a-8c6f-7a32-af00daa39c91
7792A;af18cc7a-fa8f-11e2-8e56-9f72c6160288;49e669ad-afed-0f48-dd48-65d09b51d9fd
7792B;af18cc7a-fa8f-11e2-8e56-9f72c6160288;841e1377-f83d-2988-b8f2-8ad08b400cda
7793;af18cc7a-fa8f-11e2-8e56-9f72c6160288;77ef6233-2125-8c1b-efff-df7c7fba8a6e
7794;af18cc7a-fa8f-11e2-8e56-9f72c6160288;b36c03b2-f5ce-f72a-30f2-66b9ef6ae277
7795;af18cc7a-fa8f-11e2-8e56-9f72c6160288;6c5eb681-2f23-5c00-2199-e0274f8f19d0
7796;af18cc7a-fa8f-11e2-8e56-9f72c6160288;9385ac66-f0fb-a254-c235-cf3910738119
7797;af18cc7a-fa8f-11e2-8e56-9f72c6160288;e9438a49-4c5f-3162-2d9c-9dee2600f6d6
7798;af18cc7a-fa8f-11e2-8e56-9f72c6160288;2fbd0ad8-3c34-8016-9857-54b21a4bc2ed
7799;af18cc7a-fa8f-11e2-8e56-9f72c6160288;7222c808-0141-b3f1-5b5a-6e042fb25d5a
780;af18cc7a-fa8f-11e2-8e56-9f72c6160288;a273e35a-b193-9215-054e-e6b47864810c
781;af18cc7a-fa8f-11e2-8e56-9f72c6160288;ee6b2138-f2b7-5828-f090-c4af6db7f2a3
7829;af18cc7a-fa8f-11e2-8e56-9f72c6160288;73ce5d4a-af2d-c71d-6c0b-29873adb2e44
783;af18cc7a-fa8f-11e2-8e56-9f72c6160288;5fb3e50c-06cf-eab4-da21-d62b8a5bf516
785;af18cc7a-fa8f-11e2-8e56-9f72c6160288;ea986e86-349e-b58d-56ee-3a22b390ffd3
786;af18cc7a-fa8f-11e2-8e56-9f72c6160288;0f98eb0d-0fe3-058e-9303-1ea34f6aad8e
7867;af18cc7a-fa8f-11e2-8e56-9f72c6160288;a8956745-36b8-f375-d46b-798bb589c640
7868;af18cc7a-fa8f-11e2-8e56-9f72c6160288;837c508e-0700-310b-fdd9-7fa5569ce557
7869;af18cc7a-fa8f-11e2-8e56-9f72c6160288;98c19e00-c89e-483d-9097-6bbe3ff0e609
787;af18cc7a-fa8f-11e2-8e56-9f72c6160288;c6b1e4fb-dbdc-0bcf-5478-f0969728b667
7874;af18cc7a-fa8f-11e2-8e56-9f72c6160288;b8740d06-05a7-cd01-f138-defa9ff59a15
7875;af18cc7a-fa8f-11e2-8e56-9f72c6160288;45f8ff0d-1ce7-91dc-a0b4-b8b6fec29865
7876;af18cc7a-fa8f-11e2-8e56-9f72c6160288;f8f3e5a9-32e4-c5a8-0da1-6b30d468b982
7877;af18cc7a-fa8f-11e2-8e56-9f72c6160288;49a9fc8c-254c-bbf3-ba2d-a66e5a708503
7879;af18cc7a-fa8f-11e2-8e56-9f72c6160288;f0d44853-952d-3a00-d7a9-b711f9d2aa70
788;af18cc7a-fa8f-11e2-8e56-9f72c6160288;acee5151-16fe-684a-f262-f2a686047264
7880;af18cc7a-fa8f-11e2-8e56-9f72c6160288;b1faebcb-7552-ef4f-5e9f-b1a2aff24eae
7884;af18cc7a-fa8f-11e2-8e56-9f72c6160288;02b2bf21-a16c-0b1c-33b0-c4883c561f9c
7885;af18cc7a-fa8f-11e2-8e56-9f72c6160288;8c76359f-b710-6988-b213-11df23bc2ef1
789;af18cc7a-fa8f-11e2-8e56-9f72c6160288;9b546c92-ce41-a433-cad2-258ef99503f4
78 (lost);af18cc7a-fa8f-11e2-8e56-9f72c6160288;
790;af18cc7a-fa8f-11e2-8e56-9f72c6160288;0825e51d-8153-5590-2ed7-eb461298ad78
791;af18cc7a-fa8f-11e2-8e56-9f72c6160288;79824dbd-0fd6-5bbf-daef-db3de643d412
794;af18cc7a-fa8f-11e2-8e56-9f72c6160288;2221bea1-5ebf-ed02-f192-ac2c88b10e40
7947;af18cc7a-fa8f-11e2-8e56-9f72c6160288;a759f7af-868c-4a43-db08-41ef88fcb86f
795;af18cc7a-fa8f-11e2-8e56-9f72c6160288;40541db9-a0c9-a2a9-f196-93e2652cc4ad
7954;af18cc7a-fa8f-11e2-8e56-9f72c6160288;a76151cb-b0ff-4ada-18d6-b18f0ea6938c
7955;af18cc7a-fa8f-11e2-8e56-9f72c6160288;1b90f48d-77ae-c4d2-2e8e-377c0a8fdf1a
7958;af18cc7a-fa8f-11e2-8e56-9f72c6160288;7238035c-379e-a21f-7cb0-38d978456d45
796;af18cc7a-fa8f-11e2-8e56-9f72c6160288;4f3a5427-bb8b-6b60-7c25-023742ed0780
7978;af18cc7a-fa8f-11e2-8e56-9f72c6160288;62596dfd-6d11-eeed-6e20-834984b5893f
7979;af18cc7a-fa8f-11e2-8e56-9f72c6160288;1179efc6-253b-d2a0-f345-3a84ea569c97
7980;af18cc7a-fa8f-11e2-8e56-9f72c6160288;7a567cca-12b4-66e7-d346-0c2af7a9c748
7984;af18cc7a-fa8f-11e2-8e56-9f72c6160288;05beb64a-be70-5abe-4c9d-3cf5e4803c74
8001;af18cc7a-fa8f-11e2-8e56-9f72c6160288;4f54e42a-ad21-eba4-aef5-ae033e52a23c
8002;af18cc7a-fa8f-11e2-8e56-9f72c6160288;1a209ef3-4412-01d4-a3f4-071c6ea1239e
8003;af18cc7a-fa8f-11e2-8e56-9f72c6160288;6585f143-8ee7-344c-fc25-48a0be04b2c1
8004;af18cc7a-fa8f-11e2-8e56-9f72c6160288;a95bfcf3-a4ad-94b7-0d36-5b8de2b71300
8006;af18cc7a-fa8f-11e2-8e56-9f72c6160288;732470ae-7079-09b2-0a4a-41ae2c58ed4d
8007;af18cc7a-fa8f-11e2-8e56-9f72c6160288;05413303-1ef2-8260-20ad-a341482e38b0
8008;af18cc7a-fa8f-11e2-8e56-9f72c6160288;2b9d506a-9b09-93b7-7865-c22252ebdfd1
8022;af18cc7a-fa8f-11e2-8e56-9f72c6160288;92614a7a-3ec0-7afa-09db-cc1b17661cc0
8023;af18cc7a-fa8f-11e2-8e56-9f72c6160288;09f9b793-1aef-5c71-0651-dda199368e6c
8024;af18cc7a-fa8f-11e2-8e56-9f72c6160288;264ceee7-e912-ab41-a42b-054f3371d8a9
8025;af18cc7a-fa8f-11e2-8e56-9f72c6160288;4caf0a90-060e-a9ff-ddea-008eb1bd99e3
8026;af18cc7a-fa8f-11e2-8e56-9f72c6160288;0bbbd55e-fa39-7d64-8283-732b4e7165d0
8027;af18cc7a-fa8f-11e2-8e56-9f72c6160288;4ee91c98-cc0e-3d0f-fbe6-a0c146d55613
804;af18cc7a-fa8f-11e2-8e56-9f72c6160288;2eb6d9a8-b5f6-0a38-2b07-67d4e22ea284
8049;af18cc7a-fa8f-11e2-8e56-9f72c6160288;d486ea0e-a192-a69c-7ad4-1e35ab09dbf0
805;af18cc7a-fa8f-11e2-8e56-9f72c6160288;26a8265e-6ebb-5f64-775e-1c5175f55320
806 (lost);af18cc7a-fa8f-11e2-8e56-9f72c6160288;077b2858-f277-4b6c-8849-37fcaf4aa3de
809;af18cc7a-fa8f-11e2-8e56-9f72c6160288;430a199d-1607-e6d1-95fb-b21b9924cd39
8091;af18cc7a-fa8f-11e2-8e56-9f72c6160288;37d75f43-d593-8a4f-e453-cfb7731c8bc9
810;af18cc7a-fa8f-11e2-8e56-9f72c6160288;36f325ab-283b-402b-9ad8-a06c304e4feb
8126;af18cc7a-fa8f-11e2-8e56-9f72c6160288;125c647c-d21e-c545-9651-6034cc266986
8149;af18cc7a-fa8f-11e2-8e56-9f72c6160288;ca3efcc3-bb4d-f7dc-ea75-f14dfbb6e4db
8158;af18cc7a-fa8f-11e2-8e56-9f72c6160288;796a0bec-4a9d-4f9b-83c7-572544b63ac2
8159;af18cc7a-fa8f-11e2-8e56-9f72c6160288;76a2d456-5842-7785-5db9-aaea9ee8f987
8161;af18cc7a-fa8f-11e2-8e56-9f72c6160288;c4c49e59-a3b5-4e8b-f73e-d985e367ad7c
8174;af18cc7a-fa8f-11e2-8e56-9f72c6160288;4b1168c5-ccc5-5412-d7a6-81a630b0253a
8195;af18cc7a-fa8f-11e2-8e56-9f72c6160288;14d75b13-c946-9974-0875-880ded09efbc
82;af18cc7a-fa8f-11e2-8e56-9f72c6160288;892ad4d4-fe55-1b36-501a-6a2d2ac43148
8231;af18cc7a-fa8f-11e2-8e56-9f72c6160288;620ace9e-3196-87a5-2d4d-079127fea113
8232;af18cc7a-fa8f-11e2-8e56-9f72c6160288;d4d82055-b7aa-ba9b-aea0-b3bd0d7da5ea
8233;af18cc7a-fa8f-11e2-8e56-9f72c6160288;7cd1ffa7-266c-c620-404c-7303fdfbbe23
8234;af18cc7a-fa8f-11e2-8e56-9f72c6160288;b3a6b5fb-e1a6-2acb-0bd5-c4647138fca5
8235;af18cc7a-fa8f-11e2-8e56-9f72c6160288;95e8bc17-a5a5-d311-447f-32ca67dd71d8
8236;af18cc7a-fa8f-11e2-8e56-9f72c6160288;46f7fd70-1733-d9cc-038c-8f5819443628
8237;af18cc7a-fa8f-11e2-8e56-9f72c6160288;1d4b5f72-cb5c-6d0b-fe6b-7fee3d47c425
8238;af18cc7a-fa8f-11e2-8e56-9f72c6160288;ad4c1b59-f9cd-70d1-3e93-e17ebc4ef5e9
8244;af18cc7a-fa8f-11e2-8e56-9f72c6160288;fe02ae9b-2d87-a56e-739e-ba2471ec42d1
8245;af18cc7a-fa8f-11e2-8e56-9f72c6160288;2fe07c36-18a7-6538-a908-2d8796554be0
8249;af18cc7a-fa8f-11e2-8e56-9f72c6160288;0e07afcd-4569-11c6-b450-36dc6b1a5758
8289;af18cc7a-fa8f-11e2-8e56-9f72c6160288;0802b657-6629-8daf-8bd9-8ec71e6354bd
8290;af18cc7a-fa8f-11e2-8e56-9f72c6160288;692212a7-f1a3-37e6-699b-3845b4658701
8291;af18cc7a-fa8f-11e2-8e56-9f72c6160288;0104d309-5c3e-44de-e5cb-431c4b060d50
8294;af18cc7a-fa8f-11e2-8e56-9f72c6160288;fe937877-9038-f3d8-5ffa-d05f8ab3788c
8295;af18cc7a-fa8f-11e2-8e56-9f72c6160288;7decca4f-dc84-f7e7-3247-4e7981e9412d
8296;af18cc7a-fa8f-11e2-8e56-9f72c6160288;8e987422-4575-82a1-4505-b21d1302a549
8297;af18cc7a-fa8f-11e2-8e56-9f72c6160288;93e4afaa-5f62-3459-b40f-b9a02ce64060
8304;af18cc7a-fa8f-11e2-8e56-9f72c6160288;2ae33fc5-af43-b669-584c-89fe6e203386
8305;af18cc7a-fa8f-11e2-8e56-9f72c6160288;40ceb044-cd02-9ae9-f02e-07690b0923a5
8306;af18cc7a-fa8f-11e2-8e56-9f72c6160288;6d08ce02-ef6c-9658-4d3f-e0e41ef52220
8307;af18cc7a-fa8f-11e2-8e56-9f72c6160288;060e3c4b-75ae-e7c2-26ae-31e9dec68b18
8308;af18cc7a-fa8f-11e2-8e56-9f72c6160288;1df28572-6008-c603-34ed-da0567a933ae
8309;af18cc7a-fa8f-11e2-8e56-9f72c6160288;45df99f1-bf54-ddbd-67f1-7ee422145a90
8310;af18cc7a-fa8f-11e2-8e56-9f72c6160288;d90ef653-9cea-4a51-d8fc-6546911a437d
8311;af18cc7a-fa8f-11e2-8e56-9f72c6160288;a2b72d86-ca88-6ddb-f8f4-6f1bd3d9c776
8312;af18cc7a-fa8f-11e2-8e56-9f72c6160288;a04fbabe-f292-b379-1616-0990cb93e542
8313;af18cc7a-fa8f-11e2-8e56-9f72c6160288;795bf075-c415-f435-91ba-655b53a4e8d1
8314;af18cc7a-fa8f-11e2-8e56-9f72c6160288;7e830fd9-8480-334c-0f76-eb7e5e85ff7c
8327;af18cc7a-fa8f-11e2-8e56-9f72c6160288;0c47ee80-3973-da0b-aa2b-cb6200f6c5d9
8334;af18cc7a-fa8f-11e2-8e56-9f72c6160288;250b7825-04c6-095a-5010-f8f8b6cc17a2
8356;af18cc7a-fa8f-11e2-8e56-9f72c6160288;d16259ee-3c79-22a8-7007-1d9bac83e1e9
8357;af18cc7a-fa8f-11e2-8e56-9f72c6160288;036d8fc8-4f85-e845-168b-f4a8de6fb781
8376;af18cc7a-fa8f-11e2-8e56-9f72c6160288;93c617c3-6470-bca1-9009-eec4cd7c86af
8377;af18cc7a-fa8f-11e2-8e56-9f72c6160288;e665bcec-0cbe-29d1-1969-899227592fc2
8378;af18cc7a-fa8f-11e2-8e56-9f72c6160288;ef6b7524-f9b3-0283-e158-991c9cf13e95
8379;af18cc7a-fa8f-11e2-8e56-9f72c6160288;371c42e3-2df4-527d-bfe3-52c25476d19f
8380;af18cc7a-fa8f-11e2-8e56-9f72c6160288;4194379f-61c5-e5b7-8640-d38a440d77d2
8381;af18cc7a-fa8f-11e2-8e56-9f72c6160288;dbeef9a6-5811-45e1-403f-789644510f7a
84;af18cc7a-fa8f-11e2-8e56-9f72c6160288;e4a746b1-e4f3-8adb-7d89-7c297d6bfad1
8406;af18cc7a-fa8f-11e2-8e56-9f72c6160288;20d4e1ed-5fa7-643a-6496-29277a193c4f
8420;af18cc7a-fa8f-11e2-8e56-9f72c6160288;38ccf3f0-fe47-41a4-911e-0ab8112deeb8
8421;af18cc7a-fa8f-11e2-8e56-9f72c6160288;bf93351c-d8c8-db93-ee50-d981d3e89c9f
8421A;af18cc7a-fa8f-11e2-8e56-9f72c6160288;6f755a56-ee1f-7c37-ccff-0523ddd5fdcc
8429;af18cc7a-fa8f-11e2-8e56-9f72c6160288;8220e406-c837-5ee2-ccd6-e5e53ecbb77f
843;af18cc7a-fa8f-11e2-8e56-9f72c6160288;801edc74-f72f-d202-403c-6eda710c141c
8462;af18cc7a-fa8f-11e2-8e56-9f72c6160288;98a7678f-9127-e9fc-1e49-3983a087e6ae
85;af18cc7a-fa8f-11e2-8e56-9f72c6160288;4d409644-6944-1d59-3551-84e3b99170ae
8548;af18cc7a-fa8f-11e2-8e56-9f72c6160288;b1f8f664-a0f4-08bd-f12d-96e8f11e8d68
854A;af18cc7a-fa8f-11e2-8e56-9f72c6160288;7458dc4e-146c-6c5d-ebdc-c1a30ff68968
856;af18cc7a-fa8f-11e2-8e56-9f72c6160288;cf16067d-82e7-e2ca-3779-578e268b5144
8564;af18cc7a-fa8f-11e2-8e56-9f72c6160288;5bc60dd2-7837-e022-834b-b5f26f652073
8569;af18cc7a-fa8f-11e2-8e56-9f72c6160288;f217a9db-4aff-4c86-90c4-b9115e6d8c30
8570;af18cc7a-fa8f-11e2-8e56-9f72c6160288;ad9e3d58-8164-77b0-e5fd-50795cd5e4b9
8571;af18cc7a-fa8f-11e2-8e56-9f72c6160288;ab03062b-9d6e-fb45-fbb5-df913589a2d6
8584;af18cc7a-fa8f-11e2-8e56-9f72c6160288;cc26f450-3dd9-535d-7736-ea1402a60404
8585G;af18cc7a-fa8f-11e2-8e56-9f72c6160288;d8fb1434-02da-ffde-bd47-1495dfee9a06
8598;af18cc7a-fa8f-11e2-8e56-9f72c6160288;af69f432-5f07-7644-4cd7-50863e77fc29
8599;af18cc7a-fa8f-11e2-8e56-9f72c6160288;8673948a-a34f-cd2c-42da-b86a0ad530b3
86;af18cc7a-fa8f-11e2-8e56-9f72c6160288;7d382b87-889c-1339-565b-a9080a81ee9d
8600;af18cc7a-fa8f-11e2-8e56-9f72c6160288;3a12b221-8c89-b9ab-465d-f29b9466b928
8604;af18cc7a-fa8f-11e2-8e56-9f72c6160288;e3bda0fd-e60f-ab94-46a5-8cea402a9585
863;af18cc7a-fa8f-11e2-8e56-9f72c6160288;8096c633-22cb-6a73-e500-100fb74e0a45
864;af18cc7a-fa8f-11e2-8e56-9f72c6160288;97e43a55-a5b3-7c08-3858-d680ed8bd06f
865;af18cc7a-fa8f-11e2-8e56-9f72c6160288;5e3c49b1-10aa-b936-d958-296213baf99b
866;af18cc7a-fa8f-11e2-8e56-9f72c6160288;451d0751-44e9-6746-544a-dc8987607b17
8668;af18cc7a-fa8f-11e2-8e56-9f72c6160288;38b07411-7806-0383-4338-70c1dd3e0fdf
8669;af18cc7a-fa8f-11e2-8e56-9f72c6160288;06d63399-6e11-6a9c-cef5-1538b4d0d417
867;af18cc7a-fa8f-11e2-8e56-9f72c6160288;ca856cf1-ee72-5d24-4630-60049ebdc39c
8676;af18cc7a-fa8f-11e2-8e56-9f72c6160288;1fcf9253-0acc-56fb-f451-61cffca3b5c6
868;af18cc7a-fa8f-11e2-8e56-9f72c6160288;3c335e6b-788b-af79-0096-764e9696da5c
8685(1);af18cc7a-fa8f-11e2-8e56-9f72c6160288;66188668-69ab-25fe-1a49-9f8078b39917
8685(10);af18cc7a-fa8f-11e2-8e56-9f72c6160288;9d1153ea-0c94-8819-0991-82f7ad25fc20
8685(11);af18cc7a-fa8f-11e2-8e56-9f72c6160288;961378ba-9ca5-8269-9d17-ecef1dd8d83a
8685(12);af18cc7a-fa8f-11e2-8e56-9f72c6160288;89be62c3-7923-0252-1e94-7a6f9da590c5
8685(13);af18cc7a-fa8f-11e2-8e56-9f72c6160288;3ed8d798-4484-d948-9518-4301934c2dec
8685(14);af18cc7a-fa8f-11e2-8e56-9f72c6160288;f644d6ca-0cd4-446e-3b91-73000e66ffd6
8685(15);af18cc7a-fa8f-11e2-8e56-9f72c6160288;3ec7841e-bfd4-293c-fa30-61c1683686ed
8685(16);af18cc7a-fa8f-11e2-8e56-9f72c6160288;15b30016-0189-e861-49d7-635ab014dcac
8685(17);af18cc7a-fa8f-11e2-8e56-9f72c6160288;22c1c67f-ae55-3e05-77cc-405746285c43
8685(18);af18cc7a-fa8f-11e2-8e56-9f72c6160288;3d993272-4461-cd75-4091-bb24b5477b7f
8685(19);af18cc7a-fa8f-11e2-8e56-9f72c6160288;b7aad4c8-7ba2-8133-80fc-0b33c68f0a03
8685(2);af18cc7a-fa8f-11e2-8e56-9f72c6160288;c1b35ca8-1eb0-35a4-0cd9-c9903e31d04a
8685(20);af18cc7a-fa8f-11e2-8e56-9f72c6160288;cd3b7000-66b0-2c72-0914-44f46e8537f5
8685(21);af18cc7a-fa8f-11e2-8e56-9f72c6160288;ea5faa29-e19a-0592-da9e-900e4943e902
8685(3);af18cc7a-fa8f-11e2-8e56-9f72c6160288;23b91d77-8bc8-1274-de8d-09667e3556c1
8685(4);af18cc7a-fa8f-11e2-8e56-9f72c6160288;e3159a95-6f38-bde6-763f-04b9cae2019b
8685(5);af18cc7a-fa8f-11e2-8e56-9f72c6160288;2b169574-da7a-9b7b-13a7-b144857cc40e
8685(6);af18cc7a-fa8f-11e2-8e56-9f72c6160288;fbe85217-480d-d8ab-c199-ee31e46b9c24
8685(7);af18cc7a-fa8f-11e2-8e56-9f72c6160288;f39651c5-ab4a-7cbc-f815-8eb08559601c
8685(8);af18cc7a-fa8f-11e2-8e56-9f72c6160288;6e4ed1c5-3ecc-47a7-1860-22da2d03454a
8685(9);af18cc7a-fa8f-11e2-8e56-9f72c6160288;d11ba4d0-f740-dfe6-6bcf-98df4ae9c9b0
8687;af18cc7a-fa8f-11e2-8e56-9f72c6160288;f5df4f1a-66c8-9419-9d39-35ff46802409
8688;af18cc7a-fa8f-11e2-8e56-9f72c6160288;b1bea226-83fc-1f68-0e70-5913547da565
8693A;af18cc7a-fa8f-11e2-8e56-9f72c6160288;f273f692-9624-b806-d508-e86ed5d07e87
8693B;af18cc7a-fa8f-11e2-8e56-9f72c6160288;e50f3458-cfd6-9af0-b26b-f90dcd39e7f8
8693C;af18cc7a-fa8f-11e2-8e56-9f72c6160288;d92a9376-08eb-531a-d35a-27517751bee1
8693D;af18cc7a-fa8f-11e2-8e56-9f72c6160288;e26e7c5b-b861-28e9-1d0b-86a008298980
8693E;af18cc7a-fa8f-11e2-8e56-9f72c6160288;f238f310-eb40-aa18-5596-b61899a499d1
8693F;af18cc7a-fa8f-11e2-8e56-9f72c6160288;dd025a60-6b96-ef85-d7a5-7101e2230566
8693G;af18cc7a-fa8f-11e2-8e56-9f72c6160288;ac156377-f5f7-b204-de96-f9c983658c19
8693H;af18cc7a-fa8f-11e2-8e56-9f72c6160288;650ca3db-9692-b2de-5e16-4556d49be5be
8693I;af18cc7a-fa8f-11e2-8e56-9f72c6160288;e19ca091-d67a-72e8-15a9-a12aa70d7f34
8698;af18cc7a-fa8f-11e2-8e56-9f72c6160288;77fa1f0c-4974-3d05-6398-d5cde5d78a61
8699;af18cc7a-fa8f-11e2-8e56-9f72c6160288;864f17f2-661c-7b15-11c3-31ec8974b1e0
87;af18cc7a-fa8f-11e2-8e56-9f72c6160288;dd338499-1b83-d09f-83d2-fb98d34bcf12
870;af18cc7a-fa8f-11e2-8e56-9f72c6160288;94c0c3a9-5d8c-8871-006f-0536003bb0f1
8700;af18cc7a-fa8f-11e2-8e56-9f72c6160288;eb6aa4cc-0cf0-3733-92f0-68ea30c15f93
8701;af18cc7a-fa8f-11e2-8e56-9f72c6160288;671de8d8-0e11-7a8b-b203-285ac35f9a18
8722;af18cc7a-fa8f-11e2-8e56-9f72c6160288;c9db649e-2f4b-1a36-634a-e1ef8b25a7bb
8723;af18cc7a-fa8f-11e2-8e56-9f72c6160288;dabb262b-74aa-0f96-a067-5272da4e6112
8724;af18cc7a-fa8f-11e2-8e56-9f72c6160288;7a33e571-b0d9-9996-3684-5f4d90199ba6
8725;af18cc7a-fa8f-11e2-8e56-9f72c6160288;6c81cdad-d219-96bd-d3bc-4730ff0ed55b
873;af18cc7a-fa8f-11e2-8e56-9f72c6160288;80205b3a-fb4e-bd60-b80e-07d1194b4278
8741;af18cc7a-fa8f-11e2-8e56-9f72c6160288;14ab654f-7554-2ea1-27f4-2f62ba9b8c1f
8745;af18cc7a-fa8f-11e2-8e56-9f72c6160288;0eb2680b-fa69-9dd9-b058-241776ec8b23
875 (lost);af18cc7a-fa8f-11e2-8e56-9f72c6160288;
88;af18cc7a-fa8f-11e2-8e56-9f72c6160288;715a111b-606f-8326-95c5-8c05ab9db4e5
8804;af18cc7a-fa8f-11e2-8e56-9f72c6160288;0f00d8cd-8c0a-d2b9-4377-6ca8896ee0cc
8805;af18cc7a-fa8f-11e2-8e56-9f72c6160288;ed1f3302-a151-656c-605d-dfccb12452d0
8808;af18cc7a-fa8f-11e2-8e56-9f72c6160288;6028e615-4737-efff-0a60-ed0be9ec0122
882;af18cc7a-fa8f-11e2-8e56-9f72c6160288;89e17a79-b992-d4e6-34a0-62af22ba2fad
8838;af18cc7a-fa8f-11e2-8e56-9f72c6160288;5448a292-c87a-7b37-275b-eefe58c68b3b
8839;af18cc7a-fa8f-11e2-8e56-9f72c6160288;c851c1df-4c17-3186-7001-8a9432d25ba4
8840;af18cc7a-fa8f-11e2-8e56-9f72c6160288;e745fa05-8bd1-779d-3d1d-9654db7e1086
8841;af18cc7a-fa8f-11e2-8e56-9f72c6160288;368eda95-c2de-2bce-50c7-a5a27fd28cb9
8842;af18cc7a-fa8f-11e2-8e56-9f72c6160288;c2c59a10-43f7-38e0-d251-3a4a25ff7019
8843;af18cc7a-fa8f-11e2-8e56-9f72c6160288;9ac839db-8e69-a033-bc66-b3609437e40a
8844;af18cc7a-fa8f-11e2-8e56-9f72c6160288;d60fd332-5d0d-951e-ca27-372b08a7b209
8845;af18cc7a-fa8f-11e2-8e56-9f72c6160288;97dc0b69-dcaf-4e54-a4c6-c8ef58d8e22f
8846;af18cc7a-fa8f-11e2-8e56-9f72c6160288;e8778084-1c75-8267-ae3c-2abe1264a7bd
8847;af18cc7a-fa8f-11e2-8e56-9f72c6160288;39bc1aea-f5b6-f1b2-c2aa-1afb2ba56ef8
8848;af18cc7a-fa8f-11e2-8e56-9f72c6160288;03acdf2a-eb87-eab5-ebf8-c45c65bfe92f
8850;af18cc7a-fa8f-11e2-8e56-9f72c6160288;41156ad4-d2fa-3208-9615-6e20207a9c71
8866;af18cc7a-fa8f-11e2-8e56-9f72c6160288;e1319550-8174-cbbc-d1ac-f07879ed2915
8880;af18cc7a-fa8f-11e2-8e56-9f72c6160288;b3e0c51f-1a23-8bc7-d189-468dd2add2ac
8881;af18cc7a-fa8f-11e2-8e56-9f72c6160288;ec3a689c-7bf3-f6f5-dc41-0bbd21f4bab6
8882;af18cc7a-fa8f-11e2-8e56-9f72c6160288;6be48fd4-f1cd-4915-075b-a99ac87b6c98
8884;af18cc7a-fa8f-11e2-8e56-9f72c6160288;e0951182-a6b3-70f5-3780-43dcabdcbbc3
8885;af18cc7a-fa8f-11e2-8e56-9f72c6160288;0f378d20-8f12-bae8-5408-4a0867e53025
8907;af18cc7a-fa8f-11e2-8e56-9f72c6160288;07503dc8-f0bb-03a6-8706-01125105b455
8914;af18cc7a-fa8f-11e2-8e56-9f72c6160288;3fa15e69-8979-acd2-7a10-469ab1e1a3ff
8915;af18cc7a-fa8f-11e2-8e56-9f72c6160288;8f7d3bde-e1a2-f3fe-fbe6-f754cf86a755
8932;af18cc7a-fa8f-11e2-8e56-9f72c6160288;1ce57370-4d6e-dba8-bed3-f0fe1d081735
8954;af18cc7a-fa8f-11e2-8e56-9f72c6160288;382b33da-36e1-4388-2cf3-f313b6585ae3
8955;af18cc7a-fa8f-11e2-8e56-9f72c6160288;38820ca5-f0b7-6ad7-4d1d-a663809bfb7e
896;af18cc7a-fa8f-11e2-8e56-9f72c6160288;b8a9cab6-737c-2273-d767-c8915fc36be0
8967;af18cc7a-fa8f-11e2-8e56-9f72c6160288;dbbb33e2-a15e-12fe-0c5b-fbaa012c013a
8987;af18cc7a-fa8f-11e2-8e56-9f72c6160288;61f6e2a9-356e-fa9b-e0b6-31036e463f3a
8988.p129;af18cc7a-fa8f-11e2-8e56-9f72c6160288;974f1407-45d8-5a13-f939-668ec49cf653
8988.p25;af18cc7a-fa8f-11e2-8e56-9f72c6160288;09a67f19-1c94-1c3a-b689-b21915a534dc
89A;af18cc7a-fa8f-11e2-8e56-9f72c6160288;026893c7-5ccb-5bef-0305-17eeff186af5
89B;af18cc7a-fa8f-11e2-8e56-9f72c6160288;f6a111c8-e739-5d88-c2f1-4326c478ca84
90;af18cc7a-fa8f-11e2-8e56-9f72c6160288;de4bc8ef-1837-e16d-9522-f0af655d8593
9000;af18cc7a-fa8f-11e2-8e56-9f72c6160288;7a51a81c-b7e0-5cc0-6505-74a884125bff
9001;af18cc7a-fa8f-11e2-8e56-9f72c6160288;83bdffe1-1226-851e-5393-ffe264c8e651
9002;af18cc7a-fa8f-11e2-8e56-9f72c6160288;2da425a7-da5a-1a4c-f511-9c858dba764d
9003;af18cc7a-fa8f-11e2-8e56-9f72c6160288;334557d3-902e-10df-ffc2-8ad4a8b7b4df
9004;af18cc7a-fa8f-11e2-8e56-9f72c6160288;a1355159-fc7c-485e-8a07-03ee1a0e6a29
9004A;af18cc7a-fa8f-11e2-8e56-9f72c6160288;f59d39ef-8f12-256f-3187-0a5369bd9d8a
9004B;af18cc7a-fa8f-11e2-8e56-9f72c6160288;f1ae8dcb-1a00-3089-36e0-c9f9eccc772f
9004C;af18cc7a-fa8f-11e2-8e56-9f72c6160288;5aa89d07-4f80-9420-7788-53d249277b9e
9004D;af18cc7a-fa8f-11e2-8e56-9f72c6160288;1bedf223-c77b-2a89-cff4-679ea3c1d90c
9004E;af18cc7a-fa8f-11e2-8e56-9f72c6160288;c126a726-8324-9cae-2cf5-d14c613aa7fd
9004F;af18cc7a-fa8f-11e2-8e56-9f72c6160288;ff631b71-20b7-4577-ca04-ccae24dde262
9004G;af18cc7a-fa8f-11e2-8e56-9f72c6160288;3aa8997a-fa10-b375-fb53-4dc3d28f0d07
9004H;af18cc7a-fa8f-11e2-8e56-9f72c6160288;4680bdf6-77fd-53df-519a-853902a714a0
9004I;af18cc7a-fa8f-11e2-8e56-9f72c6160288;024b7f3b-4b42-d9f3-6b68-1450925d93eb
9004J;af18cc7a-fa8f-11e2-8e56-9f72c6160288;3014678d-fec2-e72b-edfd-9a3427118b7f
9004K;af18cc7a-fa8f-11e2-8e56-9f72c6160288;ac5512c8-ace2-339a-1bdf-720a3051863f
9004L;af18cc7a-fa8f-11e2-8e56-9f72c6160288;b8aaf420-b0ba-9241-f3ab-3fa3d391d8b0
9005;af18cc7a-fa8f-11e2-8e56-9f72c6160288;511dd50f-1564-af06-e97b-1d07a65681f2
9006;af18cc7a-fa8f-11e2-8e56-9f72c6160288;c86a1f45-21a7-fb9f-add6-9ca49bcb2785
9007;af18cc7a-fa8f-11e2-8e56-9f72c6160288;b54d4856-021c-7e68-dd3c-808adbf8e99f
9008;af18cc7a-fa8f-11e2-8e56-9f72c6160288;c3563503-4adb-8fee-682f-91e79746e552
9009;af18cc7a-fa8f-11e2-8e56-9f72c6160288;1fab868a-b323-3ef5-82c7-7011015e066d
9024;af18cc7a-fa8f-11e2-8e56-9f72c6160288;b09dba25-4f7b-b449-6f22-0d34739db12d
9025;af18cc7a-fa8f-11e2-8e56-9f72c6160288;a224d92c-c1b5-5a89-31dc-d289a3558846
9026;af18cc7a-fa8f-11e2-8e56-9f72c6160288;413bda82-43a0-737e-14da-5b90444c1265
9027;af18cc7a-fa8f-11e2-8e56-9f72c6160288;40859032-b932-9276-3f24-1f096b32e0cc
9029;af18cc7a-fa8f-11e2-8e56-9f72c6160288;9a47f316-4599-1a49-81d9-55cb47c9bebb
9030;af18cc7a-fa8f-11e2-8e56-9f72c6160288;78dd9f97-6c73-c8c1-0a68-f9edae3725d6
9031;af18cc7a-fa8f-11e2-8e56-9f72c6160288;3044397e-8ccf-20c0-e0ed-62a448cd28a6
9037;af18cc7a-fa8f-11e2-8e56-9f72c6160288;b3bf8147-425c-f95c-b938-e0d3a9483830
9043;af18cc7a-fa8f-11e2-8e56-9f72c6160288;1ee07e54-a6c2-9a93-9d2d-108f12195ea3
9044;af18cc7a-fa8f-11e2-8e56-9f72c6160288;6fb87a14-563b-331d-2507-9bd5af38c9c4
9051;af18cc7a-fa8f-11e2-8e56-9f72c6160288;3059271c-036a-64cd-b395-65e41dafedf8
9052;af18cc7a-fa8f-11e2-8e56-9f72c6160288;9ceb7b9a-4de6-28c8-c035-429239265450
9053;af18cc7a-fa8f-11e2-8e56-9f72c6160288;d55ce49b-dd1d-0d83-10ca-dc456c67a86d
9056;af18cc7a-fa8f-11e2-8e56-9f72c6160288;84f32cc9-3654-1d8e-dd55-948166aa2552
9060;af18cc7a-fa8f-11e2-8e56-9f72c6160288;619138d4-2a8c-6063-1530-bb8f01e19646
9060B;af18cc7a-fa8f-11e2-8e56-9f72c6160288;7b137a12-b6c7-c77b-435c-27b73678f737
9060C;af18cc7a-fa8f-11e2-8e56-9f72c6160288;94d4ffde-4d6b-8858-4156-731c9f1ab5b6
9060D;af18cc7a-fa8f-11e2-8e56-9f72c6160288;7d5e28bf-6dd3-dbb2-e0ed-aa2bc35b31cd
9060E;af18cc7a-fa8f-11e2-8e56-9f72c6160288;027b9e0f-35b9-1ec8-bee3-bc7a39d45e9d
9060F;af18cc7a-fa8f-11e2-8e56-9f72c6160288;91d36294-e2f2-13dc-7b69-9efb7d7a281c
9060G;af18cc7a-fa8f-11e2-8e56-9f72c6160288;d325d99a-6c61-8aff-ac5f-7a1ce59353f8
9060H;af18cc7a-fa8f-11e2-8e56-9f72c6160288;ef5891b5-8ea9-31eb-2b76-804b27373dfc
9060I;af18cc7a-fa8f-11e2-8e56-9f72c6160288;e70382ea-2f13-f5af-0f39-4562ca8e1cd5
9060J;af18cc7a-fa8f-11e2-8e56-9f72c6160288;ee7b676b-2337-68c7-7b9c-d9d95fb31ca4
9060K;af18cc7a-fa8f-11e2-8e56-9f72c6160288;f99b9e9a-2eed-ec72-da41-5b8315aceff9
9060L;af18cc7a-fa8f-11e2-8e56-9f72c6160288;f3e06678-4ca3-849d-3969-2e788bda1a7f
9060M;af18cc7a-fa8f-11e2-8e56-9f72c6160288;9d12a69a-82de-342b-d1aa-9acfe78227a3
9060N;af18cc7a-fa8f-11e2-8e56-9f72c6160288;9bcf97b2-23fb-d6a3-9067-b7c13676e6e7
9060O;af18cc7a-fa8f-11e2-8e56-9f72c6160288;90d3acad-880f-5dc4-1e35-dd1dce2c7b23
9078;af18cc7a-fa8f-11e2-8e56-9f72c6160288;4df6f1d0-6b78-cab4-15f1-e9741c88397e
9083;af18cc7a-fa8f-11e2-8e56-9f72c6160288;112ee4a8-ccf6-69ec-8f3c-06f535f6daa6
9083A;af18cc7a-fa8f-11e2-8e56-9f72c6160288;bb5f2292-48e5-3461-7425-27e2441f921e
9083B;af18cc7a-fa8f-11e2-8e56-9f72c6160288;1ecf1147-dc64-a215-f668-102d28889538
9087;af18cc7a-fa8f-11e2-8e56-9f72c6160288;b33d3b33-7dd9-541c-5206-3400d348bd28
91;af18cc7a-fa8f-11e2-8e56-9f72c6160288;d0f77030-dbe2-ecd8-1928-e4f830fc02a4
9105;af18cc7a-fa8f-11e2-8e56-9f72c6160288;e6e623be-8734-a8b6-8743-09a2db2c910f
9106;af18cc7a-fa8f-11e2-8e56-9f72c6160288;d88b7009-9a4b-f0c6-796d-5fbd4df476ac
9107;af18cc7a-fa8f-11e2-8e56-9f72c6160288;00b65755-adad-7ecc-179e-195c65e60360
9108;af18cc7a-fa8f-11e2-8e56-9f72c6160288;fce409ca-b269-80e2-493b-dabdf13d85e6
9111;af18cc7a-fa8f-11e2-8e56-9f72c6160288;10f326fa-259f-6292-1755-8800f57dea5a
9143;af18cc7a-fa8f-11e2-8e56-9f72c6160288;1d1cf2db-b8c8-6027-32b7-6c2808559c0d
9144;af18cc7a-fa8f-11e2-8e56-9f72c6160288;4c801194-9872-72b1-b8ff-17d3dfd63f1e
9145;af18cc7a-fa8f-11e2-8e56-9f72c6160288;5c01b581-c7b7-857b-f7f7-ecf60c1d8d80
9146;af18cc7a-fa8f-11e2-8e56-9f72c6160288;4340a4a6-f304-51df-82d6-04254d8fb6b1
9147;af18cc7a-fa8f-11e2-8e56-9f72c6160288;e3023644-814c-db3e-c030-d8244336c087
9148;af18cc7a-fa8f-11e2-8e56-9f72c6160288;5b3c4924-661b-4178-8dac-2e1ea67621f9
9149;af18cc7a-fa8f-11e2-8e56-9f72c6160288;8c444823-895f-c7ea-a4e7-05cfe40c534d
9150;af18cc7a-fa8f-11e2-8e56-9f72c6160288;3ad6ea56-cfc6-5df0-2ff9-6e45027f9d2d
9151;af18cc7a-fa8f-11e2-8e56-9f72c6160288;1cc52a81-22af-7188-3b35-8d9586ce4a20
9152;af18cc7a-fa8f-11e2-8e56-9f72c6160288;3212d8ff-7aca-8798-70d9-73402f817393
9153;af18cc7a-fa8f-11e2-8e56-9f72c6160288;4dbc65bc-9f05-31ea-fa1a-4dde945a3529
9156;af18cc7a-fa8f-11e2-8e56-9f72c6160288;2b87f3e6-979c-a7ea-8279-66482bb38bcf
9171;af18cc7a-fa8f-11e2-8e56-9f72c6160288;ca7b4788-a75c-ad86-68f9-94becd027ba7
9173;af18cc7a-fa8f-11e2-8e56-9f72c6160288;362fcb21-b121-0c49-fb83-5d358e815812
9174;af18cc7a-fa8f-11e2-8e56-9f72c6160288;3b1cadf4-e9c1-ce5b-24c0-b683097fe95d
9175;af18cc7a-fa8f-11e2-8e56-9f72c6160288;e67fc5ea-c487-10d9-b8b4-9f1dd7e1bb01
9183;af18cc7a-fa8f-11e2-8e56-9f72c6160288;4b4b2b5e-79f0-2f63-5f52-ca1a3380705b
9199;af18cc7a-fa8f-11e2-8e56-9f72c6160288;cf408cf1-ce96-2fe8-e931-7d2c2b9bacb3
92;af18cc7a-fa8f-11e2-8e56-9f72c6160288;4c2ea7e9-53c8-5229-a26b-cdd0ae78ed49
9206;af18cc7a-fa8f-11e2-8e56-9f72c6160288;434c8739-45f9-2293-16dc-80e1ece478f3
9208;af18cc7a-fa8f-11e2-8e56-9f72c6160288;c5ead751-cdd9-f3f4-9bc9-5cdd602e5ad2
9223;af18cc7a-fa8f-11e2-8e56-9f72c6160288;bf83b960-8ecb-077d-a4db-c61bc74620ad
9224;af18cc7a-fa8f-11e2-8e56-9f72c6160288;d3c3888c-27fb-3736-5fff-8c841dccd4a8
9230;af18cc7a-fa8f-11e2-8e56-9f72c6160288;554a98d8-bacb-6748-33fb-45a779b5db0a
9231;af18cc7a-fa8f-11e2-8e56-9f72c6160288;5b4ff1f3-55fe-b900-2d8d-dca20027cbe9
9232;af18cc7a-fa8f-11e2-8e56-9f72c6160288;9ee8760f-9a29-06f4-32b8-9fe241cb3091
9233;af18cc7a-fa8f-11e2-8e56-9f72c6160288;c897f9a8-f47d-11a4-9b23-eef0324e4c10
9234;af18cc7a-fa8f-11e2-8e56-9f72c6160288;87a39f20-f36d-6416-8538-dc4a88a08d49
9235;af18cc7a-fa8f-11e2-8e56-9f72c6160288;0b065f36-81cc-713c-ce8c-21a0e1e2d9a2
9235A;af18cc7a-fa8f-11e2-8e56-9f72c6160288;5cf4d63a-490d-63b1-4cab-32ad402db101
9246;af18cc7a-fa8f-11e2-8e56-9f72c6160288;f0a24188-7446-7b67-d247-1bbf7ba80712
9247;af18cc7a-fa8f-11e2-8e56-9f72c6160288;9a1da967-b135-b02e-904c-ec60001d928e
9248;af18cc7a-fa8f-11e2-8e56-9f72c6160288;4b4912fe-8733-02d4-967a-b4651279416e
9256;af18cc7a-fa8f-11e2-8e56-9f72c6160288;0180271b-b186-c4a2-5aac-12ff1d7e2839
9257;af18cc7a-fa8f-11e2-8e56-9f72c6160288;25477aac-2d12-0425-00c1-11680ba73a16
9258;af18cc7a-fa8f-11e2-8e56-9f72c6160288;5621e3d3-fe89-da11-d90f-076193c473fc
9260;af18cc7a-fa8f-11e2-8e56-9f72c6160288;892c2496-dcd1-6e70-8ab5-ab36d2853eb7
9294;af18cc7a-fa8f-11e2-8e56-9f72c6160288;7f00ec3d-b196-435b-53c9-c09d13a92940
9295;af18cc7a-fa8f-11e2-8e56-9f72c6160288;e59dc952-c3a8-fa3f-76d9-13f300bb72d5
93;af18cc7a-fa8f-11e2-8e56-9f72c6160288;4239ae59-1415-68d1-27c7-ab3e59179037
9309;af18cc7a-fa8f-11e2-8e56-9f72c6160288;db6ee58a-e40d-ccc2-4535-3d19c09ac1b5
9310;af18cc7a-fa8f-11e2-8e56-9f72c6160288;77b76b8c-3776-0325-c29d-c3fabf74d16d
9316;af18cc7a-fa8f-11e2-8e56-9f72c6160288;c6365e9e-d172-9ac9-0d90-f388f1dd6e38
9320;af18cc7a-fa8f-11e2-8e56-9f72c6160288;4c4a1784-96e6-92c5-73b5-55d187b085de
9323;af18cc7a-fa8f-11e2-8e56-9f72c6160288;8c1e7cac-4414-935e-ac48-4f4a033ed0ae
9334;af18cc7a-fa8f-11e2-8e56-9f72c6160288;7ab79d0b-492b-8b59-be25-5477f50be6f2
9335;af18cc7a-fa8f-11e2-8e56-9f72c6160288;5a9cc19f-cc95-7782-a7a1-3e75de95f5f2
9336;af18cc7a-fa8f-11e2-8e56-9f72c6160288;1e63d779-a5e3-7d11-6785-2c5dc03ef82c
9337;af18cc7a-fa8f-11e2-8e56-9f72c6160288;0b4c35ec-3184-9c7c-f255-6ddc2f442876
9338;af18cc7a-fa8f-11e2-8e56-9f72c6160288;e007917e-1c6d-05e5-c8e4-a87331df2344
9339B(1);af18cc7a-fa8f-11e2-8e56-9f72c6160288;e658cff4-e207-663e-f30c-def30fcf2e57
9339B(10);af18cc7a-fa8f-11e2-8e56-9f72c6160288;4a5a20fe-2225-d3cf-3824-edf4975cfdf2
9339B(11);af18cc7a-fa8f-11e2-8e56-9f72c6160288;eb10d0b4-8b24-c6f1-3d21-0f9a413cf4e0
9339B(12);af18cc7a-fa8f-11e2-8e56-9f72c6160288;08cf8ef2-bf55-72a4-2c09-c80ba607e80a
9339B(13);af18cc7a-fa8f-11e2-8e56-9f72c6160288;85391f3c-6ebc-006e-0f8e-8bc6fff31543
9339B(14);af18cc7a-fa8f-11e2-8e56-9f72c6160288;1e78f795-31d7-91ff-6f34-f4a6238c7d22
9339B(2);af18cc7a-fa8f-11e2-8e56-9f72c6160288;09d0042a-0335-f3f6-dba5-20e5a8c39595
9339B(3);af18cc7a-fa8f-11e2-8e56-9f72c6160288;0e50d3f9-873d-d629-46ff-32cd4eff6d98
9339B(4);af18cc7a-fa8f-11e2-8e56-9f72c6160288;d06e6211-adb9-1777-1572-3c20ff826781
9339B(5);af18cc7a-fa8f-11e2-8e56-9f72c6160288;83b4a995-4120-8a9d-a468-4e0b04954f56
9339B(6);af18cc7a-fa8f-11e2-8e56-9f72c6160288;024be4c0-7877-5274-4422-3ab7ac897304
9339B(7);af18cc7a-fa8f-11e2-8e56-9f72c6160288;77646908-4df0-97ee-dce5-3d0f5dce77ec
9339B(8);af18cc7a-fa8f-11e2-8e56-9f72c6160288;7e2ee27d-aa84-0b8b-361a-a91ec6546ca4
9339B(9);af18cc7a-fa8f-11e2-8e56-9f72c6160288;b17beb5d-8fd6-dc18-3d99-888b8cff1d34
9339C;af18cc7a-fa8f-11e2-8e56-9f72c6160288;883187f5-f27c-5d63-0b54-de28f330e9a6
9339D;af18cc7a-fa8f-11e2-8e56-9f72c6160288;c7455667-b9ea-c8ed-ba78-809dea43e8c2
9340;af18cc7a-fa8f-11e2-8e56-9f72c6160288;1d3d71be-4537-cd6c-2e16-21ba93f73862
9341;af18cc7a-fa8f-11e2-8e56-9f72c6160288;57dab99b-445e-1589-b140-96b2283e633f
9346;af18cc7a-fa8f-11e2-8e56-9f72c6160288;be4abc5c-448c-4da1-ae28-b43b0e35ea64
9350;af18cc7a-fa8f-11e2-8e56-9f72c6160288;e46e01d7-95ef-f081-949c-bde99619778d
9352;af18cc7a-fa8f-11e2-8e56-9f72c6160288;b69fc5a7-5259-44ae-9259-1f0344e2649f
9353;af18cc7a-fa8f-11e2-8e56-9f72c6160288;0376991a-fb0b-13d4-c79f-64c2b409c181
9391;af18cc7a-fa8f-11e2-8e56-9f72c6160288;5a174f95-1c96-4022-fd70-5874147ce3d3
9391(1);af18cc7a-fa8f-11e2-8e56-9f72c6160288;4a375aac-48ea-e218-2462-8068da2f38eb
9391(10);af18cc7a-fa8f-11e2-8e56-9f72c6160288;286521fa-4526-9401-9117-9a61352634ab
9391(100);af18cc7a-fa8f-11e2-8e56-9f72c6160288;6fcc8f6e-7d84-fe96-47dc-df9dd6895286
9391(101);af18cc7a-fa8f-11e2-8e56-9f72c6160288;fd72563f-5ceb-6cce-4560-f60a28d88f71
9391(102);af18cc7a-fa8f-11e2-8e56-9f72c6160288;4bae92b9-799d-b0c1-72f1-340f81615b0f
9391(103);af18cc7a-fa8f-11e2-8e56-9f72c6160288;1d939961-0263-a05d-3660-fa3ea3f7e655
9391(104);af18cc7a-fa8f-11e2-8e56-9f72c6160288;a21113ab-686f-119d-5ac7-28f009c35061
9391(105);af18cc7a-fa8f-11e2-8e56-9f72c6160288;dd80c620-a4f4-fe8c-bb8b-2a9ad45790ed
9391(106);af18cc7a-fa8f-11e2-8e56-9f72c6160288;88752f1b-b34e-e3b2-3eb0-8840265ce5ee
9391(107);af18cc7a-fa8f-11e2-8e56-9f72c6160288;89cf637f-c3e6-b6d0-8714-ff8a3cae2406
9391(108);af18cc7a-fa8f-11e2-8e56-9f72c6160288;e95ab3d4-d14d-926b-30fd-1f4d56249dc1
9391(109);af18cc7a-fa8f-11e2-8e56-9f72c6160288;e73d2876-59fb-e480-d29b-caea265b81f9
9391(11);af18cc7a-fa8f-11e2-8e56-9f72c6160288;96a2504a-360d-9ede-3137-a258ce68a45c
9391(110);af18cc7a-fa8f-11e2-8e56-9f72c6160288;e0eab7dc-f608-a14d-3058-020b4e24c216
9391(111);af18cc7a-fa8f-11e2-8e56-9f72c6160288;14b66dac-c68f-5b08-2356-da965a9f6c93
9391(112);af18cc7a-fa8f-11e2-8e56-9f72c6160288;d66de342-03f6-936e-8b28-5319c0d7a861
9391(113);af18cc7a-fa8f-11e2-8e56-9f72c6160288;77648f1b-1b49-8064-2a5d-4aa25ed56e1d
9391(114);af18cc7a-fa8f-11e2-8e56-9f72c6160288;17a5ad5b-a81d-a9e0-52c1-30d3067cbed7
9391(115);af18cc7a-fa8f-11e2-8e56-9f72c6160288;e8c437f6-98af-17f4-4bd7-521626f99604
9391(116);af18cc7a-fa8f-11e2-8e56-9f72c6160288;c9380404-5ac7-d2e5-013c-7ef39ccb9471
9391(117);af18cc7a-fa8f-11e2-8e56-9f72c6160288;4fe39c71-57bd-85aa-a4cf-81d5e17149eb
9391(118);af18cc7a-fa8f-11e2-8e56-9f72c6160288;c3cd85c2-8476-cf3b-0c6a-759abe0f087c
9391(119);af18cc7a-fa8f-11e2-8e56-9f72c6160288;53b31d6a-7f54-fd9f-def3-985ec56d2873
9391(12);af18cc7a-fa8f-11e2-8e56-9f72c6160288;0d39f879-5d41-b4af-598c-b11a8513c6a8
9391(120);af18cc7a-fa8f-11e2-8e56-9f72c6160288;1c2f5ea3-8f7b-9055-2ab5-14e03b636703
9391(121);af18cc7a-fa8f-11e2-8e56-9f72c6160288;d14a9670-c4a7-6826-13a7-a9addbf42583
9391(122);af18cc7a-fa8f-11e2-8e56-9f72c6160288;db68e092-b965-3474-8f28-3dcf8a8308d4
9391(123);af18cc7a-fa8f-11e2-8e56-9f72c6160288;f1631993-50e2-7d97-26eb-72a03caddda9
9391(124);af18cc7a-fa8f-11e2-8e56-9f72c6160288;112d72ee-f1f2-b7d2-3ba7-98af214c44f4
9391(125);af18cc7a-fa8f-11e2-8e56-9f72c6160288;10cabb99-f440-3a27-55f8-aa27a8a0c3f3
9391(126);af18cc7a-fa8f-11e2-8e56-9f72c6160288;fab0b7d7-eca3-5a5d-1f78-0a801919950d
9391(127);af18cc7a-fa8f-11e2-8e56-9f72c6160288;3f672621-555c-4585-d288-9a3926675f4e
9391(128);af18cc7a-fa8f-11e2-8e56-9f72c6160288;f234454f-0ba1-679a-b896-ee99f46fb0d3
9391(129);af18cc7a-fa8f-11e2-8e56-9f72c6160288;fbc9d4ca-1bd9-995f-217a-30b2458c8c8a
9391(13);af18cc7a-fa8f-11e2-8e56-9f72c6160288;bed7718d-86a8-dfd2-5ccb-d4ea90931801
9391(130);af18cc7a-fa8f-11e2-8e56-9f72c6160288;5e2785bc-5669-2d48-8b58-09c1ea68f4f7
9391(131);af18cc7a-fa8f-11e2-8e56-9f72c6160288;dc575348-7980-55fe-8ab0-aac722f6e20e
9391(132);af18cc7a-fa8f-11e2-8e56-9f72c6160288;7c3ef0ff-af8c-a334-9570-dbd8abff7aaa
9391(133);af18cc7a-fa8f-11e2-8e56-9f72c6160288;31da6f73-89a9-a2cb-e4d4-4288871bb2b1
9391(134);af18cc7a-fa8f-11e2-8e56-9f72c6160288;f1aae7f2-ad90-508a-2fe9-95ebebc907ae
9391(135);af18cc7a-fa8f-11e2-8e56-9f72c6160288;7394a0c0-43fa-4094-aa8a-18a48eb9530a
9391(136);af18cc7a-fa8f-11e2-8e56-9f72c6160288;15103551-7db0-9840-c2be-b6f025ffb435
9391(137);af18cc7a-fa8f-11e2-8e56-9f72c6160288;95a9850a-291d-01dc-00a2-74cad18565e9
9391(138);af18cc7a-fa8f-11e2-8e56-9f72c6160288;57a2d75b-cd46-b44b-2310-c1ac289b0bc1
9391(139);af18cc7a-fa8f-11e2-8e56-9f72c6160288;1fa2109e-85a9-f60b-10e8-af910a1ab1e3
9391(14);af18cc7a-fa8f-11e2-8e56-9f72c6160288;99d660ba-0483-e8c1-2760-e2abe3b3409b
9391(140);af18cc7a-fa8f-11e2-8e56-9f72c6160288;ebb30f87-e841-7e52-32fc-82fb0d0cf4b6
9391(141);af18cc7a-fa8f-11e2-8e56-9f72c6160288;99fa569a-f795-3d7b-f996-35d55eba1337
9391(142);af18cc7a-fa8f-11e2-8e56-9f72c6160288;c013afd6-67fc-893b-0993-39633f2c9d8b
9391(143);af18cc7a-fa8f-11e2-8e56-9f72c6160288;5cb407f6-ce8d-11a0-ee53-8a2d355d15a5
9391(144);af18cc7a-fa8f-11e2-8e56-9f72c6160288;f018119a-4b6c-c5fe-895c-81dc6400445b
9391(145);af18cc7a-fa8f-11e2-8e56-9f72c6160288;74fd8b70-9fe0-433e-0e6a-a7a81fa9c343
9391(146);af18cc7a-fa8f-11e2-8e56-9f72c6160288;b5f64ce2-57a3-ecfa-f44e-d8bdbeac2e46
9391(147);af18cc7a-fa8f-11e2-8e56-9f72c6160288;1fc86b97-a1e0-e256-c8fb-d663d07c758b
9391(148);af18cc7a-fa8f-11e2-8e56-9f72c6160288;81ac97cc-b29d-90f3-a6c2-8494dcd73245
9391(149);af18cc7a-fa8f-11e2-8e56-9f72c6160288;46a37589-1b3e-2ab5-e457-dbc3c1b90fa9
9391(15);af18cc7a-fa8f-11e2-8e56-9f72c6160288;f744753e-f835-73cc-354c-2b07be7334da
9391(150);af18cc7a-fa8f-11e2-8e56-9f72c6160288;7df5d7ed-12fb-f652-067a-f51018975f7f
9391(151);af18cc7a-fa8f-11e2-8e56-9f72c6160288;a574ba3f-1910-d390-abfa-14907ea9689e
9391(152);af18cc7a-fa8f-11e2-8e56-9f72c6160288;4f287d27-083c-878d-9cfa-6f0ef9c614a1
9391(153);af18cc7a-fa8f-11e2-8e56-9f72c6160288;147b8a22-5e91-4258-fc8c-b3d5f13e64b8
9391(154);af18cc7a-fa8f-11e2-8e56-9f72c6160288;320ae21e-f5bc-284b-5f47-3c8e1ad3ab71
9391(154a);af18cc7a-fa8f-11e2-8e56-9f72c6160288;ed1908d4-2747-7a5b-5929-f2870c636922
9391(155);af18cc7a-fa8f-11e2-8e56-9f72c6160288;2950c9f2-a2ab-5847-ad13-f14781b04c2d
9391(156);af18cc7a-fa8f-11e2-8e56-9f72c6160288;396c2078-6c6b-34f4-c726-eb34189daa9f
9391(157);af18cc7a-fa8f-11e2-8e56-9f72c6160288;808e64b8-39c5-18c7-9103-71faceb4abcb
9391(158);af18cc7a-fa8f-11e2-8e56-9f72c6160288;d2cafb57-ff7a-d170-9fb6-067b967ee60c
9391(159);af18cc7a-fa8f-11e2-8e56-9f72c6160288;194cfe67-176a-929e-999b-824aaa155f61
9391(16);af18cc7a-fa8f-11e2-8e56-9f72c6160288;110f752d-bf48-50c2-e884-12ac00bfefdb
9391(160);af18cc7a-fa8f-11e2-8e56-9f72c6160288;b14d8ba1-953c-9223-c800-7bb219020472
9391(161);af18cc7a-fa8f-11e2-8e56-9f72c6160288;4352059e-2bb4-0bbb-194c-1d72fe4d8906
9391(17);af18cc7a-fa8f-11e2-8e56-9f72c6160288;0681b91e-c365-e161-33aa-65216903b333
9391(18);af18cc7a-fa8f-11e2-8e56-9f72c6160288;b58f433f-bc33-4528-39a7-d9425dc6fac9
9391(19);af18cc7a-fa8f-11e2-8e56-9f72c6160288;78095a99-c289-4218-7dfe-d94cd3582a68
9391(2);af18cc7a-fa8f-11e2-8e56-9f72c6160288;291b520f-b5be-22c0-1dff-1fc606801a4b
9391(20);af18cc7a-fa8f-11e2-8e56-9f72c6160288;1abcb191-434f-56b2-6df7-37dcbfbb47fc
9391(21);af18cc7a-fa8f-11e2-8e56-9f72c6160288;5806d4c2-ddfd-5543-3663-70f819dc43ed
9391(22);af18cc7a-fa8f-11e2-8e56-9f72c6160288;fdb0f08e-cacb-e43c-f86e-661a55e5c538
9391(23);af18cc7a-fa8f-11e2-8e56-9f72c6160288;86f12d7d-ac10-88e3-1e41-a4199c1bcf2f
9391(24);af18cc7a-fa8f-11e2-8e56-9f72c6160288;d90b9acb-645e-1f55-f29d-8aa23e293d04
9391(25);af18cc7a-fa8f-11e2-8e56-9f72c6160288;9a79976b-acdf-c18e-70eb-7dcc516b8db7
9391(26);af18cc7a-fa8f-11e2-8e56-9f72c6160288;08390dec-18bb-3031-7ec4-faddcbda7963
9391(27);af18cc7a-fa8f-11e2-8e56-9f72c6160288;c5c43873-34d2-5cda-747d-5f0f7d90a1e1
9391(28);af18cc7a-fa8f-11e2-8e56-9f72c6160288;3c10019e-b798-d895-ff71-54e35bf5f9db
9391(29);af18cc7a-fa8f-11e2-8e56-9f72c6160288;0f5a3e56-9f21-5039-137b-2a122f4e60ee
9391(3);af18cc7a-fa8f-11e2-8e56-9f72c6160288;ad4ad8be-5a3e-b46a-27e4-789a8132ba1b
9391(30);af18cc7a-fa8f-11e2-8e56-9f72c6160288;0d244b2d-db8e-9080-91c8-22fc79fb5eb3
9391(31);af18cc7a-fa8f-11e2-8e56-9f72c6160288;f55aa77d-c6a3-f0e6-9afd-c598ec399483
9391(32);af18cc7a-fa8f-11e2-8e56-9f72c6160288;ba753a7e-da87-e1ee-b62d-c0ef47c7220c
9391(33);af18cc7a-fa8f-11e2-8e56-9f72c6160288;cb27fbf7-261e-4a01-7c88-03b0a02668e0
9391(34);af18cc7a-fa8f-11e2-8e56-9f72c6160288;4cfaa086-7fc6-a274-c12b-135f22fa0e45
9391(35);af18cc7a-fa8f-11e2-8e56-9f72c6160288;c391cf46-a744-da15-8dac-ce69b420cd76
9391(36);af18cc7a-fa8f-11e2-8e56-9f72c6160288;d119283f-c717-9ec3-28f3-fdc978a318e7
9391(37);af18cc7a-fa8f-11e2-8e56-9f72c6160288;7ec940e5-1043-1ade-29cf-bb9ed5caae2e
9391(38);af18cc7a-fa8f-11e2-8e56-9f72c6160288;ce69212a-2b08-e207-70d6-12a2a459dcc7
9391(39);af18cc7a-fa8f-11e2-8e56-9f72c6160288;7d480d71-d12b-28dd-d45c-57024e08893b
9391(4);af18cc7a-fa8f-11e2-8e56-9f72c6160288;8d610b20-da95-bc3c-a1a7-c2b363d97faa
9391(40);af18cc7a-fa8f-11e2-8e56-9f72c6160288;efa6d9e7-8b3f-8f27-0eb1-8e58be0ff22c
9391(41);af18cc7a-fa8f-11e2-8e56-9f72c6160288;5b372322-6692-f532-c8c5-17b75fe7dcab
9391(42);af18cc7a-fa8f-11e2-8e56-9f72c6160288;fadead6f-4803-588c-50c9-e42f6de96749
9391(43);af18cc7a-fa8f-11e2-8e56-9f72c6160288;2dc08890-082c-713c-56e1-1a54026e45d3
9391(44);af18cc7a-fa8f-11e2-8e56-9f72c6160288;703126cb-f616-48e9-e24d-f813ee5b714c
9391(45);af18cc7a-fa8f-11e2-8e56-9f72c6160288;a1866906-b7ed-4ff4-e04d-8dfc879a731b
9391(46);af18cc7a-fa8f-11e2-8e56-9f72c6160288;ff45eb10-ff21-bb6d-de4b-7ed6ce8e34c8
9391(47);af18cc7a-fa8f-11e2-8e56-9f72c6160288;275f7e70-dd04-555a-3394-0369a30d7653
9391(48);af18cc7a-fa8f-11e2-8e56-9f72c6160288;0d5c5345-4698-b2d7-f149-d0cb5c3fb043
9391(49);af18cc7a-fa8f-11e2-8e56-9f72c6160288;f06017c4-9c54-7136-1897-784f93fd8c32
9391(5);af18cc7a-fa8f-11e2-8e56-9f72c6160288;788c69c4-a676-7d81-9f47-008948eb046d
9391(50);af18cc7a-fa8f-11e2-8e56-9f72c6160288;efe7f648-1e24-01ec-a71f-bbd1f6bee383
9391(51);af18cc7a-fa8f-11e2-8e56-9f72c6160288;a78556a0-0f01-a37a-2752-279fd9532557
9391(52);af18cc7a-fa8f-11e2-8e56-9f72c6160288;a536bbc5-f204-4d0b-9023-4c2c5b3a9e31
9391(53);af18cc7a-fa8f-11e2-8e56-9f72c6160288;c7501e25-f4b8-7819-072b-fd23056b9737
9391(54);af18cc7a-fa8f-11e2-8e56-9f72c6160288;02a90f65-532a-bf51-d372-89fee1c5b300
9391(55);af18cc7a-fa8f-11e2-8e56-9f72c6160288;a3f3368a-766c-3cd4-c3c2-e1e44b0ac758
9391(56);af18cc7a-fa8f-11e2-8e56-9f72c6160288;610b7cf9-0e18-0168-6a81-eea15f0ef527
9391(57);af18cc7a-fa8f-11e2-8e56-9f72c6160288;3b7c7a0f-cd48-509a-530a-0d1f6f5d363b
9391(58);af18cc7a-fa8f-11e2-8e56-9f72c6160288;2af6c286-ab62-60ab-9f9b-15f736bc2307
9391(59);af18cc7a-fa8f-11e2-8e56-9f72c6160288;6b625c02-af4a-d129-f879-d28dc4489806
9391(6);af18cc7a-fa8f-11e2-8e56-9f72c6160288;ff7d02ca-cb67-14c2-6d4a-7b8e88c2b836
9391(60);af18cc7a-fa8f-11e2-8e56-9f72c6160288;1621f65e-51a2-0cdd-a2e0-7eba02b31032
9391(61);af18cc7a-fa8f-11e2-8e56-9f72c6160288;fbefdd6e-694c-c78f-794e-e8873b76e303
9391(62);af18cc7a-fa8f-11e2-8e56-9f72c6160288;ac0d55f1-dee7-f3c7-15dc-41a1af65ba4f
9391(63);af18cc7a-fa8f-11e2-8e56-9f72c6160288;0c8bdd66-9029-b3b1-cd16-2bf1dc9bded0
9391(64);af18cc7a-fa8f-11e2-8e56-9f72c6160288;e6c17994-7fae-f979-8f78-fd41401a7621
9391(65);af18cc7a-fa8f-11e2-8e56-9f72c6160288;93a2909d-23d2-bdd1-7f50-bfe471dd933c
9391(66);af18cc7a-fa8f-11e2-8e56-9f72c6160288;50b8c840-b7cc-edcb-6b2e-ff837ad1c55d
9391(67);af18cc7a-fa8f-11e2-8e56-9f72c6160288;09620b4c-e605-1721-8518-86d63e131e80
9391(68);af18cc7a-fa8f-11e2-8e56-9f72c6160288;c67cb19c-2d11-6662-f5e7-98a1e7f7c4b9
9391(69);af18cc7a-fa8f-11e2-8e56-9f72c6160288;4cf65f75-5c0c-2a3d-671a-bd1120b43fb0
9391(7);af18cc7a-fa8f-11e2-8e56-9f72c6160288;118b8ee3-db74-2c91-5292-864f25480c60
9391(70);af18cc7a-fa8f-11e2-8e56-9f72c6160288;bebe82b3-2f3f-d30b-be7a-1cd7df830690
9391(71);af18cc7a-fa8f-11e2-8e56-9f72c6160288;c631e4b3-eb0c-a3d0-6aa3-94becec6d768
9391(72);af18cc7a-fa8f-11e2-8e56-9f72c6160288;aa631e8f-3066-fe7b-cda5-f4f6aa386b66
9391(73);af18cc7a-fa8f-11e2-8e56-9f72c6160288;09801bc0-1182-7774-3666-2f1fd9b9eace
9391(74);af18cc7a-fa8f-11e2-8e56-9f72c6160288;479f4c17-4467-a730-0af0-e4a1980daad2
9391(75);af18cc7a-fa8f-11e2-8e56-9f72c6160288;4f95e649-28b0-454a-5c06-6d15aab0ae3e
9391(76);af18cc7a-fa8f-11e2-8e56-9f72c6160288;9280f6ab-e16e-d35e-4b75-cba3d72a0b23
9391(77);af18cc7a-fa8f-11e2-8e56-9f72c6160288;83e29f45-ecd7-9615-9eaa-25b932160f9c
9391(78);af18cc7a-fa8f-11e2-8e56-9f72c6160288;1db342f9-169c-e0af-0d82-08f6d440e9f2
9391(79);af18cc7a-fa8f-11e2-8e56-9f72c6160288;b0ec4f83-415f-d7a5-428e-2b96de3c71e9
9391(8);af18cc7a-fa8f-11e2-8e56-9f72c6160288;27363c6a-8f14-5c7f-df7a-d51e1dbcb617
9391(80);af18cc7a-fa8f-11e2-8e56-9f72c6160288;cc95dd76-8634-3b11-f18d-9a3fb5895898
9391(81);af18cc7a-fa8f-11e2-8e56-9f72c6160288;cf62cd0b-431a-207d-cd5b-966b9db719c3
9391(82);af18cc7a-fa8f-11e2-8e56-9f72c6160288;e0ff9c13-e57b-6497-9d38-57647f408243
9391(83);af18cc7a-fa8f-11e2-8e56-9f72c6160288;800c98fa-bdfe-fcb8-41bd-d85f5f7c8b27
9391(84);af18cc7a-fa8f-11e2-8e56-9f72c6160288;68418ae0-d61f-f5a0-b8a6-1b910fbe4b2b
9391(85);af18cc7a-fa8f-11e2-8e56-9f72c6160288;9ab4b060-9510-4912-ca3a-afe720dbba97
9391(86);af18cc7a-fa8f-11e2-8e56-9f72c6160288;e5a2ad40-5eed-7827-b6fe-d97652c0f96c
9391(87);af18cc7a-fa8f-11e2-8e56-9f72c6160288;68fdff05-a914-ed7b-db88-863480f9c332
9391(88);af18cc7a-fa8f-11e2-8e56-9f72c6160288;283cbee9-23cb-e5a4-804b-ae5223be3d28
9391(89);af18cc7a-fa8f-11e2-8e56-9f72c6160288;5b2a5855-3f61-0ed3-3a96-8034fbcd02b8
9391(9);af18cc7a-fa8f-11e2-8e56-9f72c6160288;e7b34994-2a98-83f7-6cbf-5e28fc0e1965
9391(90);af18cc7a-fa8f-11e2-8e56-9f72c6160288;96067b50-0fbb-ee4b-146f-52dc8ce9626d
9391(91);af18cc7a-fa8f-11e2-8e56-9f72c6160288;e52f877b-e95c-f180-a392-9b4c471a390c
9391(92);af18cc7a-fa8f-11e2-8e56-9f72c6160288;f0f9e34a-0e1d-c044-e01c-ae19348e068e
9391(93);af18cc7a-fa8f-11e2-8e56-9f72c6160288;ba05cd60-2b2f-36bf-af1a-6cb3f13f7064
9391(94);af18cc7a-fa8f-11e2-8e56-9f72c6160288;da7acb8f-d031-b14b-e277-e5bca9465f23
9391(95);af18cc7a-fa8f-11e2-8e56-9f72c6160288;eb338f35-a5ab-9e5b-405f-9694dbe71199
9391(96);af18cc7a-fa8f-11e2-8e56-9f72c6160288;2454585d-ae92-4ff6-824a-44538fe2a1d0
9391(97);af18cc7a-fa8f-11e2-8e56-9f72c6160288;00a9d668-14ae-816c-0646-7f84db97b297
9391(98);af18cc7a-fa8f-11e2-8e56-9f72c6160288;d32188f2-23e9-5383-e76e-9dd914f9e0bd
9391(99);af18cc7a-fa8f-11e2-8e56-9f72c6160288;934def48-deb5-e9bd-024e-61b1f455c372
9392;af18cc7a-fa8f-11e2-8e56-9f72c6160288;db11c264-d2ba-b6ab-b1bf-aab92024aef1
939 (lost);af18cc7a-fa8f-11e2-8e56-9f72c6160288;
94;af18cc7a-fa8f-11e2-8e56-9f72c6160288;a4bd3761-cc7a-1286-856c-9cfdac788d7a
942;af18cc7a-fa8f-11e2-8e56-9f72c6160288;47a7f4d0-e634-e6d9-c621-492775364261
943;af18cc7a-fa8f-11e2-8e56-9f72c6160288;5d7ffd7b-4c66-244f-d962-564728727143
944;af18cc7a-fa8f-11e2-8e56-9f72c6160288;36d3947b-a8b9-8a68-dade-7c9026c7ac8c
945;af18cc7a-fa8f-11e2-8e56-9f72c6160288;39ab958a-0be8-3cf5-c754-e251ca55e0e7
946;af18cc7a-fa8f-11e2-8e56-9f72c6160288;4465c6e2-73ab-088c-9493-4661cfbc155a
95;af18cc7a-fa8f-11e2-8e56-9f72c6160288;85c613b7-425d-24d9-8216-8e572c78dc35
952;af18cc7a-fa8f-11e2-8e56-9f72c6160288;7d62cf0f-05a5-f325-03b9-7cf555a4a8c5
953;af18cc7a-fa8f-11e2-8e56-9f72c6160288;1a7bee76-ea85-2fd1-5b3c-45b47623f20b
954;af18cc7a-fa8f-11e2-8e56-9f72c6160288;48c0f0f4-576a-0b01-f7f9-92c263a66d61
955;af18cc7a-fa8f-11e2-8e56-9f72c6160288;a481af15-4000-019d-1b8e-5d7444cbf31d
9553;af18cc7a-fa8f-11e2-8e56-9f72c6160288;d48862ba-51f8-3c03-d677-cb4acbe8a950
9554;af18cc7a-fa8f-11e2-8e56-9f72c6160288;0f4d9d9d-5ec2-e660-cf17-7116773aed2e
9555;af18cc7a-fa8f-11e2-8e56-9f72c6160288;2076c3d4-043b-668f-5d80-61b12dec8952
9556-9613;af18cc7a-fa8f-11e2-8e56-9f72c6160288;e0e4c00d-acff-a735-f2a3-3b40bc46f7e2
9557;af18cc7a-fa8f-11e2-8e56-9f72c6160288;d26bb5f4-cdcd-8d7d-1b13-8e1b7687d43c
9558;af18cc7a-fa8f-11e2-8e56-9f72c6160288;752301b3-7e45-d8e9-95df-65c6fc9321c4
9559;af18cc7a-fa8f-11e2-8e56-9f72c6160288;1d80b520-ce7b-0c6f-7552-01e81123c466
9560;af18cc7a-fa8f-11e2-8e56-9f72c6160288;9e133cb4-d8ac-a354-14e8-2d53b7c73c2e
9561;af18cc7a-fa8f-11e2-8e56-9f72c6160288;7fcc4ff2-72ec-a64c-a207-98df00ddc14b
9562;af18cc7a-fa8f-11e2-8e56-9f72c6160288;a232a254-bdcf-95d1-37c8-323b84f02c27
9563;af18cc7a-fa8f-11e2-8e56-9f72c6160288;737350a8-398e-01f5-cfde-8da24e113f17
9564;af18cc7a-fa8f-11e2-8e56-9f72c6160288;1cd65d4f-6f77-ad2f-90bc-53de38ec8f34
9565;af18cc7a-fa8f-11e2-8e56-9f72c6160288;eb3bd294-2098-5ec4-9cbb-4801cbb37e70
9566;af18cc7a-fa8f-11e2-8e56-9f72c6160288;6ffa5d5a-5475-0313-c10a-b7136cc8c1af
9567;af18cc7a-fa8f-11e2-8e56-9f72c6160288;10fe43b5-5863-e80c-6d05-380cbb5249ce
9568;af18cc7a-fa8f-11e2-8e56-9f72c6160288;1904479a-dffa-474e-ac13-5acb221469be
9569;af18cc7a-fa8f-11e2-8e56-9f72c6160288;75c32fbe-b788-3245-4fac-42fe975d3fad
9570;af18cc7a-fa8f-11e2-8e56-9f72c6160288;50208aa9-5b02-d10a-b185-c7ae7093b3b5
9571;af18cc7a-fa8f-11e2-8e56-9f72c6160288;218a91a8-48e9-957b-5218-6a04c370c2b8
9572;af18cc7a-fa8f-11e2-8e56-9f72c6160288;a109cda0-183d-a580-8735-93d287883e5f
9573;af18cc7a-fa8f-11e2-8e56-9f72c6160288;84ce0f91-0510-965c-6503-d3b6837e66d4
9574;af18cc7a-fa8f-11e2-8e56-9f72c6160288;103c3b2b-0ff6-3573-0009-a51f89575ca8
9575;af18cc7a-fa8f-11e2-8e56-9f72c6160288;f350d0da-b195-1eb9-9722-f1642f608a22
9576;af18cc7a-fa8f-11e2-8e56-9f72c6160288;d57a6cb7-4ede-7b5b-d7f9-d9f029c993fb
9577;af18cc7a-fa8f-11e2-8e56-9f72c6160288;a44cfe38-82e1-3709-b232-ba81780d76a0
9578;af18cc7a-fa8f-11e2-8e56-9f72c6160288;ba9e30ad-06fe-578a-8505-6d65735b1e85
9579;af18cc7a-fa8f-11e2-8e56-9f72c6160288;99cdc818-0d25-16f2-a595-37d59b994aff
9580;af18cc7a-fa8f-11e2-8e56-9f72c6160288;336deb6c-15fe-9c77-940e-e7d7a941ecae
9581;af18cc7a-fa8f-11e2-8e56-9f72c6160288;84de8a0f-4dfa-3ae8-1f19-dc4dd2261b46
9582;af18cc7a-fa8f-11e2-8e56-9f72c6160288;2dd6f8dc-e062-96c3-2498-58bf836da515
9583;af18cc7a-fa8f-11e2-8e56-9f72c6160288;a5ea40e4-1901-572f-eea3-df3cfe5900c1
9584;af18cc7a-fa8f-11e2-8e56-9f72c6160288;fa16d6cf-49c4-c412-125d-1f9ff4a0c35f
9585;af18cc7a-fa8f-11e2-8e56-9f72c6160288;a72f67b5-f0ef-799b-5132-bde5f6ad35f0
9586;af18cc7a-fa8f-11e2-8e56-9f72c6160288;2cc0808b-6a6b-2ff0-a5e4-e4fc507e7981
9587;af18cc7a-fa8f-11e2-8e56-9f72c6160288;d295c314-b460-7ca6-6489-c1de74038fff
9588;af18cc7a-fa8f-11e2-8e56-9f72c6160288;bd1ab51d-16e1-ce94-603c-580145fbb271
9589;af18cc7a-fa8f-11e2-8e56-9f72c6160288;7419239b-b66a-ed34-1a4e-d99e137efb88
9590;af18cc7a-fa8f-11e2-8e56-9f72c6160288;1b5af5f1-3cbe-a78a-f377-06475857973a
9591;af18cc7a-fa8f-11e2-8e56-9f72c6160288;10ed4a0f-a7f0-96bd-a7a6-bc2683d29c8e
9592;af18cc7a-fa8f-11e2-8e56-9f72c6160288;1e6743ee-06bb-6538-ef5b-e07a4a7e02cc
9593;af18cc7a-fa8f-11e2-8e56-9f72c6160288;b561b927-9501-fe0b-3cfd-ce56f9fc7548
9594;af18cc7a-fa8f-11e2-8e56-9f72c6160288;478c43f2-d333-c52b-d282-218fb5dd8755
9595;af18cc7a-fa8f-11e2-8e56-9f72c6160288;173efba5-19f0-028b-76e4-c45c8a082efd
9596;af18cc7a-fa8f-11e2-8e56-9f72c6160288;5204b152-d065-718e-7d0b-b81983245038
9597;af18cc7a-fa8f-11e2-8e56-9f72c6160288;f468daa8-7c84-2ad0-def1-f370d96d9f46
9598;af18cc7a-fa8f-11e2-8e56-9f72c6160288;c6aec14b-fd0d-f0b7-1ae5-ee327db33550
9599;af18cc7a-fa8f-11e2-8e56-9f72c6160288;e53d8ac9-15c6-0dd9-adeb-9db3afcd2001
96;af18cc7a-fa8f-11e2-8e56-9f72c6160288;e47016ab-c927-f478-0059-5df7f92f4b2f
9600;af18cc7a-fa8f-11e2-8e56-9f72c6160288;2ad5b293-d08a-a371-56f4-e59c7eb55090
9601;af18cc7a-fa8f-11e2-8e56-9f72c6160288;5b97fe4c-fc4c-342b-ffa7-dea28b8a3b3c
9602;af18cc7a-fa8f-11e2-8e56-9f72c6160288;7842b0d0-d442-a698-b0b4-8c8a0b9b591d
9603;af18cc7a-fa8f-11e2-8e56-9f72c6160288;c3c516e8-0a5c-184e-a7fb-6f48811b8fc9
9604;af18cc7a-fa8f-11e2-8e56-9f72c6160288;5f502729-5d41-114d-3515-2acf4d229a69
9605;af18cc7a-fa8f-11e2-8e56-9f72c6160288;211aba2d-171b-4a81-6bb7-203c53846d8d
9606;af18cc7a-fa8f-11e2-8e56-9f72c6160288;d23d1557-8cb9-a8f1-fd74-f95e07264fa1
9607;af18cc7a-fa8f-11e2-8e56-9f72c6160288;683c6ba1-fa76-0d30-1c34-9d269e531d6f
9608;af18cc7a-fa8f-11e2-8e56-9f72c6160288;8fd090c1-f7a3-b6fb-5c3c-725cf20438ef
9609;af18cc7a-fa8f-11e2-8e56-9f72c6160288;fab32918-5b08-c25b-d1d6-568b0b0d18ae
9610;af18cc7a-fa8f-11e2-8e56-9f72c6160288;b02f85a1-d1be-298f-61aa-b3ebd8f5210a
9611;af18cc7a-fa8f-11e2-8e56-9f72c6160288;e833089e-f238-2c44-ff37-742e0659aef3
9612;af18cc7a-fa8f-11e2-8e56-9f72c6160288;c6584038-6b8a-0d89-9521-6373a95fbbe0
9613;af18cc7a-fa8f-11e2-8e56-9f72c6160288;9709e97f-620f-624d-912d-9609f9c61d14
961A;af18cc7a-fa8f-11e2-8e56-9f72c6160288;ca905044-af2d-46e5-76da-d0f0f6971892
961B;af18cc7a-fa8f-11e2-8e56-9f72c6160288;b27aca4d-65e9-1620-0a1a-b2f75810972f
961C;af18cc7a-fa8f-11e2-8e56-9f72c6160288;cad09184-b9d6-b87c-873a-de468ed0630f
9625;af18cc7a-fa8f-11e2-8e56-9f72c6160288;6292086b-fca0-d035-bdb4-f1ae0d2dcc87
9629;af18cc7a-fa8f-11e2-8e56-9f72c6160288;2683ee98-b61f-fa22-4bdc-7a9f3096e996
963 (lost);af18cc7a-fa8f-11e2-8e56-9f72c6160288;
9642;af18cc7a-fa8f-11e2-8e56-9f72c6160288;67ae4f76-31fb-a9ba-3bd8-66c2b8d1a0ba
9644;af18cc7a-fa8f-11e2-8e56-9f72c6160288;5c775713-b5cb-bb00-09ba-d30dc5be467a
9645;af18cc7a-fa8f-11e2-8e56-9f72c6160288;6dde0776-fa0f-f96a-24e4-ced031d14ff1
9646;af18cc7a-fa8f-11e2-8e56-9f72c6160288;a57f3e0d-da11-46bd-b400-d74f80435a42
9647;af18cc7a-fa8f-11e2-8e56-9f72c6160288;8f2243ba-0b72-e7d7-7797-07e857753209
9648;af18cc7a-fa8f-11e2-8e56-9f72c6160288;4d08d8f3-cbf1-d445-c39d-3e0ff7019273
967;af18cc7a-fa8f-11e2-8e56-9f72c6160288;b2ed27cf-ba88-fcbb-ade7-4a8ab3fc422e
9674;af18cc7a-fa8f-11e2-8e56-9f72c6160288;a9787afc-c41b-bbbf-8163-3e6f39847c70
968A;af18cc7a-fa8f-11e2-8e56-9f72c6160288;cdb067d9-33fc-2381-e137-0505448799fc
968B;af18cc7a-fa8f-11e2-8e56-9f72c6160288;5fefd3b0-6278-2794-e496-f59023c8f756
968C;af18cc7a-fa8f-11e2-8e56-9f72c6160288;1f019fa0-e724-f110-ec82-826c95b6d697
968D;af18cc7a-fa8f-11e2-8e56-9f72c6160288;e3cb249e-d527-175d-96e9-ea1fcf8e20c5
97;af18cc7a-fa8f-11e2-8e56-9f72c6160288;166cc70c-3fca-773f-56f1-16660edb5f0a
970;af18cc7a-fa8f-11e2-8e56-9f72c6160288;b44436f9-d113-dd87-c030-091953c39a75
974 (lost);af18cc7a-fa8f-11e2-8e56-9f72c6160288;02c51b17-f369-04c7-ae4c-a70751189034
975;af18cc7a-fa8f-11e2-8e56-9f72c6160288;85bc1850-464e-4685-c85b-c87053dd4e52
976;af18cc7a-fa8f-11e2-8e56-9f72c6160288;20776718-23c0-ba53-c113-d28545dcee95
979;af18cc7a-fa8f-11e2-8e56-9f72c6160288;db7569ba-a0fb-b178-a6cc-13f394a67e67
98;af18cc7a-fa8f-11e2-8e56-9f72c6160288;a973ae41-dcb5-d873-b6b2-6b897ba7aae5
980;af18cc7a-fa8f-11e2-8e56-9f72c6160288;5834486f-71e2-c918-1ffd-1c13149777aa
983;af18cc7a-fa8f-11e2-8e56-9f72c6160288;79926f82-fff4-ad7e-9d75-b1e6b4dda376
99;af18cc7a-fa8f-11e2-8e56-9f72c6160288;c6aa7359-a7cf-01d6-0b79-0ef1c52b990d
990;af18cc7a-fa8f-11e2-8e56-9f72c6160288;8fc9f945-8d42-0bbb-b7ce-dca9fdd677ac
991;af18cc7a-fa8f-11e2-8e56-9f72c6160288;a9d96289-eca5-8348-eed1-4a874a4dedb4
992;af18cc7a-fa8f-11e2-8e56-9f72c6160288;9f249f27-0921-712f-8090-07fedd3805fc
993;af18cc7a-fa8f-11e2-8e56-9f72c6160288;e6dae9b8-52d7-6604-acd1-c285d361fbcd
CIII;af18cc7a-fa8f-11e2-8e56-9f72c6160288;0d29eff7-1dc2-2bf7-d2e4-c10a452e3b60
LXXIII;af18cc7a-fa8f-11e2-8e56-9f72c6160288;36993716-dc4c-d70e-ccce-a869b90193a7
LXXX;af18cc7a-fa8f-11e2-8e56-9f72c6160288;48601ebb-7d2b-a7e9-6b0b-da980b3caeca
LXXXV;af18cc7a-fa8f-11e2-8e56-9f72c6160288;00d68011-5b43-2af0-f0b9-96ce8a72b988
PG-BergenT01;af18cc7a-fa8f-11e2-8e56-9f72c6160288;6f10b673-acfe-a151-3d9a-b2b9116258fa
PG-BergenT02;af18cc7a-fa8f-11e2-8e56-9f72c6160288;f7b32603-c265-b8e9-81f8-c5f9b6978e0f
TL-1;af18cc7a-fa8f-11e2-8e56-9f72c6160288;f909dec6-10fd-06a5-cd73-3a4bc8071578
TL-10 (lost);af18cc7a-fa8f-11e2-8e56-9f72c6160288;
TL-11 (lost);af18cc7a-fa8f-11e2-8e56-9f72c6160288;
TL-12 (lost);af18cc7a-fa8f-11e2-8e56-9f72c6160288;cbc9280b-a46c-6eef-77de-6d1a0cc28deb
TL-13 (lost);af18cc7a-fa8f-11e2-8e56-9f72c6160288;
TL-14 (lost);af18cc7a-fa8f-11e2-8e56-9f72c6160288;
TL-2;af18cc7a-fa8f-11e2-8e56-9f72c6160288;9ebd0d85-e3df-d553-c8ab-e397bb2fcdd7
TL-3;af18cc7a-fa8f-11e2-8e56-9f72c6160288;90b0c43e-c67d-91c8-6fed-839e8cbbbe7a
TL-4;af18cc7a-fa8f-11e2-8e56-9f72c6160288;ec5416d2-1cc9-58bf-84ea-7adb1c417480
TL-5;af18cc7a-fa8f-11e2-8e56-9f72c6160288;e17d0df2-eb74-2361-c453-608a8ee746f1
TL-6;af18cc7a-fa8f-11e2-8e56-9f72c6160288;54bbdc18-3f70-2995-977f-b31bfc18f314
TL-7;af18cc7a-fa8f-11e2-8e56-9f72c6160288;c9326848-0d99-bf72-fcea-33ba8f252fdb
TL-8;af18cc7a-fa8f-11e2-8e56-9f72c6160288;ab73e6ae-c1b5-f066-2d60-814621aa28c5
TL-9 (lost);af18cc7a-fa8f-11e2-8e56-9f72c6160288;
[unknown];af18cc7a-fa8f-11e2-8e56-9f72c6160288;
X;af18cc7a-fa8f-11e2-8e56-9f72c6160288;cdf5b265-a857-3180-d0f0-7cc0cd5e29a8
XI;af18cc7a-fa8f-11e2-8e56-9f72c6160288;9c6ceea1-4c4e-0296-f7e1-f0596b7116ce
XII;af18cc7a-fa8f-11e2-8e56-9f72c6160288;4dba3fea-700c-6200-29e1-621582803b19
XIII;af18cc7a-fa8f-11e2-8e56-9f72c6160288;8425033c-385d-78e0-af74-efb72c4ff446
XIV (lost);af18cc7a-fa8f-11e2-8e56-9f72c6160288;e8af34f4-bb06-d5b9-42d9-dec592acf065
XL;af18cc7a-fa8f-11e2-8e56-9f72c6160288;e06ede05-13e8-1ed4-adc6-19d78f805f75
XLI;af18cc7a-fa8f-11e2-8e56-9f72c6160288;b5e2ca2b-90fe-7235-8c83-45734d89e8c2
XLII;af18cc7a-fa8f-11e2-8e56-9f72c6160288;dec192d0-63da-4161-891e-7283c4fe7fdb
XLIII;af18cc7a-fa8f-11e2-8e56-9f72c6160288;90265e64-00f0-e697-3d3a-4f485e365e38
XV;af18cc7a-fa8f-11e2-8e56-9f72c6160288;da392c27-b5db-c81a-b50e-e599ff4ec77b
XVI;af18cc7a-fa8f-11e2-8e56-9f72c6160288;d016fcae-e8af-50b4-72d9-33af808d559a
XVII;af18cc7a-fa8f-11e2-8e56-9f72c6160288;8165324c-e905-7aac-119e-e4003252ba0d
XVIII;af18cc7a-fa8f-11e2-8e56-9f72c6160288;cba37bf3-8150-53e4-2713-17998b3601fc
XXIX;af18cc7a-fa8f-11e2-8e56-9f72c6160288;a3c409e8-8ac9-f2ee-67e9-21323ed48d25
XXVIII;af18cc7a-fa8f-11e2-8e56-9f72c6160288;a9909ef6-b357-9daa-7a45-c37ba973a74a
XXXIX;af18cc7a-fa8f-11e2-8e56-9f72c6160288;ab1125bc-9c9d-942f-f912-1928359b7fc6
XXXVI;af18cc7a-fa8f-11e2-8e56-9f72c6160288;548169bf-36fa-0d26-6a28-ed0da753f7ec
XXXVIII;af18cc7a-fa8f-11e2-8e56-9f72c6160288;9784b2a5-bf67-1880-3539-6bb0c7cb4ac5
1977-T.9;af18cc7a-fa8f-11e2-8e56-9f72c6160288;0e7adde4-6ea4-9cab-82e1-4a06f273c230
1978-T.1;af18cc7a-fa8f-11e2-8e56-9f72c6160288;5ccaced6-8998-5e39-22fc-05bcd175e0a0
1978-T.10;af18cc7a-fa8f-11e2-8e56-9f72c6160288;171129a4-cadb-8544-74d4-cceec94d8c8a
1978-T.11;af18cc7a-fa8f-11e2-8e56-9f72c6160288;dcf4292e-1ce7-0835-0752-14c8a5c25a97
1978-T.12;af18cc7a-fa8f-11e2-8e56-9f72c6160288;1c7eeb6a-aaf6-1dbf-4fa5-7eff649d5c70
1978-T.13;af18cc7a-fa8f-11e2-8e56-9f72c6160288;df6e2a4d-bed7-a7c3-2cb7-8e4ffe1e3477
1978-T.14;af18cc7a-fa8f-11e2-8e56-9f72c6160288;871688db-1f8f-cb96-0e63-8ed8159bb5a5
1978-T.15;af18cc7a-fa8f-11e2-8e56-9f72c6160288;201b16df-b3df-2985-a5e4-7bbcf38ae673
1978-T.16;af18cc7a-fa8f-11e2-8e56-9f72c6160288;33e3f3e2-baa7-67b8-9000-6bf6097b44c6
1978-T.17;af18cc7a-fa8f-11e2-8e56-9f72c6160288;32d9b45e-e3c0-44db-499f-3c95c068461b
1978-T.18;af18cc7a-fa8f-11e2-8e56-9f72c6160288;f96d40c6-5487-3ff1-7bc0-fa1ec4dfa606
1978-T.19;af18cc7a-fa8f-11e2-8e56-9f72c6160288;8e5da2fc-d243-1794-26fe-d9dfd504060e
1978-T.2;af18cc7a-fa8f-11e2-8e56-9f72c6160288;99c7ccd0-7644-2dfe-17cc-5dd87bfff62f
1978-T.20;af18cc7a-fa8f-11e2-8e56-9f72c6160288;9c4332d5-9595-88c1-62ca-f869c9fcc3ac
1978-T.21;af18cc7a-fa8f-11e2-8e56-9f72c6160288;50b9e8d3-3b93-76d7-d4a8-1ee9dab4b5e6
1978-T.22;af18cc7a-fa8f-11e2-8e56-9f72c6160288;fd7f869b-a0cd-65f9-f5e3-d6170cdcede7
1978-T.23;af18cc7a-fa8f-11e2-8e56-9f72c6160288;6b7881e9-6dbc-c7ab-df28-2fc133bfaca2
1978-T.24;af18cc7a-fa8f-11e2-8e56-9f72c6160288;6b8c0e7b-0d05-9d41-d88f-111b04ca911c
1978-T.25;af18cc7a-fa8f-11e2-8e56-9f72c6160288;e6787214-77c8-5af8-1fae-5a9dea7ce536
1978-T.26;af18cc7a-fa8f-11e2-8e56-9f72c6160288;2db00270-bf3d-19c4-41bd-81a0b4326306
1978-T.27;af18cc7a-fa8f-11e2-8e56-9f72c6160288;9b1b1629-9fc9-7ecc-8670-d0afb05a90e6
1978-T.28;af18cc7a-fa8f-11e2-8e56-9f72c6160288;df94f59e-170e-ce30-dda5-bff5c13abc01
1978-T.29;af18cc7a-fa8f-11e2-8e56-9f72c6160288;5250a734-dcdd-d397-3a48-d967ce53556b
1978-T.3;af18cc7a-fa8f-11e2-8e56-9f72c6160288;bd263d20-e24b-836e-c305-50b5847f9b1a
1978-T.30;af18cc7a-fa8f-11e2-8e56-9f72c6160288;63540b7a-9945-23ef-92b4-4a1a071f4c71
1978-T.31;af18cc7a-fa8f-11e2-8e56-9f72c6160288;188ab733-f3be-015c-482a-3eab42020a65
1978-T.32;af18cc7a-fa8f-11e2-8e56-9f72c6160288;097c6567-4d79-9c73-7fe5-f277a8314417
1978-T.33;af18cc7a-fa8f-11e2-8e56-9f72c6160288;1c7a7046-0f15-20bd-8339-eebcde580135
1978-T.34;af18cc7a-fa8f-11e2-8e56-9f72c6160288;6939218e-40ee-5351-e610-399ac63dc403
1978-T.35;af18cc7a-fa8f-11e2-8e56-9f72c6160288;77b2a247-7702-4da3-2acb-ee8ab0925fc5
1978-T.36;af18cc7a-fa8f-11e2-8e56-9f72c6160288;3439ae32-af4e-0c28-3fca-729c158bcb7d
1978-T.37;af18cc7a-fa8f-11e2-8e56-9f72c6160288;a6636181-9140-403f-af24-06fa1d008517
1978-T.38;af18cc7a-fa8f-11e2-8e56-9f72c6160288;8c294ae1-d35d-854b-7a8d-1691fab3c430
1978-T.39;af18cc7a-fa8f-11e2-8e56-9f72c6160288;72bc8969-ddc5-4bbf-d2a6-d86caf560f48
1978-T.4;af18cc7a-fa8f-11e2-8e56-9f72c6160288;46807fd5-4a72-5ebf-fe6b-875056087472
1978-T.40;af18cc7a-fa8f-11e2-8e56-9f72c6160288;f0ebeed9-6a52-8cc8-f817-c1eea7dcde8b
1978-T.41;af18cc7a-fa8f-11e2-8e56-9f72c6160288;f6f56378-647a-ad22-7d8c-956b8a0e4119
1978-T.42;af18cc7a-fa8f-11e2-8e56-9f72c6160288;38413bc1-4008-652e-4ab3-bec00546de5c
1978-T.43;af18cc7a-fa8f-11e2-8e56-9f72c6160288;455ae2e4-07b6-47e0-9e18-c1405641e765
1978-T.44;af18cc7a-fa8f-11e2-8e56-9f72c6160288;0181a9b0-eb3a-1f72-fdd3-d6403f2f9649
1978-T.45;af18cc7a-fa8f-11e2-8e56-9f72c6160288;3efb7d65-9fc5-dcbf-43b3-4f6495894009
1978-T.46;af18cc7a-fa8f-11e2-8e56-9f72c6160288;8d99ce25-9aaf-54a2-94a5-bb732d1a8cb6
1978-T.47;af18cc7a-fa8f-11e2-8e56-9f72c6160288;e4319791-61c7-6e01-94fe-f8a19f54c667
1978-T.48;af18cc7a-fa8f-11e2-8e56-9f72c6160288;bda4bcae-c8f0-db00-7fb8-5f302d6e9082
1978-T.49;af18cc7a-fa8f-11e2-8e56-9f72c6160288;8190cf94-3f1b-2dae-2cce-0afea75b3197
1978-T.5;af18cc7a-fa8f-11e2-8e56-9f72c6160288;e7fff487-f529-cb9c-6607-0fac9fd91f0d
1978-T.50;af18cc7a-fa8f-11e2-8e56-9f72c6160288;20ac7fb2-e391-d065-18ce-92694cc5db91
1978-T.51;af18cc7a-fa8f-11e2-8e56-9f72c6160288;8bafc5ac-55ae-a61c-dbf9-7263abdc4412
1978-T.52;af18cc7a-fa8f-11e2-8e56-9f72c6160288;85b3b458-63bc-931b-2ab1-1eb747fd02ba
1978-T.53;af18cc7a-fa8f-11e2-8e56-9f72c6160288;02dedeb7-57c8-04d3-bda3-38037ad431df
1978-T.54;af18cc7a-fa8f-11e2-8e56-9f72c6160288;9de19192-49c2-7fcb-7cbb-0ea410d95827
1978-T.55;af18cc7a-fa8f-11e2-8e56-9f72c6160288;6815b37e-0ae6-7f0a-1ed1-586cc6b62a1f
1978-T.56;af18cc7a-fa8f-11e2-8e56-9f72c6160288;cfef068e-104b-d132-de50-d9feac74d950
1978-T.57;af18cc7a-fa8f-11e2-8e56-9f72c6160288;e778b246-152b-73ed-4a53-3adb91e571d5
1978-T.58;af18cc7a-fa8f-11e2-8e56-9f72c6160288;2c795850-fac7-84f9-63a5-c4fe95fed121
1978-T.59;af18cc7a-fa8f-11e2-8e56-9f72c6160288;6e3261f4-7d19-a9e3-a601-b31ce22cef37
1978-T.6;af18cc7a-fa8f-11e2-8e56-9f72c6160288;3b569ec5-fe46-3098-4b48-9a912459a043
1978-T.60;af18cc7a-fa8f-11e2-8e56-9f72c6160288;abe32f9c-0eff-bd8e-adfd-2d81d0da0f09
1978-T.61;af18cc7a-fa8f-11e2-8e56-9f72c6160288;285bda0c-31f3-c589-1508-75536ee033d0
1978-T.62;af18cc7a-fa8f-11e2-8e56-9f72c6160288;18ab4b8b-d1c1-e1bd-4b2a-79372f73d16f
1978-T.63;af18cc7a-fa8f-11e2-8e56-9f72c6160288;8550aa44-bb8f-8876-08b8-ac80a49f952a
1978-T.63A;af18cc7a-fa8f-11e2-8e56-9f72c6160288;206b3f03-4f93-a19f-c180-1af968b3cf1c
1978-T.64;af18cc7a-fa8f-11e2-8e56-9f72c6160288;12c80604-5cf4-3be5-5408-14806dd66871
1978-T.65;af18cc7a-fa8f-11e2-8e56-9f72c6160288;b65e3bc7-05c8-70b2-4a39-b9b57248b95c
1978-T.66;af18cc7a-fa8f-11e2-8e56-9f72c6160288;4bbc36ef-67c5-60ec-fb5a-b83ccab60950
1978-T.67;af18cc7a-fa8f-11e2-8e56-9f72c6160288;5e0ef9ce-5597-1187-bf25-70e1a1589360
1978-T.68;af18cc7a-fa8f-11e2-8e56-9f72c6160288;4db022cf-73a4-972c-fed6-33e9a6aa438a
1978-T.69;af18cc7a-fa8f-11e2-8e56-9f72c6160288;de7e00ea-aa15-229d-3b0d-9a7ac03c391d
1978-T.7;af18cc7a-fa8f-11e2-8e56-9f72c6160288;ba87468a-9ecf-21fd-29c8-a9f88d925930
1978-T.70;af18cc7a-fa8f-11e2-8e56-9f72c6160288;febea383-947a-f982-ad9c-ed1404ffb82e
1978-T.71;af18cc7a-fa8f-11e2-8e56-9f72c6160288;b83a07f9-a9f4-c10f-8235-3b45e5976070
1978-T.72;af18cc7a-fa8f-11e2-8e56-9f72c6160288;6d1c1ff6-52b2-46d1-9000-d166c08708ee
1978-T.73;af18cc7a-fa8f-11e2-8e56-9f72c6160288;b51e5850-0880-e573-a7b8-426ed14ab133
1978-T.74;af18cc7a-fa8f-11e2-8e56-9f72c6160288;b34b3275-c870-5ef3-6156-b398cb072092
1978-T.75;af18cc7a-fa8f-11e2-8e56-9f72c6160288;e34032fe-3d56-4a13-0431-177bc5cf0923
1978-T.76;af18cc7a-fa8f-11e2-8e56-9f72c6160288;a97e1c9a-c34c-7803-92de-b518bb3ba5ff
1978-T.77;af18cc7a-fa8f-11e2-8e56-9f72c6160288;e559d372-3a97-36e1-0667-e038b0d422e3
1978-T.78;af18cc7a-fa8f-11e2-8e56-9f72c6160288;cf20759b-45ed-f12d-31db-e15e5449665a
1978-T.79;af18cc7a-fa8f-11e2-8e56-9f72c6160288;3b59654f-8ee5-fbd6-9959-ca20713570ca
1978-T.8;af18cc7a-fa8f-11e2-8e56-9f72c6160288;05dd1c06-a310-10a9-74cd-a7151f0262a4
1978-T.80;af18cc7a-fa8f-11e2-8e56-9f72c6160288;2b3f3a74-2083-7659-b9e1-e8635e5e6629
1978-T.81;af18cc7a-fa8f-11e2-8e56-9f72c6160288;4866978e-e913-d6a2-b8f2-d9d5feb2d7ce
1978-T.82;af18cc7a-fa8f-11e2-8e56-9f72c6160288;51eb0191-f342-d4bb-785e-b49d6cb3a5f9
1978-T.83;af18cc7a-fa8f-11e2-8e56-9f72c6160288;e985bbd9-8135-d97a-ee61-019a6ee9bf46
1978-T.9;af18cc7a-fa8f-11e2-8e56-9f72c6160288;72a78e9c-b950-7092-bd5b-bb1092b17f7e
1979-A.1399;af18cc7a-fa8f-11e2-8e56-9f72c6160288;3db547dd-d04e-57ea-ae53-1434abc78402
1979-A.1399b;af18cc7a-fa8f-11e2-8e56-9f72c6160288;83c427de-ab66-0412-598e-32f21511647e
1979-A.1399.fol.03r;af18cc7a-fa8f-11e2-8e56-9f72c6160288;6be049cc-6c00-2d5d-db1b-34ffde2958d6
1979-A.1399.fol.04r;af18cc7a-fa8f-11e2-8e56-9f72c6160288;88c9ef03-3092-581c-3930-5cacdacc7fa9
1979-A.1399.fol.07v;af18cc7a-fa8f-11e2-8e56-9f72c6160288;f180e087-b8c7-bbea-d3f6-489f2f6c2418
1979-A.1399.fol.08r;af18cc7a-fa8f-11e2-8e56-9f72c6160288;f180e087-b8c7-bbea-d3f6-489f2f6c2418
1979-A.1399.fol.10r;af18cc7a-fa8f-11e2-8e56-9f72c6160288;b02148d2-d701-ddba-31e5-7775f10bb692
1979-A.1399.fol.12r;af18cc7a-fa8f-11e2-8e56-9f72c6160288;574b13b1-c0d1-ad5e-d024-8234c6ba724d
1979-A.1399.fol.13r;af18cc7a-fa8f-11e2-8e56-9f72c6160288;38a27575-0082-cd55-4b55-75dba513bcc6
1979-A.1399.fol.14v;af18cc7a-fa8f-11e2-8e56-9f72c6160288;719a869d-1354-266c-cc6b-04c5aec1e850
1979-A.1399.fol.18r;af18cc7a-fa8f-11e2-8e56-9f72c6160288;3a1d384d-ac20-a9e3-d3a0-244dbfe76174
1979-A.1399.fol.19r;af18cc7a-fa8f-11e2-8e56-9f72c6160288;dcd0d325-c6a5-0ce6-ff59-3165cc1198cc
1979-A.1399.fol.20r;af18cc7a-fa8f-11e2-8e56-9f72c6160288;e1781a17-019f-61c5-719c-199b35f577a9
1979-A.1399.fol.21r;af18cc7a-fa8f-11e2-8e56-9f72c6160288;a0a0dafe-0d6e-e614-7f1d-274aeedb8345
1979-A.1399.fol.22r;af18cc7a-fa8f-11e2-8e56-9f72c6160288;47ccf5c6-793b-6626-f832-045e75bc056d
1979-A.1399.fol.23r;af18cc7a-fa8f-11e2-8e56-9f72c6160288;8d485cef-39a6-7a41-76ed-618633eca30d
1979-A.1399.fol.24r;af18cc7a-fa8f-11e2-8e56-9f72c6160288;d516b489-2a05-2e19-deb8-e1b16785219d
1979-A.1399.fol.32r;af18cc7a-fa8f-11e2-8e56-9f72c6160288;23d8a0ed-43c5-eeef-c5e2-adbb460d2e39
1979-A.1399.fol.33r;af18cc7a-fa8f-11e2-8e56-9f72c6160288;86f9e963-3ca0-4d47-a2a7-40f267bdc92a
1979-A.1399.fol.42r;af18cc7a-fa8f-11e2-8e56-9f72c6160288;23bef6c9-2fe4-8e3a-4b82-5b6916b60d92
1979-A.1399.fol.43r;af18cc7a-fa8f-11e2-8e56-9f72c6160288;f86a71d9-6851-fee9-2ad3-78aebddbac20
1979-T.1;af18cc7a-fa8f-11e2-8e56-9f72c6160288;e1270853-0c27-082f-81b7-51c568c539b2
1979-T.10;af18cc7a-fa8f-11e2-8e56-9f72c6160288;02a1fdba-d9bd-f970-17a1-ab6bf62808ba
1979-T.11;af18cc7a-fa8f-11e2-8e56-9f72c6160288;f8228cf8-369c-b1d1-7cca-4849ffff02ba
1979-T.12;af18cc7a-fa8f-11e2-8e56-9f72c6160288;4da99cef-d2cb-bb5c-a875-668c91d761be
1979-T.13;af18cc7a-fa8f-11e2-8e56-9f72c6160288;cd0e8fbc-4157-5a3d-6c28-cc5306cc3b2c
1979-T.14;af18cc7a-fa8f-11e2-8e56-9f72c6160288;d2bf0a22-e76a-1b99-b8de-ac4fc07844bd
1979-T.15;af18cc7a-fa8f-11e2-8e56-9f72c6160288;c61f83cb-a151-eda6-da14-e791c59e7071
1979-T.16;af18cc7a-fa8f-11e2-8e56-9f72c6160288;74bd7a7c-db86-890c-be11-eda140211225
1979-T.17;af18cc7a-fa8f-11e2-8e56-9f72c6160288;a5f96998-df1f-fe71-ee9c-1b3066f083d9
1979-T.18;af18cc7a-fa8f-11e2-8e56-9f72c6160288;3323e204-e716-d1ba-8a81-22107ad0abc0
1979-T.19;af18cc7a-fa8f-11e2-8e56-9f72c6160288;c6eb1206-6fe3-4a00-e597-2c3855db4076
1979-T.2;af18cc7a-fa8f-11e2-8e56-9f72c6160288;52cc8016-fcae-837d-cd86-af530f700ea0
1979-T.20;af18cc7a-fa8f-11e2-8e56-9f72c6160288;91ebc90f-7544-1912-66f9-a463efbf29c3
1979-T.21;af18cc7a-fa8f-11e2-8e56-9f72c6160288;aa7b32dc-0752-bfa9-cc7c-d970c436307c
1979-T.22;af18cc7a-fa8f-11e2-8e56-9f72c6160288;d76e650d-4a44-47ed-c859-5a4728f69849
1979-T.23;af18cc7a-fa8f-11e2-8e56-9f72c6160288;d8749cdf-488e-488d-67f0-7edbb91f874b
1979-T.24;af18cc7a-fa8f-11e2-8e56-9f72c6160288;6c9526d5-99c9-ae4a-2454-c53748e5ea19
1979-T.25;af18cc7a-fa8f-11e2-8e56-9f72c6160288;2d05182b-b1a8-8ae1-056b-bc89a971f7c2
1979-T.26;af18cc7a-fa8f-11e2-8e56-9f72c6160288;101cf345-7173-af9b-6453-a8344b291231
1979-T.27;af18cc7a-fa8f-11e2-8e56-9f72c6160288;412927df-ab67-fa08-164b-524e95defed4
1979-T.28;af18cc7a-fa8f-11e2-8e56-9f72c6160288;db11f602-4b62-fcb2-a1a3-d76b9a10b95f
1979-T.29;af18cc7a-fa8f-11e2-8e56-9f72c6160288;a3d440b8-9b29-1665-ffc9-58dff8d9352e
1979-T.3;af18cc7a-fa8f-11e2-8e56-9f72c6160288;91135c86-d44f-e92d-f549-3f09e2f57963
1979-T.30;af18cc7a-fa8f-11e2-8e56-9f72c6160288;742593f6-d20e-4791-2ee2-5226cf1a309f
1979-T.31;af18cc7a-fa8f-11e2-8e56-9f72c6160288;c6aa872f-0868-1c6b-1d74-7becd028e745
1979-T.32;af18cc7a-fa8f-11e2-8e56-9f72c6160288;d0c24726-0f76-c9c3-25d6-28cf5c961307
1979-T.33;af18cc7a-fa8f-11e2-8e56-9f72c6160288;31935c65-4069-a509-07db-b010cec65961
1979-T.34;af18cc7a-fa8f-11e2-8e56-9f72c6160288;7f57dcfc-f690-b17e-6028-4069dfbc8125
1979-T.35;af18cc7a-fa8f-11e2-8e56-9f72c6160288;0a5f1d45-e664-4c44-e177-46c9c19d0e56
1979-T.36;af18cc7a-fa8f-11e2-8e56-9f72c6160288;12e7b4a6-d4b9-8c34-44ef-501d87ba5704
1979-T.37;af18cc7a-fa8f-11e2-8e56-9f72c6160288;3a8408cb-106d-68f8-f42c-6a41c284a5ac
1979-T.38;af18cc7a-fa8f-11e2-8e56-9f72c6160288;1b2ea058-c75c-dec8-a398-ca58768e1880
1979-T.39;af18cc7a-fa8f-11e2-8e56-9f72c6160288;471ce4cc-f077-000b-b85c-94035140b272
1979-T.4;af18cc7a-fa8f-11e2-8e56-9f72c6160288;79d3bc43-0c6e-519c-7be5-6374fd9bd36d
1979-T.5;af18cc7a-fa8f-11e2-8e56-9f72c6160288;e55a4e6f-af5b-287f-e38b-02e92417d3f2
1979-T.6;af18cc7a-fa8f-11e2-8e56-9f72c6160288;8ed654e1-78d5-5b67-ed99-10e930faf385
1979-T.7;af18cc7a-fa8f-11e2-8e56-9f72c6160288;2ef0ff34-3ef9-374e-2af0-dc7985f9d8a8
1979-T.8;af18cc7a-fa8f-11e2-8e56-9f72c6160288;cb318430-04e6-3215-ede0-3f558130beb0
1979-T.9;af18cc7a-fa8f-11e2-8e56-9f72c6160288;d4d5f555-623d-acaa-b16c-89d54b8b6c06
1980-A.16A;af18cc7a-fa8f-11e2-8e56-9f72c6160288;1b22976b-8b05-b83c-0c73-07ec7869927e
1980-T.1;af18cc7a-fa8f-11e2-8e56-9f72c6160288;fe781bcc-10be-f3c4-d3c1-bb406e2bcf05
1980-T.10A;af18cc7a-fa8f-11e2-8e56-9f72c6160288;4a73a0fe-82fc-f405-f4f9-89939b375faf
1980-T.10B;af18cc7a-fa8f-11e2-8e56-9f72c6160288;14cf36db-46c6-680a-d839-f2f5c96f84d7
1980-T.10C;af18cc7a-fa8f-11e2-8e56-9f72c6160288;91cf9159-1563-2ae6-66e1-9b6eb2b11954
1980-T.10D;af18cc7a-fa8f-11e2-8e56-9f72c6160288;31da228e-5f19-3ad3-f524-a5dcbdd9adbc
1980-T.10E;af18cc7a-fa8f-11e2-8e56-9f72c6160288;b912c9bb-bf3d-acd7-e458-afe4d312047b
1980-T.10F;af18cc7a-fa8f-11e2-8e56-9f72c6160288;a7ac25a7-d51e-7bd6-4f44-77adb98c71c7
1980-T.10G;af18cc7a-fa8f-11e2-8e56-9f72c6160288;0502f95d-9d6f-c30a-a950-e29313013f78
1980-T.10H;af18cc7a-fa8f-11e2-8e56-9f72c6160288;eeeacdd7-a9d1-b0b2-57b9-3603a7d34f3a
1980-T.10I;af18cc7a-fa8f-11e2-8e56-9f72c6160288;c080c4f3-960c-4fa6-e567-f7ab31581756
1980-T.11;af18cc7a-fa8f-11e2-8e56-9f72c6160288;24ff4675-8fdf-ebf4-5c04-12da27a50146
1980-T.12;af18cc7a-fa8f-11e2-8e56-9f72c6160288;e8865389-e68c-f034-2dde-70870d7a6973
1980-T.13;af18cc7a-fa8f-11e2-8e56-9f72c6160288;2a9bf15c-77ed-256a-89b4-cf3010b541bf
1980-T.13.1;af18cc7a-fa8f-11e2-8e56-9f72c6160288;087715a3-ff22-03ec-c5c0-b5b477bd27f0
1980-T.13.fol.01r;af18cc7a-fa8f-11e2-8e56-9f72c6160288;04fa0d48-a3ac-ecad-17ef-593f4acf5288
1980-T.13.fol.02r;af18cc7a-fa8f-11e2-8e56-9f72c6160288;e2b891cb-68a5-e147-f1ab-792683f421d1
1980-T.13.fol.03r;af18cc7a-fa8f-11e2-8e56-9f72c6160288;77b0a1c9-c171-fcc2-ca31-837c7e36b7cf
1980-T.13.fol.03v;af18cc7a-fa8f-11e2-8e56-9f72c6160288;d9a9204d-2e34-8624-9dcf-258b080b700e
1980-T.13.fol.04v;af18cc7a-fa8f-11e2-8e56-9f72c6160288;277e45c5-b619-c18f-ee73-be7f85ea2260
1980-T.13.fol.05r;af18cc7a-fa8f-11e2-8e56-9f72c6160288;adbc291e-cd35-9587-c5de-872c2dee7be7
1980-T.13.fol.06r;af18cc7a-fa8f-11e2-8e56-9f72c6160288;e4a1fa4a-e9e3-7f61-550c-502c506d7542
1980-T.13.fol.07r;af18cc7a-fa8f-11e2-8e56-9f72c6160288;2c7e4b1f-5efa-9fc6-312b-2821cf36036c
1980-T.13.fol.07v;af18cc7a-fa8f-11e2-8e56-9f72c6160288;4786871e-5ee9-13f7-2ba3-81c6418660fc
1980-T.13.fol.08r;af18cc7a-fa8f-11e2-8e56-9f72c6160288;965ae1de-28b6-e6a0-6c2f-bdcbc75ded28
1980-T.13.fol.09r;af18cc7a-fa8f-11e2-8e56-9f72c6160288;4e676b47-dc9c-b531-94e9-5b1904f86b7a
1980-T.13.fol.10r;af18cc7a-fa8f-11e2-8e56-9f72c6160288;ab4c6b09-ca4a-bc32-f84f-2de751a7cffc
1980-T.13.fol.11r;af18cc7a-fa8f-11e2-8e56-9f72c6160288;9cd4ee87-0b80-434c-f38e-1ca24ae6fc34
1980-T.13.fol.12r;af18cc7a-fa8f-11e2-8e56-9f72c6160288;819d5db7-758f-32ba-395c-92b30a0a1b4c
1980-T.13.fol.13r;af18cc7a-fa8f-11e2-8e56-9f72c6160288;0716e5e8-142d-9aba-fafa-98490fc23cdc
1980-T.13.fol.14r;af18cc7a-fa8f-11e2-8e56-9f72c6160288;52be34bf-ed11-e4e2-ee69-5d967f58b570
1980-T.13.fol.15r;af18cc7a-fa8f-11e2-8e56-9f72c6160288;f184d9f3-3866-e22e-16b6-a9ec7e84028f
1980-T.13.fol.16r;af18cc7a-fa8f-11e2-8e56-9f72c6160288;442a43d9-27df-9a26-0a87-2816125246c0
1980-T.13.fol.17r;af18cc7a-fa8f-11e2-8e56-9f72c6160288;fd8a918e-751d-b2c9-b479-242faba672eb
1980-T.13.fol.17v;af18cc7a-fa8f-11e2-8e56-9f72c6160288;56b54386-e29a-614d-df5c-2023bdb58cce
1980-T.13.fol.18r;af18cc7a-fa8f-11e2-8e56-9f72c6160288;7e51d92f-1318-6bdf-52f8-7999083fb549
1980-T.13.fol.18v;af18cc7a-fa8f-11e2-8e56-9f72c6160288;f8d27973-05d6-40d2-fd65-153bae70faf1
1980-T.13.fol.19r;af18cc7a-fa8f-11e2-8e56-9f72c6160288;2d56eed8-53f2-8351-4bd6-970639634987
1980-T.13.fol.20r;af18cc7a-fa8f-11e2-8e56-9f72c6160288;fcd26e79-b440-e914-e014-c816f3cb52b4
1980-T.13.fol.21r;af18cc7a-fa8f-11e2-8e56-9f72c6160288;a115faef-e2ee-6c69-bb31-c909aa3a3dd7
1980-T.13.fol.22r;af18cc7a-fa8f-11e2-8e56-9f72c6160288;1852cd8e-feab-4634-0199-3824c22c25f8
1980-T.13.fol.23r;af18cc7a-fa8f-11e2-8e56-9f72c6160288;5df82496-fae1-93ec-ef6c-8ce3374b94f6
1980-T.13.fol.24r;af18cc7a-fa8f-11e2-8e56-9f72c6160288;2eda6763-1e64-9054-d7db-77a087df31f6
1980-T.13.fol.25r;af18cc7a-fa8f-11e2-8e56-9f72c6160288;76444899-8b57-b183-c9af-29d07d67a3e3
1980-T.13.fol.26r;af18cc7a-fa8f-11e2-8e56-9f72c6160288;f566b687-c74c-2c55-1b19-6632c928b47a
1980-T.13.fol.26v;af18cc7a-fa8f-11e2-8e56-9f72c6160288;df51a93b-5533-ca99-2494-6b9aa24404e9
1980-T.13.fol.27r;af18cc7a-fa8f-11e2-8e56-9f72c6160288;18c734f4-ddfe-6e4e-67ac-5c7b1b3e285e
1980-T.13.fol.28r;af18cc7a-fa8f-11e2-8e56-9f72c6160288;734d2e1e-b6e5-f89f-6063-1407f490d0a2
1980-T.13.fol.29r;af18cc7a-fa8f-11e2-8e56-9f72c6160288;5dfbe6fd-9437-5ed7-a44b-4ff804fa10f2
1980-T.13.fol.29v;af18cc7a-fa8f-11e2-8e56-9f72c6160288;c0948897-e8f5-f121-16fb-797fb4cb88ef
1980-T.13.fol.30r;af18cc7a-fa8f-11e2-8e56-9f72c6160288;380b39fd-e5c2-e26c-0a36-9b507cbc29ba
1980-T.13.fol.31r;af18cc7a-fa8f-11e2-8e56-9f72c6160288;8343e8fb-846e-2b35-eb36-b48bd62ce8a4
1980-T.13.fol.31v;af18cc7a-fa8f-11e2-8e56-9f72c6160288;52536bbe-61e7-b314-6911-0bc91ad2c8c4
1980-T.13.fol.32r;af18cc7a-fa8f-11e2-8e56-9f72c6160288;350b35f4-8753-60fb-7ffd-db87693becf0
1980-T.13.fol.33r;af18cc7a-fa8f-11e2-8e56-9f72c6160288;537d7518-2bc2-98b4-1d0a-ddd069864220
1980-T.13.fol.34r;af18cc7a-fa8f-11e2-8e56-9f72c6160288;efd453e3-7030-6436-059b-7bad0c3d4dd5
1980-T.13.fol.35r;af18cc7a-fa8f-11e2-8e56-9f72c6160288;9911188c-73ed-606f-98d0-b3c6da5ad8d6
1980-T.13.fol.36r;af18cc7a-fa8f-11e2-8e56-9f72c6160288;d3f6f1df-6410-ef30-13d4-9308acdef491
1980-T.13.fol.37r;af18cc7a-fa8f-11e2-8e56-9f72c6160288;9d1031ed-a953-6bfb-1370-306569807f54
1980-T.13.fol.38r;af18cc7a-fa8f-11e2-8e56-9f72c6160288;3756dd61-46f6-ed9e-b6cc-9f14a23f04ab
1980-T.13.fol.39r;af18cc7a-fa8f-11e2-8e56-9f72c6160288;59000b1f-6de8-cfc7-1ac8-8e91d521826b
1980-T.13.fol.40r;af18cc7a-fa8f-11e2-8e56-9f72c6160288;80c5dc21-8681-6c78-2fa6-6c94322ef07d
1980-T.13.fol.41r;af18cc7a-fa8f-11e2-8e56-9f72c6160288;7f50c5e8-65a2-b30c-a38a-cc81231a120b
1980-T.13.fol.41v;af18cc7a-fa8f-11e2-8e56-9f72c6160288;40e5770c-72c7-3c29-197c-151effc2bffb
1980-T.13.fol.42r;af18cc7a-fa8f-11e2-8e56-9f72c6160288;4b2d2efa-a60e-8353-7d44-134c9d0bd8c5
1980-T.13.fol.43r;af18cc7a-fa8f-11e2-8e56-9f72c6160288;8331c529-3d89-555a-0992-fbbc037192ca
1980-T.13.fol.43v;af18cc7a-fa8f-11e2-8e56-9f72c6160288;0e6ae75c-4775-380b-3181-b8fe940ac1d2
1980-T.13.fol.44r;af18cc7a-fa8f-11e2-8e56-9f72c6160288;9df340ca-0f73-990f-9fee-c7a895225a75
1980-T.13.fol.45r;af18cc7a-fa8f-11e2-8e56-9f72c6160288;9ed3819d-bf1a-5642-561c-57d2bb172512
1980-T.13.fol.45v-46r;af18cc7a-fa8f-11e2-8e56-9f72c6160288;5f7809a5-d2c4-b141-941e-24e7ede62468
1980-T.13.fol.46v;af18cc7a-fa8f-11e2-8e56-9f72c6160288;cee44ac4-54d9-25db-091e-406714793662
1980-T.13.fol.47r;af18cc7a-fa8f-11e2-8e56-9f72c6160288;6193c411-6658-a09d-3d0c-983816e70d0a
1980-T.13.fol.48r;af18cc7a-fa8f-11e2-8e56-9f72c6160288;1650c3a3-bc71-3468-6d3c-1b1ba48c5cec
1980-T.13.fol.48v;af18cc7a-fa8f-11e2-8e56-9f72c6160288;c3ddf6c9-2d4b-7b98-5f14-256c58fe8408
1980-T.13.fol.49r;af18cc7a-fa8f-11e2-8e56-9f72c6160288;d58a228c-e532-715f-6b11-53663802be3f
1980-T.13.fol.50r;af18cc7a-fa8f-11e2-8e56-9f72c6160288;764748d2-b56c-880e-a895-a2e094cbeb52
1980-T.13.fol.51v;af18cc7a-fa8f-11e2-8e56-9f72c6160288;58aa2919-22f2-088b-7c45-156c5c64ab7c
1980-T.13.fol.53r;af18cc7a-fa8f-11e2-8e56-9f72c6160288;0e84cd67-5c4f-2c05-214e-be6efcf79a6d
1980-T.13.fol.53v;af18cc7a-fa8f-11e2-8e56-9f72c6160288;56374cd5-4be3-a1ad-1529-aff044e44cfd
1980-T.13.fol.54r;af18cc7a-fa8f-11e2-8e56-9f72c6160288;6cdba9e0-2841-6d39-3c8e-661625b508d7
1980-T.13.fol.54v-55r;af18cc7a-fa8f-11e2-8e56-9f72c6160288;c1681bd0-6556-0b43-4486-b0de2889c0c9
1980-T.14;af18cc7a-fa8f-11e2-8e56-9f72c6160288;7eb21e96-2dd0-3f68-f735-833871e3f47e
1980-T.15;af18cc7a-fa8f-11e2-8e56-9f72c6160288;e2ad6951-7ce5-89a7-ceb1-8d478ea8e578
1980-T.16;af18cc7a-fa8f-11e2-8e56-9f72c6160288;ab72796b-aa7f-82a1-9bd5-33d6ca236614
1980-T.17;af18cc7a-fa8f-11e2-8e56-9f72c6160288;268fd0e6-706d-555d-8078-1d1ad2f1d12c
1980-T.18;af18cc7a-fa8f-11e2-8e56-9f72c6160288;b693dbe8-ed24-db03-cc46-3cc081eaf059
1980-T.19;af18cc7a-fa8f-11e2-8e56-9f72c6160288;c0e1485a-e8d2-0be0-e89e-5bdadb673475
1980-T.2;af18cc7a-fa8f-11e2-8e56-9f72c6160288;54bc367b-f6fa-7240-34ac-4c6cbd9026e8
1980-T.20;af18cc7a-fa8f-11e2-8e56-9f72c6160288;3b70f13a-56c5-bbc8-c1aa-2cff941d1380
1980-T.21;af18cc7a-fa8f-11e2-8e56-9f72c6160288;0325930f-517b-f761-e5f4-10395ffdf458
1980-T.22;af18cc7a-fa8f-11e2-8e56-9f72c6160288;c2ab88df-ec2d-982d-70fa-bb7ee0063053
1980-T.23;af18cc7a-fa8f-11e2-8e56-9f72c6160288;37e2208f-1714-6a3f-e2d3-5cee3cb7c5a8
1980-T.24;af18cc7a-fa8f-11e2-8e56-9f72c6160288;a91f2d53-0569-7184-07b5-d413dca484d8
1980-T.25;af18cc7a-fa8f-11e2-8e56-9f72c6160288;608a922a-f4a1-cd04-aff6-167d3a0bc5ec
1980-T.26;af18cc7a-fa8f-11e2-8e56-9f72c6160288;e0859f04-518f-0798-89a0-290244391cac
1980-T.27;af18cc7a-fa8f-11e2-8e56-9f72c6160288;8695bc40-ce28-1fe7-0dac-ea344d6d1236
1980-T.28;af18cc7a-fa8f-11e2-8e56-9f72c6160288;5a63b8c9-b1d6-e3ba-8b11-6bfd8d09f6f8
1980-T.29;af18cc7a-fa8f-11e2-8e56-9f72c6160288;92cb744d-4c50-e851-6bc2-b4558e945a34
1980-T.3;af18cc7a-fa8f-11e2-8e56-9f72c6160288;830c039e-cf5d-de85-8b55-7d67b0009ae2
1980-T.30;af18cc7a-fa8f-11e2-8e56-9f72c6160288;4a5c7b19-ea7a-1123-f09f-b4d45f9676e9
1980-T.31;af18cc7a-fa8f-11e2-8e56-9f72c6160288;35b913dd-20c6-6370-d4f9-c9ba25ff7b85
1980-T.32;af18cc7a-fa8f-11e2-8e56-9f72c6160288;7dd0de8d-a72d-1558-cc66-8f4206f22b89
1980-T.33;af18cc7a-fa8f-11e2-8e56-9f72c6160288;5af469b6-eef8-c843-aa1f-b258b8d2ac2d
1980-T.4;af18cc7a-fa8f-11e2-8e56-9f72c6160288;7a85a96a-4e17-1427-0ed9-bd8ded810062
1980-T.5;af18cc7a-fa8f-11e2-8e56-9f72c6160288;58f0b789-2f36-5ad3-8c5c-43a9f4b9a45c
1980-T.6;af18cc7a-fa8f-11e2-8e56-9f72c6160288;3250a489-04ea-c18e-a0dc-892a488bebcb
1980-T.7;af18cc7a-fa8f-11e2-8e56-9f72c6160288;9c6fecc0-ca99-9980-d5f2-634b509ab3d8
1980-T.8;af18cc7a-fa8f-11e2-8e56-9f72c6160288;7e635155-7853-7819-9a87-883f6ea6b401
1980-T.9;af18cc7a-fa8f-11e2-8e56-9f72c6160288;dc52a30e-b728-e901-db41-d00926db3ba7
1981-T.1;af18cc7a-fa8f-11e2-8e56-9f72c6160288;6d9afb12-6625-dba8-4033-f3ce112979ef
1981-T.10;af18cc7a-fa8f-11e2-8e56-9f72c6160288;8b520eb5-f497-489b-034d-435c7dcbff2e
1981-T.11;af18cc7a-fa8f-11e2-8e56-9f72c6160288;0e4a43ba-3d99-4737-d09a-aff6333a1c2a
1981-T.12;af18cc7a-fa8f-11e2-8e56-9f72c6160288;7c60757e-3d7f-3754-ff02-cdd5afd5b402
1981-T.13;af18cc7a-fa8f-11e2-8e56-9f72c6160288;08e9215e-a65b-5e27-cada-485fd6c7db26
1981-T.14;af18cc7a-fa8f-11e2-8e56-9f72c6160288;a973e890-63da-9b05-c8c5-b838b983c9c8
1981-T.15;af18cc7a-fa8f-11e2-8e56-9f72c6160288;eb4ad379-dd2d-debe-4281-5d4cf3164430
1981-T.16;af18cc7a-fa8f-11e2-8e56-9f72c6160288;cca7f9b0-92ed-8fe0-342c-1a80fe71fcc6
1981-T.17;af18cc7a-fa8f-11e2-8e56-9f72c6160288;d765f23d-b431-bcb4-e9dc-b62c004b0690
1981-T.18;af18cc7a-fa8f-11e2-8e56-9f72c6160288;5102a4d7-dbe3-7635-09d5-5a94fd663f48
1981-T.19;af18cc7a-fa8f-11e2-8e56-9f72c6160288;83a36d92-b55a-b3ad-dd67-3b8d0515097e
1981-T.2;af18cc7a-fa8f-11e2-8e56-9f72c6160288;86bc0ea6-a8c8-9c56-1671-08c29b0388b5
1981-T.20;af18cc7a-fa8f-11e2-8e56-9f72c6160288;cd804424-ee99-7c63-90b5-c6862304f1e0
1981-T.21;af18cc7a-fa8f-11e2-8e56-9f72c6160288;2a9b7813-30bc-ee1f-e1b4-533286d1c9f9
1981-T.22;af18cc7a-fa8f-11e2-8e56-9f72c6160288;826f83f9-3b39-1620-5643-670045318f29
1981-T.23;af18cc7a-fa8f-11e2-8e56-9f72c6160288;ace91958-eb18-f4b1-b86e-cc74ff7afc68
1981-T.25;af18cc7a-fa8f-11e2-8e56-9f72c6160288;5d82dfc0-9fce-839a-a805-772a43168897
1981-T.26;af18cc7a-fa8f-11e2-8e56-9f72c6160288;8a714585-29bd-5fb5-8016-2d670dca53dc
1981-T.27;af18cc7a-fa8f-11e2-8e56-9f72c6160288;45fd92c6-8a15-4f37-91ca-12e42deebf44
1981-T.28;af18cc7a-fa8f-11e2-8e56-9f72c6160288;46497c9f-d1b6-1851-575c-2a64d0d83004
1981-T.29;af18cc7a-fa8f-11e2-8e56-9f72c6160288;b49f38de-6d47-771d-b64e-298f16d7c24d
1981-T.3;af18cc7a-fa8f-11e2-8e56-9f72c6160288;08b8742c-0ca4-04e9-7c43-bf054d0fde71
1981-T.30;af18cc7a-fa8f-11e2-8e56-9f72c6160288;59b31279-f72f-2fda-054d-ee2bb9355605
1981-T.31;af18cc7a-fa8f-11e2-8e56-9f72c6160288;0b8697b5-6f83-44b0-19ab-083a7b94fcb5
1981-T.32;af18cc7a-fa8f-11e2-8e56-9f72c6160288;af48b256-bc20-2e7d-2c8f-9213894fa351
1981-T.33;af18cc7a-fa8f-11e2-8e56-9f72c6160288;fce0b779-b886-bbc2-2fcb-6d065c579278
1981-T.34;af18cc7a-fa8f-11e2-8e56-9f72c6160288;28058c72-1d8e-7f50-7279-94702f65af72
1981-T.35;af18cc7a-fa8f-11e2-8e56-9f72c6160288;9378f247-7859-2902-c2cf-ae5ae3081361
1981-T.36;af18cc7a-fa8f-11e2-8e56-9f72c6160288;dea4c820-a25f-a0b1-1456-638dcaf76f4c
1981-T.37;af18cc7a-fa8f-11e2-8e56-9f72c6160288;276c7fb0-2b07-f278-fbd9-ffe244ff03d7
1981-T.38;af18cc7a-fa8f-11e2-8e56-9f72c6160288;ec929613-8ff1-924d-d087-f5ef74d46669
1981-T.4;af18cc7a-fa8f-11e2-8e56-9f72c6160288;868cdee6-038e-413f-29a9-f4047c299486
1981-T.5;af18cc7a-fa8f-11e2-8e56-9f72c6160288;e36545ea-3431-5a48-5d90-c743e185559a
1981-T.6;af18cc7a-fa8f-11e2-8e56-9f72c6160288;db3ee34e-42e8-9c62-9a3e-3b4a647532dc
1981-T.7;af18cc7a-fa8f-11e2-8e56-9f72c6160288;641c7340-6b52-1e47-b214-37ea31f0bc09
1981-T.8;af18cc7a-fa8f-11e2-8e56-9f72c6160288;d0409425-ec5f-60fa-9417-9fb494e9384e
1981-T.9;af18cc7a-fa8f-11e2-8e56-9f72c6160288;5c7222e9-a181-5294-83da-67b65473e307
1982;af18cc7a-fa8f-11e2-8e56-9f72c6160288;009352dd-4034-a629-cd25-2e6e018f1e48
1982-T.1;af18cc7a-fa8f-11e2-8e56-9f72c6160288;2ff4e602-9650-c1a7-918c-088092eb6e05
1982-T.10;af18cc7a-fa8f-11e2-8e56-9f72c6160288;973b7463-5837-9698-da8f-388c28718d76
1982-T.11;af18cc7a-fa8f-11e2-8e56-9f72c6160288;4e5722c9-01b2-18cc-3dcf-5aae44461c26
1982-T.12;af18cc7a-fa8f-11e2-8e56-9f72c6160288;09cef6dc-5740-dea5-f582-8691ed222548
1982-T.13;af18cc7a-fa8f-11e2-8e56-9f72c6160288;36b5223b-db54-ec62-7310-c906af8077aa
1982-T.14;af18cc7a-fa8f-11e2-8e56-9f72c6160288;db0d0763-ec15-87af-76d8-ac5bfce49a76
1982-T.15;af18cc7a-fa8f-11e2-8e56-9f72c6160288;372643e4-9ff7-1e35-9399-125e788de0ce
1982-T.16;af18cc7a-fa8f-11e2-8e56-9f72c6160288;35cc7825-1535-b409-64f0-dd4c4f208b46
1982-T.17;af18cc7a-fa8f-11e2-8e56-9f72c6160288;ade42f65-c223-371f-9b6d-73d824468555
1982-T.18;af18cc7a-fa8f-11e2-8e56-9f72c6160288;fd6c16ef-2ab3-f3f1-0e78-1fbce5205a96
1982-T.19;af18cc7a-fa8f-11e2-8e56-9f72c6160288;26800c33-f0b2-558f-31e8-efe06d48dc86
1982-T.2;af18cc7a-fa8f-11e2-8e56-9f72c6160288;2cf0254c-9aec-1aaa-0081-f6817238b381
1982-T.20;af18cc7a-fa8f-11e2-8e56-9f72c6160288;8292ee95-7ac3-ced8-0065-bace8638792f
1982-T.21;af18cc7a-fa8f-11e2-8e56-9f72c6160288;fc457860-7477-044a-9df7-eede8a1c1d13
1982-T.22;af18cc7a-fa8f-11e2-8e56-9f72c6160288;b8e3f5f7-db42-192d-9625-d7d83cfe484d
1982-T.23;af18cc7a-fa8f-11e2-8e56-9f72c6160288;b8593506-b998-ded6-2e70-b9ebd1966c26
1982-T.24;af18cc7a-fa8f-11e2-8e56-9f72c6160288;4a7708b7-a79d-31f2-cb09-703fccd5fb6b
1982-T.25;af18cc7a-fa8f-11e2-8e56-9f72c6160288;f13e6aca-658d-9d02-a9cc-7a428ccc57ac
1982-T.26;af18cc7a-fa8f-11e2-8e56-9f72c6160288;0299a340-3fd1-e776-c5fd-72132f8999e8
1982-T.27;af18cc7a-fa8f-11e2-8e56-9f72c6160288;bf3b03af-6b35-8ea5-e2d8-f94bc1178b50
1982-T.28;af18cc7a-fa8f-11e2-8e56-9f72c6160288;1713f633-b4c3-0693-148b-b456b06d2515
1982-T.29;af18cc7a-fa8f-11e2-8e56-9f72c6160288;75f2d356-daa6-2f0c-9c77-6ca1223d2cf6
1982-T.3;af18cc7a-fa8f-11e2-8e56-9f72c6160288;b289e8a0-1eda-4d0e-1105-f6263cabe68a
1982-T.30;af18cc7a-fa8f-11e2-8e56-9f72c6160288;fb22c2b6-20a5-b3f0-0cf0-9b78b8a20975
1982-T.31;af18cc7a-fa8f-11e2-8e56-9f72c6160288;f81504f2-39c6-7215-f9fd-61887d008e66
1982-T.32;af18cc7a-fa8f-11e2-8e56-9f72c6160288;1c67d929-d863-3b21-4348-73d5fbf8dfb6
1982-T.33;af18cc7a-fa8f-11e2-8e56-9f72c6160288;8e774c0d-3e0b-3148-85f6-345088ce647f
1982-T.34;af18cc7a-fa8f-11e2-8e56-9f72c6160288;4e109662-c91e-684a-8872-9d144d384bd2
1982-T.35;af18cc7a-fa8f-11e2-8e56-9f72c6160288;f50a8161-a421-31ab-0974-21f8493225fb
1982-T.36;af18cc7a-fa8f-11e2-8e56-9f72c6160288;7075f2b1-c7a9-4f31-72d6-80aea4ed96c3
1982-T.37;af18cc7a-fa8f-11e2-8e56-9f72c6160288;ee2ce21c-0616-9845-591b-30ebe765f45d
1982-T.4;af18cc7a-fa8f-11e2-8e56-9f72c6160288;6ab68fae-bf1d-8836-6683-ce4759fe8c69
1982-T.42;af18cc7a-fa8f-11e2-8e56-9f72c6160288;91ea6eb6-fb81-a301-4984-4dc38af2b4ac
1982-T.5;af18cc7a-fa8f-11e2-8e56-9f72c6160288;803cefe3-7776-b9b8-c086-26d21a369869
1982-T.6;af18cc7a-fa8f-11e2-8e56-9f72c6160288;c760c386-81ab-c6b2-801d-545912d0a576
1982-T.7;af18cc7a-fa8f-11e2-8e56-9f72c6160288;3c323d4a-0ffb-c597-0580-d20509ec7f60
1982-T.8;af18cc7a-fa8f-11e2-8e56-9f72c6160288;7841809f-a914-3649-1809-cc67249bd147
1982-T.9;af18cc7a-fa8f-11e2-8e56-9f72c6160288;4a303891-bc42-63da-7803-fff8f08bec7f
1983-T.1;af18cc7a-fa8f-11e2-8e56-9f72c6160288;8e48f902-625e-6e39-f485-c0857899d619
1983-T.10;af18cc7a-fa8f-11e2-8e56-9f72c6160288;9210f4a7-c024-c70e-1caa-254a96f29f72
1983-T.11;af18cc7a-fa8f-11e2-8e56-9f72c6160288;599f8a7a-2261-8bce-3ecb-b94362011fec
1983-T.12;af18cc7a-fa8f-11e2-8e56-9f72c6160288;7f6c884f-e086-a8bb-a050-04f1fb06fd73
1983-T.13;af18cc7a-fa8f-11e2-8e56-9f72c6160288;965c2c66-7924-f76c-c0c5-bdceaeacdeb0
1983-T.14;af18cc7a-fa8f-11e2-8e56-9f72c6160288;017be602-7abe-cbe8-770a-cfd40a1882b9
1983-T.15;af18cc7a-fa8f-11e2-8e56-9f72c6160288;4616526c-8947-6224-79cb-c53a2ec0a86b
1983-T.16;af18cc7a-fa8f-11e2-8e56-9f72c6160288;ccbc9a2f-d503-096a-f224-bfafbf9a45fa
1983-T.17;af18cc7a-fa8f-11e2-8e56-9f72c6160288;8a601b5a-d3ac-7e7c-80a4-29267b6dcef5
1983-T.18;af18cc7a-fa8f-11e2-8e56-9f72c6160288;4210dfda-40f6-0981-7bc0-9b6b9e538d9c
1983-T.19;af18cc7a-fa8f-11e2-8e56-9f72c6160288;9404507b-0b24-b5b3-9407-b5f9ce25f5ee
1983-T.2;af18cc7a-fa8f-11e2-8e56-9f72c6160288;a662860f-8c01-5d04-5d73-7906fb9d7f0f
1983-T.20;af18cc7a-fa8f-11e2-8e56-9f72c6160288;fd9b82d3-3547-9623-d61e-4d636de929be
1983-T.21;af18cc7a-fa8f-11e2-8e56-9f72c6160288;e109d132-c81b-2ecc-3695-3afca11309fb
1983-T.22;af18cc7a-fa8f-11e2-8e56-9f72c6160288;6f7bb85d-b28c-aa63-e640-fddfd3149d7e
1983-T.23;af18cc7a-fa8f-11e2-8e56-9f72c6160288;9717257a-30bc-cf32-db27-ed1e63e98058
1983-T.24;af18cc7a-fa8f-11e2-8e56-9f72c6160288;222cde7e-1613-4c31-fc24-d1530e52de73
1983-T.25;af18cc7a-fa8f-11e2-8e56-9f72c6160288;9037454b-8745-88e8-5884-0f96bc0176da
1983-T.26;af18cc7a-fa8f-11e2-8e56-9f72c6160288;89362922-530a-0601-7319-121805cd82ed
1983-T.27;af18cc7a-fa8f-11e2-8e56-9f72c6160288;48f22706-2715-cf75-8c54-00c970dfd277
1983-T.28;af18cc7a-fa8f-11e2-8e56-9f72c6160288;fc576f92-4fe7-61f5-f21b-cee5332bccb2
1983-T.29;af18cc7a-fa8f-11e2-8e56-9f72c6160288;e873223a-e069-8c5c-25c4-9fff6914dea4
1983-T.3;af18cc7a-fa8f-11e2-8e56-9f72c6160288;e45ddd2d-0b98-0c8d-1ed6-06cd3337b0b7
1983-T.30;af18cc7a-fa8f-11e2-8e56-9f72c6160288;596ebf9d-20ca-d803-1f3f-a7b64bcbee08
1983-T.31;af18cc7a-fa8f-11e2-8e56-9f72c6160288;2cee2d68-13df-ded6-97b1-0ff7711a1c2d
1983-T.32;af18cc7a-fa8f-11e2-8e56-9f72c6160288;a722e5d9-ddcd-298b-8c3b-6a1033be0bc3
1983-T.33;af18cc7a-fa8f-11e2-8e56-9f72c6160288;2b4a4f14-13c3-61d7-e489-a80859fa35ba
1983-T.34;af18cc7a-fa8f-11e2-8e56-9f72c6160288;d303c5b3-789c-f9ed-d541-39b14106f52b
1983-T.35;af18cc7a-fa8f-11e2-8e56-9f72c6160288;4fed501d-2093-fe44-48af-5c116fc90e74
1983-T.4;af18cc7a-fa8f-11e2-8e56-9f72c6160288;68af8b16-68d2-2001-0621-ba6d591bdde4
1983-T.5;af18cc7a-fa8f-11e2-8e56-9f72c6160288;00332cb1-8bef-9643-5eac-899249d81d83
1983-T.6;af18cc7a-fa8f-11e2-8e56-9f72c6160288;ec7d1d65-e83b-3ce0-6f46-a844aa974051
1983-T.7;af18cc7a-fa8f-11e2-8e56-9f72c6160288;9ea84347-5a1a-cb29-d0d4-62cede83a370
1983-T.8;af18cc7a-fa8f-11e2-8e56-9f72c6160288;a225b007-0c39-4bd4-8377-1bc9d30794d2
1983-T.9;af18cc7a-fa8f-11e2-8e56-9f72c6160288;63ae7c6b-c99f-fdc0-ed62-027dfe9f0ce4
1984-T.1;af18cc7a-fa8f-11e2-8e56-9f72c6160288;c27ffd58-4781-b144-b5db-3fb37afdf706
1984-T.10;af18cc7a-fa8f-11e2-8e56-9f72c6160288;f419934d-ded7-c11d-ea31-f423e62d70ed
1984-T.2;af18cc7a-fa8f-11e2-8e56-9f72c6160288;b27b0f05-4712-8a9f-0c3b-234c5409c20c
1984-T.3;af18cc7a-fa8f-11e2-8e56-9f72c6160288;ce26cde5-6207-7d9e-8f8f-4870080dfbf0
1984-T.4;af18cc7a-fa8f-11e2-8e56-9f72c6160288;df39f024-24dc-18b0-7360-dbc61a6849c8
1984-T.5;af18cc7a-fa8f-11e2-8e56-9f72c6160288;c5c16dd4-1982-9af9-291d-1ebc74fec694
1984-T.6;af18cc7a-fa8f-11e2-8e56-9f72c6160288;6ca534aa-342a-f4f0-4c6d-3eb0fa56d98a
1984-T.7;af18cc7a-fa8f-11e2-8e56-9f72c6160288;e11edbc9-1a05-ee44-0379-fa745ebcd662
1984-T.9;af18cc7a-fa8f-11e2-8e56-9f72c6160288;c4ceb8b1-0225-1e57-59df-fd36c5288a0a
1985;af18cc7a-fa8f-11e2-8e56-9f72c6160288;e21f45ad-616e-9a29-21df-753e0eaf1c0b
1985-T.1;af18cc7a-fa8f-11e2-8e56-9f72c6160288;701858ad-ed73-7128-2cb8-8963f0047408
1985-T.10;af18cc7a-fa8f-11e2-8e56-9f72c6160288;9fcf00ee-af28-80a4-a834-80c259c58baf
1985-T.11;af18cc7a-fa8f-11e2-8e56-9f72c6160288;2667195d-52ec-2b2c-dbe5-650ad4ffaf5a
1985-T.12;af18cc7a-fa8f-11e2-8e56-9f72c6160288;ce19f363-49ab-adc2-4307-8a4309499317
1985-T.13;af18cc7a-fa8f-11e2-8e56-9f72c6160288;e18aeeb1-be38-00d8-9cd5-d8530785550c
1985-T.14;af18cc7a-fa8f-11e2-8e56-9f72c6160288;3f0e95b9-22bc-bd1e-4c78-c4477076f78f
1985-T.15;af18cc7a-fa8f-11e2-8e56-9f72c6160288;b9f678b0-79d1-2f4f-073c-0e121a58c9d5
1985-T.16;af18cc7a-fa8f-11e2-8e56-9f72c6160288;b8e4bc70-d6eb-54be-6e6f-caac0e22463a
1985-T.17;af18cc7a-fa8f-11e2-8e56-9f72c6160288;482ba8d7-6233-e380-2782-32ef0e869149
1985-T.18;af18cc7a-fa8f-11e2-8e56-9f72c6160288;006f5c25-5349-0cfe-009e-e0f54e5e3b71
1985-T.19;af18cc7a-fa8f-11e2-8e56-9f72c6160288;64bde14a-61f2-4d90-e48e-1920f0374662
1985-T.2;af18cc7a-fa8f-11e2-8e56-9f72c6160288;f28454d9-1241-9b9f-0188-267817c1fb3b
1985-T.20;af18cc7a-fa8f-11e2-8e56-9f72c6160288;1bb77a8a-f77f-d82c-360f-b52c7c8d10df
1985-T.21;af18cc7a-fa8f-11e2-8e56-9f72c6160288;5a673c19-996d-704c-7e26-eb4801150432
1985-T.22;af18cc7a-fa8f-11e2-8e56-9f72c6160288;d382fe48-a79b-94e4-8d7c-0afc573d581f
1985-T.23;af18cc7a-fa8f-11e2-8e56-9f72c6160288;a413b76e-476e-64a7-7838-4c3a364385fd
1985-T.24;af18cc7a-fa8f-11e2-8e56-9f72c6160288;59dc2090-3d4f-6b7c-6a62-2e10a80336b2
1985-T.25;af18cc7a-fa8f-11e2-8e56-9f72c6160288;8e5dcbd6-e980-47dd-cfde-a6b944a27a83
1985-T.26;af18cc7a-fa8f-11e2-8e56-9f72c6160288;960d66c9-8a8a-2fa6-116c-333015e898ba
1985-T.27;af18cc7a-fa8f-11e2-8e56-9f72c6160288;0090d85f-e707-40d2-9681-b25d4a2415b0
1985-T.28;af18cc7a-fa8f-11e2-8e56-9f72c6160288;cc829dd6-8080-cf4a-d382-7ae562dc6802
1985-T.29;af18cc7a-fa8f-11e2-8e56-9f72c6160288;d8ba5adc-462a-60e4-010d-16dc57a150df
1985-T.3;af18cc7a-fa8f-11e2-8e56-9f72c6160288;eb53e367-0874-4818-b51d-bb2c0bee80da
1985-T.30;af18cc7a-fa8f-11e2-8e56-9f72c6160288;3bb542aa-885e-696c-71e4-07d539d775dd
1985-T.31;af18cc7a-fa8f-11e2-8e56-9f72c6160288;2fcbb0a3-86e0-c35c-0c57-a2bff33218e6
1985-T.32;af18cc7a-fa8f-11e2-8e56-9f72c6160288;528faaef-95b6-1343-0a27-91157c3369dd
1985-T.33;af18cc7a-fa8f-11e2-8e56-9f72c6160288;3b865ad2-3156-2cd8-52f2-956701303d9c
1985-T.34;af18cc7a-fa8f-11e2-8e56-9f72c6160288;f25e2763-52eb-2c94-5e01-1c8ea3800c77
1985-T.35;af18cc7a-fa8f-11e2-8e56-9f72c6160288;3c530b15-6c62-3283-b75d-7f9c50b13322
1985-T.36;af18cc7a-fa8f-11e2-8e56-9f72c6160288;2da27cea-9150-2df2-9d10-8f643616cc7b
1985-T.37;af18cc7a-fa8f-11e2-8e56-9f72c6160288;0f74637b-7e42-4de5-1d6e-cb836eda6a4f
1985-T.38;af18cc7a-fa8f-11e2-8e56-9f72c6160288;36216016-477d-c7bd-9831-357c265abe6b
1985-T.39;af18cc7a-fa8f-11e2-8e56-9f72c6160288;0ba39026-04bc-be4d-991f-dc856c9dcb3c
1985-T.4;af18cc7a-fa8f-11e2-8e56-9f72c6160288;3713cbc9-a31c-3f2b-f72b-30abae5fd074
1985-T.40;af18cc7a-fa8f-11e2-8e56-9f72c6160288;1d48b496-1c11-c371-6c0c-565cf887dc8a
1985-T.41;af18cc7a-fa8f-11e2-8e56-9f72c6160288;5edbcd74-6eb8-d5fe-87da-5faf0287468a
1985-T.42;af18cc7a-fa8f-11e2-8e56-9f72c6160288;83b808e1-78cd-2707-7b4d-ccffad526c6b
1985-T.43;af18cc7a-fa8f-11e2-8e56-9f72c6160288;f2d247c8-1e89-7f6c-0f82-b7823c7ce830
1985-T.44;af18cc7a-fa8f-11e2-8e56-9f72c6160288;f3912b09-0d9c-bd60-fced-c85acf4ed8cf
1985-T.45;af18cc7a-fa8f-11e2-8e56-9f72c6160288;cb5568bf-0404-a51f-f893-dda5583c600f
1985-T.46;af18cc7a-fa8f-11e2-8e56-9f72c6160288;3b46f4d1-9e53-c093-13fe-5cebad2dd5e5
1985-T.47;af18cc7a-fa8f-11e2-8e56-9f72c6160288;de832534-7de0-dd3f-227a-f3057d997589
1985-T.48;af18cc7a-fa8f-11e2-8e56-9f72c6160288;c39feebd-5888-ed24-f778-762b46509d62
1985-T.49;af18cc7a-fa8f-11e2-8e56-9f72c6160288;ebebb828-26a3-88e8-52cf-ca6cb9468fa9
1985-T.5;af18cc7a-fa8f-11e2-8e56-9f72c6160288;03f33695-7a44-1e8e-0b65-129f341644f6
1985-T.6;af18cc7a-fa8f-11e2-8e56-9f72c6160288;e35a8d09-9d61-2812-5656-6b4a1374bfb9
1985-T.7;af18cc7a-fa8f-11e2-8e56-9f72c6160288;d2b7b72f-1097-f5bc-fb09-51fe4a5410c6
1985-T.8;af18cc7a-fa8f-11e2-8e56-9f72c6160288;16352c9b-19e7-deb0-5aa5-00931862b827
1985-T.9;af18cc7a-fa8f-11e2-8e56-9f72c6160288;6b0b2b81-b430-7b4a-4397-31d06dea1c16
1986;af18cc7a-fa8f-11e2-8e56-9f72c6160288;a1cb081c-6bf1-1a99-a470-615cdb1f9a8f
1986-T.1;af18cc7a-fa8f-11e2-8e56-9f72c6160288;1a66a6ae-2fec-8eb3-e2ba-67bbb0c52372
1986-T.10;af18cc7a-fa8f-11e2-8e56-9f72c6160288;e9cd8b83-aa58-4d91-1553-af69b48a521d
1986-T.11;af18cc7a-fa8f-11e2-8e56-9f72c6160288;ac8eb384-632b-5ba9-4ea6-e47aeb6ccaf6
1986-T.12;af18cc7a-fa8f-11e2-8e56-9f72c6160288;1b7c1956-c4de-70b3-1a2e-7806d668a370
1986-T.13;af18cc7a-fa8f-11e2-8e56-9f72c6160288;4a18a733-f3ef-94e6-8005-079e565926a9
1986-T.14;af18cc7a-fa8f-11e2-8e56-9f72c6160288;d411a740-a646-0744-649f-7fda469dc929
1986-T.15;af18cc7a-fa8f-11e2-8e56-9f72c6160288;4afa57b2-14fa-4539-5757-5d4fd5b2c22c
1986-T.16;af18cc7a-fa8f-11e2-8e56-9f72c6160288;84f1262e-c419-0271-c627-92555f9081ef
1986-T.17;af18cc7a-fa8f-11e2-8e56-9f72c6160288;13d980a2-3cbd-b77b-40fe-0f0cb60d39a8
1986-T.18;af18cc7a-fa8f-11e2-8e56-9f72c6160288;940abc2b-14dc-09a1-2dd8-de92bbccfae7
1986-T.19;af18cc7a-fa8f-11e2-8e56-9f72c6160288;b32ec9f9-8775-01fa-405f-cc33b8b36539
1986-T.2;af18cc7a-fa8f-11e2-8e56-9f72c6160288;ccd300f7-413d-cd8b-2ee0-b251409ab769
1986-T.20;af18cc7a-fa8f-11e2-8e56-9f72c6160288;aa8cf976-4906-ec26-3e43-c5569a2369c6
1986-T.21;af18cc7a-fa8f-11e2-8e56-9f72c6160288;d017d06d-86d9-ae7b-9fb5-29a1648cd17c
1986-T.22;af18cc7a-fa8f-11e2-8e56-9f72c6160288;b7221068-2680-92f8-12da-271f79fa4c40
1986-T.23;af18cc7a-fa8f-11e2-8e56-9f72c6160288;c4851a8a-42fc-208f-b469-cc86215573c6
1986-T.24;af18cc7a-fa8f-11e2-8e56-9f72c6160288;3b3e2da4-ca01-f0bf-0a04-95a627a1a2c5
1986-T.25;af18cc7a-fa8f-11e2-8e56-9f72c6160288;b458c1da-cc90-ae31-4985-b5d8db07fcae
1986-T.26;af18cc7a-fa8f-11e2-8e56-9f72c6160288;19192d4e-b86e-45ab-a161-faeab4879083
1986-T.27;af18cc7a-fa8f-11e2-8e56-9f72c6160288;00d77a44-377c-1039-eec3-53537053d721
1986-T.28;af18cc7a-fa8f-11e2-8e56-9f72c6160288;3df82147-47b2-6a0a-c416-d2c53211cd9a
1986-T.29;af18cc7a-fa8f-11e2-8e56-9f72c6160288;d3d8bd50-61b7-7d5a-af1d-ccbfb163d127
1986-T.3;af18cc7a-fa8f-11e2-8e56-9f72c6160288;8e8c7394-2a90-dff7-4df9-ec94a5810d77
1986-T.30;af18cc7a-fa8f-11e2-8e56-9f72c6160288;1058534e-cf9e-e97c-4c50-104138b96274
1986-T.31;af18cc7a-fa8f-11e2-8e56-9f72c6160288;47470bf4-a153-6268-8d65-55a21ba20f68
1986-T.32;af18cc7a-fa8f-11e2-8e56-9f72c6160288;2479d01d-61dd-1dfc-7dd1-f16074c67027
1986-T.33;af18cc7a-fa8f-11e2-8e56-9f72c6160288;434b60c4-419d-3760-875e-615f6f8b06ec
1986-T.34;af18cc7a-fa8f-11e2-8e56-9f72c6160288;bc594aca-a5e6-8c67-7eb7-00b77b0972b7
1986-T.35;af18cc7a-fa8f-11e2-8e56-9f72c6160288;83541f00-c4a0-1e7c-92a9-d0a68574bd46
1986-T.36A;af18cc7a-fa8f-11e2-8e56-9f72c6160288;263143bc-115d-b2f2-7fa3-a24bd68b8294
1986-T.36B;af18cc7a-fa8f-11e2-8e56-9f72c6160288;2ec97dc3-cce8-b5fe-d40e-aff388415f8e
1986-T.37;af18cc7a-fa8f-11e2-8e56-9f72c6160288;7b8a5bf1-0bdc-5add-1161-06ca20dc0a9f
1986-T.38;af18cc7a-fa8f-11e2-8e56-9f72c6160288;844d6678-e7ba-32aa-c947-0c2a629fa454
1986-T.39;af18cc7a-fa8f-11e2-8e56-9f72c6160288;5e1e2c67-41e8-eb30-5b3a-b8cef90c288a
1986-T.4;af18cc7a-fa8f-11e2-8e56-9f72c6160288;5c59da66-557c-54e9-f563-b2663e871315
1986-T.40;af18cc7a-fa8f-11e2-8e56-9f72c6160288;74733acc-57a8-2a49-f2a7-3060111f7a0a
1986-T.41;af18cc7a-fa8f-11e2-8e56-9f72c6160288;dc962ec6-c21b-c390-ef78-a64885bf76a1
1986-T.42;af18cc7a-fa8f-11e2-8e56-9f72c6160288;649dad90-0c8f-0213-01a7-3afb07a2f628
1986-T.43;af18cc7a-fa8f-11e2-8e56-9f72c6160288;4e5fb86a-9e71-197d-0cdf-b2cb78328c20
1986-T.44;af18cc7a-fa8f-11e2-8e56-9f72c6160288;77d146aa-e78d-500f-a74d-dc474b05d603
1986-T.45;af18cc7a-fa8f-11e2-8e56-9f72c6160288;9962b5df-c202-ca29-82e2-0ef6ec21277d
1986-T.46;af18cc7a-fa8f-11e2-8e56-9f72c6160288;362e3963-7b78-a9f8-2acc-4e655dfb63b4
1986-T.47;af18cc7a-fa8f-11e2-8e56-9f72c6160288;32398637-af06-3b95-8bf8-b4da50d26deb
1986-T.48;af18cc7a-fa8f-11e2-8e56-9f72c6160288;ffc84bf6-4fc0-2409-ed6a-f96d422eca3e
1986-T.49;af18cc7a-fa8f-11e2-8e56-9f72c6160288;33bfc6ee-e01e-1267-8e67-239e5fbfe436
1986-T.5;af18cc7a-fa8f-11e2-8e56-9f72c6160288;c8eb10fa-4a52-faed-bdc4-b3ddabaeb00d
1986-T.50;af18cc7a-fa8f-11e2-8e56-9f72c6160288;637ad787-e1b1-d48b-998f-7b777ebddf38
1986-T.51;af18cc7a-fa8f-11e2-8e56-9f72c6160288;98c62686-237a-649c-550d-41287dc8927c
1986-T.52;af18cc7a-fa8f-11e2-8e56-9f72c6160288;ca218aa8-afe0-797e-9efd-5d46c3cdcaec
1986-T.53;af18cc7a-fa8f-11e2-8e56-9f72c6160288;24552d71-d7b4-4090-f5b6-03b9c8c17ec0
1986-T.54;af18cc7a-fa8f-11e2-8e56-9f72c6160288;879c6ac3-faab-a560-b694-b6759ce4c30e
1986-T.55;af18cc7a-fa8f-11e2-8e56-9f72c6160288;3f1b336e-6967-846e-39ae-1859f5f7b2ad
1986-T.56;af18cc7a-fa8f-11e2-8e56-9f72c6160288;f38ad9a5-b6b2-abac-8929-c364dc9cce11
1986-T.57;af18cc7a-fa8f-11e2-8e56-9f72c6160288;1716fb64-4412-700f-0319-e1e0b1b27697
1986-T.58;af18cc7a-fa8f-11e2-8e56-9f72c6160288;a19f3e20-d412-48a3-9cba-47e1950eb6a9
1986-T.59;af18cc7a-fa8f-11e2-8e56-9f72c6160288;8d556303-c7de-da07-5ad9-411418a1da7c
1986-T.6;af18cc7a-fa8f-11e2-8e56-9f72c6160288;30f5c969-ae72-4956-2aa4-fa8a9bf8f507
1986-T.60;af18cc7a-fa8f-11e2-8e56-9f72c6160288;ed0b77b2-dbe0-2ccf-98bb-5f4c83c3adaf
1986-T.61;af18cc7a-fa8f-11e2-8e56-9f72c6160288;330f04b8-cbc1-dd22-7ef5-ee30f7458f66
1986-T.62;af18cc7a-fa8f-11e2-8e56-9f72c6160288;0c81ac2c-4eda-216b-f1cf-2df57f1b567a
1986-T.63;af18cc7a-fa8f-11e2-8e56-9f72c6160288;2bccf24f-4e56-6910-8827-b7d6990b3fa0
1986-T.64;af18cc7a-fa8f-11e2-8e56-9f72c6160288;bfb0643a-9028-00e7-7099-ae30807e9bcc
1986-T.65;af18cc7a-fa8f-11e2-8e56-9f72c6160288;8c426c25-b5d2-88ac-1dba-1db78bb93a83
1986-T.66;af18cc7a-fa8f-11e2-8e56-9f72c6160288;00049f6d-1c0d-3c32-59ed-4efbd28d1660
1986-T.67;af18cc7a-fa8f-11e2-8e56-9f72c6160288;85727fbb-1af3-88fd-9abb-b1a8509423d2
1986-T.68;af18cc7a-fa8f-11e2-8e56-9f72c6160288;127ad511-cd1b-7fdb-9f50-cc60216e2ff1
1986-T.7;af18cc7a-fa8f-11e2-8e56-9f72c6160288;c79deb53-5b7e-18db-c4cd-a1f89b6b9c0c
1986-T.8;af18cc7a-fa8f-11e2-8e56-9f72c6160288;90aec187-aec4-fb18-5f62-f6f2d2121d3d
1986-T.9;af18cc7a-fa8f-11e2-8e56-9f72c6160288;cef3b562-2856-0c79-8c48-b0db7870742a
1987 (lost);af18cc7a-fa8f-11e2-8e56-9f72c6160288;
1987-PM.3;af18cc7a-fa8f-11e2-8e56-9f72c6160288;795fddbc-df98-657d-0777-69292b8a6ae3
1987-PM.4;af18cc7a-fa8f-11e2-8e56-9f72c6160288;000a967c-52c2-6669-2ec9-a58b097de69b
1987-T.1;af18cc7a-fa8f-11e2-8e56-9f72c6160288;f9a70f05-536f-2665-45ee-b8c16ee5f6d5
1987-T.10;af18cc7a-fa8f-11e2-8e56-9f72c6160288;809464c9-3b22-83d5-91db-a912e19296d8
1987-T.11;af18cc7a-fa8f-11e2-8e56-9f72c6160288;431d0d7f-b19b-578e-68c0-4d89e6331d9c
1987-T.12;af18cc7a-fa8f-11e2-8e56-9f72c6160288;3a2e060c-2b53-bd7d-3013-002d4c21d28f
1987-T.13;af18cc7a-fa8f-11e2-8e56-9f72c6160288;bebc8d4f-f96e-ee93-e8c6-85aac61d848b
1987-T.14;af18cc7a-fa8f-11e2-8e56-9f72c6160288;2ed2e606-8c01-9b8a-8aa6-24c113ef121b
1987-T.15;af18cc7a-fa8f-11e2-8e56-9f72c6160288;5873e374-c917-5983-3340-3611cc04e084
1987-T.16;af18cc7a-fa8f-11e2-8e56-9f72c6160288;2d90488d-4b65-ca33-bf0e-0fe6f3b31444
1987-T.17;af18cc7a-fa8f-11e2-8e56-9f72c6160288;7c0027a8-7c99-cb7d-a7b9-03f2f05edf24
1987-T.18;af18cc7a-fa8f-11e2-8e56-9f72c6160288;366f93b7-70b7-1d16-dbb5-3ba4c017d9d1
1987-T.19;af18cc7a-fa8f-11e2-8e56-9f72c6160288;0a362cf4-24ba-d51a-e675-52977929a7b4
1987-T.2;af18cc7a-fa8f-11e2-8e56-9f72c6160288;6ce80b66-e542-73e0-9ee1-8b716c8e444f
1987-T.20;af18cc7a-fa8f-11e2-8e56-9f72c6160288;f5155b2b-9eab-7f2e-ba96-9f4aff239194
1987-T.21;af18cc7a-fa8f-11e2-8e56-9f72c6160288;e6e0799f-2b07-f770-4752-fc456cc0ff91
1987-T.22;af18cc7a-fa8f-11e2-8e56-9f72c6160288;00be67f8-94eb-3389-3b6a-0b8fdec156aa
1987-T.23;af18cc7a-fa8f-11e2-8e56-9f72c6160288;c91249b9-0fc3-3d2b-1372-b9a6ede3826b
1987-T.24;af18cc7a-fa8f-11e2-8e56-9f72c6160288;1638d843-16ab-8a67-564b-f475fc90d816
1987-T.25;af18cc7a-fa8f-11e2-8e56-9f72c6160288;655eae37-1f4d-ea65-57ac-0da544444bbe
1987-T.26;af18cc7a-fa8f-11e2-8e56-9f72c6160288;c43208fd-7657-7136-f408-f7098ced49b8
1987-T.27;af18cc7a-fa8f-11e2-8e56-9f72c6160288;8181b249-b51b-c921-afb4-7e1ce11c5193
1987-T.28;af18cc7a-fa8f-11e2-8e56-9f72c6160288;f50e99c8-e346-33a0-6bf9-a9923d832570
1987-T.29;af18cc7a-fa8f-11e2-8e56-9f72c6160288;2933a725-a134-5c7a-bb6e-c46e9ae3b758
1987-T.3;af18cc7a-fa8f-11e2-8e56-9f72c6160288;61af9f9e-229e-78f2-6d15-0a92f01dd3f5
1987-T.30;af18cc7a-fa8f-11e2-8e56-9f72c6160288;89182ba4-0e88-0107-b052-27de3227cb18
1987-T.30A;af18cc7a-fa8f-11e2-8e56-9f72c6160288;efdfbc34-d5e2-a651-d1b8-3e86b1e925d0
1987-T.31;af18cc7a-fa8f-11e2-8e56-9f72c6160288;68835c95-1dda-0e0e-fee6-757c6917d500
1987-T.32;af18cc7a-fa8f-11e2-8e56-9f72c6160288;54acd6cc-ec3e-6d8a-eb7e-1e6fe08b9d0d
1987-T.33;af18cc7a-fa8f-11e2-8e56-9f72c6160288;b24fe4f4-8718-78e9-44e3-0627e2e37bc2
1987-T.34;af18cc7a-fa8f-11e2-8e56-9f72c6160288;49baf7d7-f6e0-c007-9c41-333b6d5c26e5
1987-T.35;af18cc7a-fa8f-11e2-8e56-9f72c6160288;90cfb496-99b8-26b5-7ca4-7a5e01f049e5
1987-T.36;af18cc7a-fa8f-11e2-8e56-9f72c6160288;2891acef-d5e0-0b08-2b3b-424eebd0aabd
1987-T.37;af18cc7a-fa8f-11e2-8e56-9f72c6160288;a00a8d62-3a08-f0ee-cd0b-6e48b66a0346
1987-T.38;af18cc7a-fa8f-11e2-8e56-9f72c6160288;94e9ff60-3154-73f6-3244-ff4c1e55b6c7
1987-T.39;af18cc7a-fa8f-11e2-8e56-9f72c6160288;698bd686-6791-6252-5357-652962939f47
1987-T.4;af18cc7a-fa8f-11e2-8e56-9f72c6160288;50b685af-819b-c331-f7ef-d47d98734fb4
1987-T.40;af18cc7a-fa8f-11e2-8e56-9f72c6160288;ee877a19-922a-5d54-be98-b58e16cffc74
1987-T.40A;af18cc7a-fa8f-11e2-8e56-9f72c6160288;ad45c1ec-e963-15b8-3596-df9266844926
1987-T.41;af18cc7a-fa8f-11e2-8e56-9f72c6160288;6475fbe6-dcde-6fe9-b856-1bea8abba9af
1987-T.42;af18cc7a-fa8f-11e2-8e56-9f72c6160288;1ff10e09-47ac-77cd-23e7-72a24ecf8e01
1987-T.43;af18cc7a-fa8f-11e2-8e56-9f72c6160288;952fe559-f3a2-aed6-6777-6607c75fdf1c
1987-T.44;af18cc7a-fa8f-11e2-8e56-9f72c6160288;aa4a3bdf-07e6-a3f2-2c69-95fe484d02e1
1987-T.45;af18cc7a-fa8f-11e2-8e56-9f72c6160288;fabfeefb-98ba-1ad8-3ce9-7894e8f27334
1987-T.46;af18cc7a-fa8f-11e2-8e56-9f72c6160288;a43d4b9c-acbf-4147-2816-bd9f8d88fb29
1987-T.47;af18cc7a-fa8f-11e2-8e56-9f72c6160288;c91e70f4-b36e-0eee-540c-26bd4c172591
1987-T.48;af18cc7a-fa8f-11e2-8e56-9f72c6160288;a7025475-0465-c0dd-acaa-aa8d0b7db597
1987-T.49;af18cc7a-fa8f-11e2-8e56-9f72c6160288;dc687391-0a5d-44fd-2c55-4455164b195d
1987-T.5;af18cc7a-fa8f-11e2-8e56-9f72c6160288;7ffbf78b-9f15-7d76-16b4-392844251467
1987-T.50;af18cc7a-fa8f-11e2-8e56-9f72c6160288;cf6839bd-0c92-d311-07b8-d69b69c03c10
1987-T.51;af18cc7a-fa8f-11e2-8e56-9f72c6160288;529c89c7-e56f-b221-c371-0868fc8d1fbb
1987-T.52;af18cc7a-fa8f-11e2-8e56-9f72c6160288;81047f3a-0f5a-6ebd-3245-a4bcd7bf9ced
1987-T.53;af18cc7a-fa8f-11e2-8e56-9f72c6160288;ee7e756e-8e15-833b-6c75-6a25a7ec3029
1987-T.54;af18cc7a-fa8f-11e2-8e56-9f72c6160288;bbb1c09f-5587-8ad7-c3f9-df078cd8efb0
1987-T.55;af18cc7a-fa8f-11e2-8e56-9f72c6160288;db7d3138-d0ec-5d1d-126c-90b3f1c7f217
1987-T.56;af18cc7a-fa8f-11e2-8e56-9f72c6160288;ace1f87e-6837-745b-02a6-6bf5a7889307
1987-T.57;af18cc7a-fa8f-11e2-8e56-9f72c6160288;e233e88c-87a1-cbf8-16eb-607cc2f9444b
1987-T.58;af18cc7a-fa8f-11e2-8e56-9f72c6160288;7788a19a-20fa-e64d-5537-eb051e814e78
1987-T.59;af18cc7a-fa8f-11e2-8e56-9f72c6160288;d83ce6ed-ba69-9606-8411-e2a41cd6a325
1987-T.6;af18cc7a-fa8f-11e2-8e56-9f72c6160288;e138af57-ab57-5414-988d-c0136a2097ba
1987-T.7;af18cc7a-fa8f-11e2-8e56-9f72c6160288;629d5aca-e137-353e-d30d-5b97a6c3a8b5
1987-T.8;af18cc7a-fa8f-11e2-8e56-9f72c6160288;44f9b97a-a4ad-6eca-f4f9-d17dfcea462e
1987-T.9;af18cc7a-fa8f-11e2-8e56-9f72c6160288;c8f8a99c-52cc-59b7-7bfe-6e10f649210b
1988-T.1;af18cc7a-fa8f-11e2-8e56-9f72c6160288;4b35a5cb-5188-f2cc-56a0-93c0c8bb37b5
1988-T.10;af18cc7a-fa8f-11e2-8e56-9f72c6160288;3402a12e-010f-952f-6486-385479a0f93a
1988-T.11;af18cc7a-fa8f-11e2-8e56-9f72c6160288;dac466a5-9fc6-0491-babc-ace7f07b373d
1988-T.12;af18cc7a-fa8f-11e2-8e56-9f72c6160288;2818df8c-e298-b143-d4ce-b7d4486d8b8c
1988-T.13;af18cc7a-fa8f-11e2-8e56-9f72c6160288;3ab2463f-e921-6f1f-49ea-5d6288e02398
1988-T.14;af18cc7a-fa8f-11e2-8e56-9f72c6160288;1f833633-8e3e-aa52-c9b4-bd718039bbc7
1988-T.15;af18cc7a-fa8f-11e2-8e56-9f72c6160288;991282ca-eb1b-3227-8bf9-d57e45306cd6
1988-T.16;af18cc7a-fa8f-11e2-8e56-9f72c6160288;0b957edf-9da6-4f7f-4703-73ef0da0322a
1988-T.17;af18cc7a-fa8f-11e2-8e56-9f72c6160288;c66f79dd-4f00-24f0-649e-fb0cd8230e62
1988-T.18;af18cc7a-fa8f-11e2-8e56-9f72c6160288;2f1db3d7-fe82-4a89-7a05-dd6949829ec5
1988-T.19;af18cc7a-fa8f-11e2-8e56-9f72c6160288;e40cea36-892b-d32c-36a6-b7af09469481
1988-T.2;af18cc7a-fa8f-11e2-8e56-9f72c6160288;43a9cdcf-eab9-2a71-38ef-6fa8e16759c9
1988-T.20;af18cc7a-fa8f-11e2-8e56-9f72c6160288;993747df-a487-4efe-f37d-29fb1e29e874
1988-T.21;af18cc7a-fa8f-11e2-8e56-9f72c6160288;cfe2c8cb-6521-74d6-26d9-469baa39b5a5
1988-T.22;af18cc7a-fa8f-11e2-8e56-9f72c6160288;96673641-e4c8-564d-d239-f0c6ca6c515a
1988-T.23;af18cc7a-fa8f-11e2-8e56-9f72c6160288;a37aa198-b251-eb20-f896-55747d183163
1988-T.24;af18cc7a-fa8f-11e2-8e56-9f72c6160288;b0c45da4-4490-63f5-890c-1c516b8e2819
1988-T.25;af18cc7a-fa8f-11e2-8e56-9f72c6160288;3b483e6d-99f7-985c-9b5f-0d9621dbcb46
1988-T.26;af18cc7a-fa8f-11e2-8e56-9f72c6160288;7cbd7b1c-516f-caa2-27c6-f4d3e60d0700
1988-T.27;af18cc7a-fa8f-11e2-8e56-9f72c6160288;7b8e254b-f422-e666-cc2b-a5ca98c8361f
1988-T.28;af18cc7a-fa8f-11e2-8e56-9f72c6160288;fbacc1e9-f95e-01a9-aa87-985e4673899b
1988-T.29;af18cc7a-fa8f-11e2-8e56-9f72c6160288;988ab9ef-ac44-fbad-988e-bcf588f08a25
1988-T.3;af18cc7a-fa8f-11e2-8e56-9f72c6160288;0780405b-3668-681d-2359-b193277be74d
1988-T.30;af18cc7a-fa8f-11e2-8e56-9f72c6160288;12a576af-6dc3-bf7d-4ca1-3b9dd804d8cf
1988-T.31;af18cc7a-fa8f-11e2-8e56-9f72c6160288;0d4cf4f5-1b6e-5c85-4b29-b64abd734e56
1988-T.32;af18cc7a-fa8f-11e2-8e56-9f72c6160288;69c16df9-2802-f436-7304-f7ef234aae7a
1988-T.33;af18cc7a-fa8f-11e2-8e56-9f72c6160288;40779c68-2e1b-027f-8dd7-3b68efad405c
1988-T.34;af18cc7a-fa8f-11e2-8e56-9f72c6160288;0ff1bc80-f1c5-acf0-d630-5e56e6182192
1988-T.35;af18cc7a-fa8f-11e2-8e56-9f72c6160288;8874a1dd-6a21-5d9d-5cd5-04173eab8dbf
1988-T.36;af18cc7a-fa8f-11e2-8e56-9f72c6160288;6109f471-f797-8151-b92a-9cc77f3892dd
1988-T.37;af18cc7a-fa8f-11e2-8e56-9f72c6160288;e26bb45c-b7e7-5981-1a58-b6847dbba918
1988-T.38;af18cc7a-fa8f-11e2-8e56-9f72c6160288;5c48bf79-69cc-50a6-86c1-17be7ae8c0b2
1988-T.39;af18cc7a-fa8f-11e2-8e56-9f72c6160288;ebd759a3-ac71-9b75-57b6-363cdc29e6d8
1988-T.4;af18cc7a-fa8f-11e2-8e56-9f72c6160288;2df12283-bd40-3ac1-66ce-2c9837a0e54e
1988-T.40;af18cc7a-fa8f-11e2-8e56-9f72c6160288;c952804e-e2c0-9df6-0c1d-641a637ad5c3
1988-T.5;af18cc7a-fa8f-11e2-8e56-9f72c6160288;ccdd5327-e2af-eda9-9f96-b1693272de2f
1988-T.6;af18cc7a-fa8f-11e2-8e56-9f72c6160288;5e2aa51a-1f62-2e35-2363-452657bae1bd
1988-T.7;af18cc7a-fa8f-11e2-8e56-9f72c6160288;5338ff65-7bf6-f65f-49f1-d732e2c33880
1988-T.8;af18cc7a-fa8f-11e2-8e56-9f72c6160288;f74b7b6a-4591-0d94-7e2e-eb729683deea
1988-T.9;af18cc7a-fa8f-11e2-8e56-9f72c6160288;6424ca2e-af5b-458c-b69a-f278ece9cb60
1989-T.1;af18cc7a-fa8f-11e2-8e56-9f72c6160288;34afe3ad-ba2f-5f89-3ba7-4a97504bf471
1989-T.10;af18cc7a-fa8f-11e2-8e56-9f72c6160288;56096a40-dc6e-bc18-7b5f-3490de38eb52
1989-T.11;af18cc7a-fa8f-11e2-8e56-9f72c6160288;ca810e8e-a943-314a-9c48-599cd43ada82
1989-T.12;af18cc7a-fa8f-11e2-8e56-9f72c6160288;5c32458c-3c4d-5796-5755-cfb84af39526
1989-T.13;af18cc7a-fa8f-11e2-8e56-9f72c6160288;be8754b7-0a8f-bdda-cb64-04261268f7e5
1989-T.14;af18cc7a-fa8f-11e2-8e56-9f72c6160288;81707abe-8ae2-6717-2621-c5bf4dd83349
1989-T.15;af18cc7a-fa8f-11e2-8e56-9f72c6160288;fe9207ee-69f9-ae48-2a39-f739bc84ab45
1989-T.16;af18cc7a-fa8f-11e2-8e56-9f72c6160288;b50a299b-a2ee-d26f-6f0b-295bdbc71831
1989-T.17;af18cc7a-fa8f-11e2-8e56-9f72c6160288;ad959b0a-02e1-3cf1-aa20-1eb8f1911c0b
1989-T.18;af18cc7a-fa8f-11e2-8e56-9f72c6160288;a97b3e0d-490c-3284-cb5d-2a9084ed1838
1989-T.19;af18cc7a-fa8f-11e2-8e56-9f72c6160288;2e444b2b-edd6-c387-22bb-da2ec23056e6
1989-T.2;af18cc7a-fa8f-11e2-8e56-9f72c6160288;561c5731-d45a-43a1-8f19-8917b496eaad
1989-T.20;af18cc7a-fa8f-11e2-8e56-9f72c6160288;07858fa0-5ac1-3801-e792-9802ad612fee
1989-T.21;af18cc7a-fa8f-11e2-8e56-9f72c6160288;0ec0a423-542b-9773-1ab8-ef6f638fe821
1989-T.22;af18cc7a-fa8f-11e2-8e56-9f72c6160288;5f12f2ca-661d-1ae8-65ba-c28b385d57d9
1989-T.23;af18cc7a-fa8f-11e2-8e56-9f72c6160288;b0ef8c7e-0803-f7d4-5da4-dc8fa669bb2b
1989-T.24;af18cc7a-fa8f-11e2-8e56-9f72c6160288;612b862d-91df-0b45-5b2b-ea51f07a89af
1989-T.25;af18cc7a-fa8f-11e2-8e56-9f72c6160288;4f4a0211-6473-4aae-76c6-9ff2b5c1673e
1989-T.26;af18cc7a-fa8f-11e2-8e56-9f72c6160288;b4454a78-0282-baba-a521-ba262844c9c6
1989-T.27;af18cc7a-fa8f-11e2-8e56-9f72c6160288;7be834bf-376a-cf01-4151-d9b0fdfb6109
1989-T.28;af18cc7a-fa8f-11e2-8e56-9f72c6160288;95a35ead-6768-fe14-d5d0-5fe4c5c64b17
1989-T.29;af18cc7a-fa8f-11e2-8e56-9f72c6160288;53c5448b-cc07-3338-027a-7052d8066ea5
1989-T.3;af18cc7a-fa8f-11e2-8e56-9f72c6160288;41bc665f-8dc6-4a66-780d-5ecf7a2e5526
1989-T.30;af18cc7a-fa8f-11e2-8e56-9f72c6160288;29b25745-1ae6-915d-ccb3-2682d9188b07
1989-T.31;af18cc7a-fa8f-11e2-8e56-9f72c6160288;5c26f8f0-f0a0-0001-4a01-eaf5b1a16c1c
1989-T.32;af18cc7a-fa8f-11e2-8e56-9f72c6160288;35a27b52-7201-1c4c-4477-3505a1a4c9ca
1989-T.33;af18cc7a-fa8f-11e2-8e56-9f72c6160288;f70c3db5-f327-702b-0fbd-4116b428e655
1989-T.34;af18cc7a-fa8f-11e2-8e56-9f72c6160288;4033dd7b-e850-2244-e41b-31c8e7b727ac
1989-T.35;af18cc7a-fa8f-11e2-8e56-9f72c6160288;f8a06822-ef20-f5a8-ff9e-c94651b81bb8
1989-T.36;af18cc7a-fa8f-11e2-8e56-9f72c6160288;68d46891-0347-b863-23ed-5bb878f7c98d
1989-T.37;af18cc7a-fa8f-11e2-8e56-9f72c6160288;4c252f87-e0a8-92b9-54ed-6e44d7ce75b7
1989-T.38;af18cc7a-fa8f-11e2-8e56-9f72c6160288;560a6a59-b626-8c41-98a6-6fb2b8c28ea0
1989-T.39;af18cc7a-fa8f-11e2-8e56-9f72c6160288;18e3dcb4-29d7-1ab8-5ac8-d0d6f594d48b
1989-T.4;af18cc7a-fa8f-11e2-8e56-9f72c6160288;09e9a7bc-33c2-d718-d49d-3f86d8442364
1989-T.40;af18cc7a-fa8f-11e2-8e56-9f72c6160288;a729ffb0-2f44-0952-07f4-e462a96f18a6
1989-T.41;af18cc7a-fa8f-11e2-8e56-9f72c6160288;9b22ada1-959a-6866-8836-3dccf584e59c
1989-T.42;af18cc7a-fa8f-11e2-8e56-9f72c6160288;2a7786d6-3014-967d-7eda-30d33ac5ff25
1989-T.43;af18cc7a-fa8f-11e2-8e56-9f72c6160288;b6d51b12-73d3-9790-cbe6-c905e6a961a7
1989-T.44;af18cc7a-fa8f-11e2-8e56-9f72c6160288;d01bff5c-ee6d-fbad-e249-45b1fb815d31
1989-T.45;af18cc7a-fa8f-11e2-8e56-9f72c6160288;be605c9f-4d2a-e89e-db46-b0b0f080fd7a
1989-T.46;af18cc7a-fa8f-11e2-8e56-9f72c6160288;0fc1ba7d-4fa0-4650-1e5a-9ec8c3149339
1989-T.47;af18cc7a-fa8f-11e2-8e56-9f72c6160288;2d422d06-6875-8a98-d17a-87cd233b9c71
1989-T.48;af18cc7a-fa8f-11e2-8e56-9f72c6160288;cba7303b-24f9-9a8b-0652-5943316729b2
1989-T.49;af18cc7a-fa8f-11e2-8e56-9f72c6160288;76259a25-26f1-1ca0-2373-6a5703107592
1989-T.5;af18cc7a-fa8f-11e2-8e56-9f72c6160288;b845622b-be3a-c382-ff60-e1c95dbb3436
1989-T.50;af18cc7a-fa8f-11e2-8e56-9f72c6160288;2882dd64-6ae4-097c-f53a-bb9f1abb83f5
1989-T.51;af18cc7a-fa8f-11e2-8e56-9f72c6160288;92fc537a-b04c-d75f-67f5-df9b9abff695
1989-T.52;af18cc7a-fa8f-11e2-8e56-9f72c6160288;6ffd3da7-40a8-89a8-9a2e-b0d876743bee
1989-T.53;af18cc7a-fa8f-11e2-8e56-9f72c6160288;28b40a94-dac8-4eea-58be-8f36e213d672
1989-T.54;af18cc7a-fa8f-11e2-8e56-9f72c6160288;c1ce2a8b-7254-e846-85b9-579a02e994ab
1989-T.55;af18cc7a-fa8f-11e2-8e56-9f72c6160288;28f87510-9c96-b469-c691-325b5dc8f0d7
1989-T.56;af18cc7a-fa8f-11e2-8e56-9f72c6160288;848affcb-6735-0f76-3a08-e289c3dc0418
1989-T.57;af18cc7a-fa8f-11e2-8e56-9f72c6160288;7b97dd5a-cc1d-0544-1d92-2356bf130a40
1989-T.58;af18cc7a-fa8f-11e2-8e56-9f72c6160288;b3d19641-fbca-6e5c-823a-e22517bcb9da
1989-T.59;af18cc7a-fa8f-11e2-8e56-9f72c6160288;d8b25112-6c70-cb4c-671e-239bf5cb453f
1989-T.6;af18cc7a-fa8f-11e2-8e56-9f72c6160288;11fb3bb8-8d5d-9bde-772b-e75744bda2ba
1989-T.60;af18cc7a-fa8f-11e2-8e56-9f72c6160288;577f4c53-1dc0-7ba5-3bf9-63a3826d2366
1989-T.61;af18cc7a-fa8f-11e2-8e56-9f72c6160288;0681f1fa-2ed3-2380-fb9b-f28fc0b2bc59
1989-T.62;af18cc7a-fa8f-11e2-8e56-9f72c6160288;b1611341-f865-5768-9e06-4a5daa845b16
1989-T.63;af18cc7a-fa8f-11e2-8e56-9f72c6160288;a4e637a6-882c-db38-2b6f-281ee34c51e9
1989-T.64;af18cc7a-fa8f-11e2-8e56-9f72c6160288;efcc645b-ac64-4e7f-a33f-4b33281b8b60
1989-T.65;af18cc7a-fa8f-11e2-8e56-9f72c6160288;0686d080-3a28-a762-fbef-8d297da9d362
1989-T.66;af18cc7a-fa8f-11e2-8e56-9f72c6160288;2bedbe34-951c-fded-7353-48d1bb6ed0bc
1989-T.7;af18cc7a-fa8f-11e2-8e56-9f72c6160288;d60c2c25-34aa-d340-72dc-3e611c57a5f3
1989-T.8;af18cc7a-fa8f-11e2-8e56-9f72c6160288;e23a6742-3f8f-8e40-a426-25c9fc349cc2
1989-T.9;af18cc7a-fa8f-11e2-8e56-9f72c6160288;f3edca47-f641-dcae-3a4a-8a3141fdf17d
1990;af18cc7a-fa8f-11e2-8e56-9f72c6160288;3dc56073-8437-e7d5-8df8-5bd8b38e29ec
1990-T.1;af18cc7a-fa8f-11e2-8e56-9f72c6160288;b1f23ce7-1ab4-1215-49b1-a3ee0779d184
1990-T.10;af18cc7a-fa8f-11e2-8e56-9f72c6160288;05f4ea01-b2ed-a337-183a-eee58187d524
1990-T.11;af18cc7a-fa8f-11e2-8e56-9f72c6160288;a17d495c-533e-6a2e-5d52-868ff675cfc8
1990-T.12;af18cc7a-fa8f-11e2-8e56-9f72c6160288;5a79f3ad-86fa-585d-3da4-e9b5b1186760
1990-T.13;af18cc7a-fa8f-11e2-8e56-9f72c6160288;d6711276-483f-bbe0-0967-b8e33af9847e
1990-T.14;af18cc7a-fa8f-11e2-8e56-9f72c6160288;15e8f6ae-82df-d923-df59-7f5e51a2b8d1
1990-T.15;af18cc7a-fa8f-11e2-8e56-9f72c6160288;687aafa0-a080-6ce7-560e-75541f766ae5
1990-T.16;af18cc7a-fa8f-11e2-8e56-9f72c6160288;31ec31f8-d040-3b88-640b-430b9227dbbf
1990-T.17;af18cc7a-fa8f-11e2-8e56-9f72c6160288;82365371-d299-7b74-e601-bd6a7ccccfbe
1990-T.18;af18cc7a-fa8f-11e2-8e56-9f72c6160288;861bd20c-a30e-b203-2601-f711e4e1b4bf
1990-T.19;af18cc7a-fa8f-11e2-8e56-9f72c6160288;c9f91c21-3a9f-97f7-9601-3211c9cb5383
1990-T.2;af18cc7a-fa8f-11e2-8e56-9f72c6160288;08629b9d-ad97-1128-d663-5939c0138b30
1990-T.20;af18cc7a-fa8f-11e2-8e56-9f72c6160288;ea66d38b-5d08-4d7f-1b5d-c3a0cfc19656
1990-T.21;af18cc7a-fa8f-11e2-8e56-9f72c6160288;38a0f7e2-5932-7fe7-d289-19548fe058ea
1990-T.22;af18cc7a-fa8f-11e2-8e56-9f72c6160288;8ba1a099-7817-c3f8-5a10-e9de583a361d
1990-T.23;af18cc7a-fa8f-11e2-8e56-9f72c6160288;10bd7327-e405-279b-0d45-c5036e26b896
1990-T.24;af18cc7a-fa8f-11e2-8e56-9f72c6160288;6bba2471-1def-473c-2ac9-39fd2bf8e373
1990-T.25;af18cc7a-fa8f-11e2-8e56-9f72c6160288;552c6ceb-38dd-e6a0-8227-9264bdf9c6fe
1990-T.26;af18cc7a-fa8f-11e2-8e56-9f72c6160288;0c098c53-8416-c175-a93d-68863d4b2de4
1990-T.27;af18cc7a-fa8f-11e2-8e56-9f72c6160288;ceb583e0-a894-4eae-443f-e32f697036d4
1990-T.28;af18cc7a-fa8f-11e2-8e56-9f72c6160288;82b1ed12-a67f-c154-dda0-06e773870ab9
1990-T.29;af18cc7a-fa8f-11e2-8e56-9f72c6160288;4b34a0f4-ff87-8a72-2dae-b536b28d9045
1990-T.3;af18cc7a-fa8f-11e2-8e56-9f72c6160288;5120ac4a-a9b8-02ee-d482-8677bee255bc
1990-T.30;af18cc7a-fa8f-11e2-8e56-9f72c6160288;aa3dfde5-12ec-1912-2641-099044d5cb1b
1990-T.31;af18cc7a-fa8f-11e2-8e56-9f72c6160288;6968598b-8087-7493-a593-d33369130a55
1990-T.32;af18cc7a-fa8f-11e2-8e56-9f72c6160288;f1fe0efc-b544-1107-3416-7fce9486d10f
1990-T.33;af18cc7a-fa8f-11e2-8e56-9f72c6160288;d4dc8665-0e6f-55f1-815c-bbfcce44d3f4
1990-T.33(1);af18cc7a-fa8f-11e2-8e56-9f72c6160288;d4dc8665-0e6f-55f1-815c-bbfcce44d3f4
1990-T.33(10);af18cc7a-fa8f-11e2-8e56-9f72c6160288;b09afacd-8b0f-78df-8dd3-56e84fdc9713
1990-T.33(11);af18cc7a-fa8f-11e2-8e56-9f72c6160288;7b38803e-5092-f5eb-312e-93b63c740809
1990-T.33(12);af18cc7a-fa8f-11e2-8e56-9f72c6160288;7d66c24c-a275-8ab6-7f7b-d1e6b34963f4
1990-T.33(13);af18cc7a-fa8f-11e2-8e56-9f72c6160288;9e20fd3c-a948-e15d-20df-9b60be66ad52
1990-T.33(14);af18cc7a-fa8f-11e2-8e56-9f72c6160288;ef287580-7425-117e-d454-1d20a3c47098
1990-T.33(15);af18cc7a-fa8f-11e2-8e56-9f72c6160288;7d1e4001-4a57-5475-6549-763441c15217
1990-T.33(16);af18cc7a-fa8f-11e2-8e56-9f72c6160288;4227d936-a503-9d92-ad9d-c547ab5e80e1
1990-T.33(17);af18cc7a-fa8f-11e2-8e56-9f72c6160288;cee7584f-5fdc-81d8-0c11-e24da5e550b3
1990-T.33(18);af18cc7a-fa8f-11e2-8e56-9f72c6160288;2416281d-c5c4-f244-63d2-ea5cb94b6d94
1990-T.33(19);af18cc7a-fa8f-11e2-8e56-9f72c6160288;a3bcc8bf-6ea7-366c-1772-9988a5c395d0
1990-T.33(2);af18cc7a-fa8f-11e2-8e56-9f72c6160288;4086be18-0781-3413-c4d7-7d006f8f263c
1990-T.33(20);af18cc7a-fa8f-11e2-8e56-9f72c6160288;791021f3-d140-2f9b-e3f5-65cea4986f4b
1990-T.33(21);af18cc7a-fa8f-11e2-8e56-9f72c6160288;40637c50-4cd6-1bcc-1319-ed22c1f47650
1990-T.33(22);af18cc7a-fa8f-11e2-8e56-9f72c6160288;079ea86e-1e01-fbc7-0195-48db8426fe42
1990-T.33(23);af18cc7a-fa8f-11e2-8e56-9f72c6160288;b8254f84-2356-0d9f-49b7-908430c02219
1990-T.33(24);af18cc7a-fa8f-11e2-8e56-9f72c6160288;7c264ef8-5406-061c-c275-eb9f79911345
1990-T.33(25);af18cc7a-fa8f-11e2-8e56-9f72c6160288;056c4729-8c4a-ff65-7995-e8ad759d1cb5
1990-T.33(26);af18cc7a-fa8f-11e2-8e56-9f72c6160288;c01b21a9-8499-f423-fb6b-57869736e9f3
1990-T.33(27);af18cc7a-fa8f-11e2-8e56-9f72c6160288;153e2808-6bcc-303f-0703-dcecbac93670
1990-T.33(28);af18cc7a-fa8f-11e2-8e56-9f72c6160288;9700cc4e-7017-1c40-08ca-cf4fd77baf39
1990-T.33(29);af18cc7a-fa8f-11e2-8e56-9f72c6160288;c2ee2d4b-47d8-333b-3087-774c0c7d0044
1990-T.33(3);af18cc7a-fa8f-11e2-8e56-9f72c6160288;e7675c5e-d5ea-e555-e105-d6df3679e860
1990-T.33(30);af18cc7a-fa8f-11e2-8e56-9f72c6160288;d9f51085-5525-cb46-df64-030a070fb0f3
1990-T.33(31);af18cc7a-fa8f-11e2-8e56-9f72c6160288;516a1a3e-37f2-1a8c-1674-2b4cb17ed5ce
1990-T.33(32);af18cc7a-fa8f-11e2-8e56-9f72c6160288;2f51d1aa-2d53-4926-9e62-47d525a0410e
1990-T.33(33);af18cc7a-fa8f-11e2-8e56-9f72c6160288;cef0c329-0e42-86b6-1636-fbaf33bf4a92
1990-T.33(34);af18cc7a-fa8f-11e2-8e56-9f72c6160288;8c2c93ef-c38e-7719-d2d1-13a292499456
1990-T.33(35);af18cc7a-fa8f-11e2-8e56-9f72c6160288;6e4f3519-ab7e-d263-aba6-0f844b3e8c71
1990-T.33(36);af18cc7a-fa8f-11e2-8e56-9f72c6160288;60f61036-1386-94e5-b42e-1b780061515c
1990-T.33(37);af18cc7a-fa8f-11e2-8e56-9f72c6160288;1a0c0b16-4469-83c9-5f3c-91111f1b0f6d
1990-T.33(38);af18cc7a-fa8f-11e2-8e56-9f72c6160288;e6409993-cdb9-844b-70c1-b47e3afca39d
1990-T.33(39);af18cc7a-fa8f-11e2-8e56-9f72c6160288;5e68d611-f134-b7e0-7a64-946873aae07a
1990-T.33(4);af18cc7a-fa8f-11e2-8e56-9f72c6160288;04e983b2-6083-5b55-4fb6-fec41ef85788
1990-T.33(40);af18cc7a-fa8f-11e2-8e56-9f72c6160288;1a774673-ebd9-a893-4067-573efd9f31af
1990-T.33(41);af18cc7a-fa8f-11e2-8e56-9f72c6160288;b9b68f55-cb6a-e064-a993-60a6dac5aad2
1990-T.33(42);af18cc7a-fa8f-11e2-8e56-9f72c6160288;5da46719-80cd-32d0-a1e0-edf10792efd2
1990-T.33(43);af18cc7a-fa8f-11e2-8e56-9f72c6160288;d8b032d1-f316-a374-3c78-3b1729e1f826
1990-T.33(44);af18cc7a-fa8f-11e2-8e56-9f72c6160288;2d9a6a6d-8664-a3df-0056-c1d00b55e35a
1990-T.33(45);af18cc7a-fa8f-11e2-8e56-9f72c6160288;3fb217cf-a6cd-5f2f-6088-0818176a10ce
1990-T.33(46);af18cc7a-fa8f-11e2-8e56-9f72c6160288;6ec17ab1-d5a8-bc45-a6c2-b7984af7f44b
1990-T.33(47);af18cc7a-fa8f-11e2-8e56-9f72c6160288;8f0e5680-7d77-73b2-c803-8446ca85bd67
1990-T.33(48);af18cc7a-fa8f-11e2-8e56-9f72c6160288;c446d07d-4cc9-49f1-4c9b-69f90a31d9cd
1990-T.33(49);af18cc7a-fa8f-11e2-8e56-9f72c6160288;88768e0d-ac5c-c21c-3e52-617bfe558cb2
1990-T.33(5);af18cc7a-fa8f-11e2-8e56-9f72c6160288;d9062daa-0f91-5805-cb16-2a89d5cf45bc
1990-T.33(50);af18cc7a-fa8f-11e2-8e56-9f72c6160288;da616223-53c6-0ccb-48c1-edec8942cbeb
1990-T.33(51);af18cc7a-fa8f-11e2-8e56-9f72c6160288;434f0c9c-5717-89bc-29a1-afcd5d0f9df2
1990-T.33(52);af18cc7a-fa8f-11e2-8e56-9f72c6160288;2a6b3819-ea24-ff2a-3dce-2b315d7a4277
1990-T.33(53);af18cc7a-fa8f-11e2-8e56-9f72c6160288;15c101c5-7e40-fee1-2c6a-c7fa6f26e0c4
1990-T.33(54);af18cc7a-fa8f-11e2-8e56-9f72c6160288;349c490f-7db4-2a57-f458-b45888e7667f
1990-T.33(55);af18cc7a-fa8f-11e2-8e56-9f72c6160288;77ccf6c4-b98f-8185-b7e6-f56dd2904967
1990-T.33(6);af18cc7a-fa8f-11e2-8e56-9f72c6160288;215603dc-5493-f2e9-3b88-974c70a41bdc
1990-T.33(7);af18cc7a-fa8f-11e2-8e56-9f72c6160288;a9dfcc03-eccb-3830-bfbd-9ce7de0fb23d
1990-T.33(7a);af18cc7a-fa8f-11e2-8e56-9f72c6160288;522afbe7-ce93-3ad1-a8d8-3a3e10ad18c8
1990-T.33(7b);af18cc7a-fa8f-11e2-8e56-9f72c6160288;1b4df588-d4d4-5cbb-4f18-c800e88eeaf9
1990-T.33(8);af18cc7a-fa8f-11e2-8e56-9f72c6160288;06f42c76-f6d8-a55a-84e1-2e59dd96c5a2
1990-T.33(9);af18cc7a-fa8f-11e2-8e56-9f72c6160288;e1bddc13-6635-8ff1-7412-960ab3260ea9
1990-T.4;af18cc7a-fa8f-11e2-8e56-9f72c6160288;12beca4b-61d7-8120-0664-6ddd2968bb3d
1990-T.5;af18cc7a-fa8f-11e2-8e56-9f72c6160288;976e29b0-16ca-33c4-1354-c2f880279ae2
1990-T.6;af18cc7a-fa8f-11e2-8e56-9f72c6160288;031c0180-e43a-e4db-1bec-037b8fad5f4c
1990-T.7;af18cc7a-fa8f-11e2-8e56-9f72c6160288;a46689de-cefa-9c99-2549-0982ebb0b004
1990-T.8;af18cc7a-fa8f-11e2-8e56-9f72c6160288;3a64e493-a417-08de-5610-5945b06d9c0d
1990-T.9;af18cc7a-fa8f-11e2-8e56-9f72c6160288;b6269f9a-f38b-3091-c27f-f229c4d2003a
1991;af18cc7a-fa8f-11e2-8e56-9f72c6160288;4262468b-be38-a600-18ab-71d0819d6e5b
1991-T.1;af18cc7a-fa8f-11e2-8e56-9f72c6160288;997621f6-a363-19bd-5ade-7d1408d907ca
1991-T.10;af18cc7a-fa8f-11e2-8e56-9f72c6160288;6842f1c4-7210-dd81-557d-232d7ed58d17
1991-T.11;af18cc7a-fa8f-11e2-8e56-9f72c6160288;c81a2961-5f9a-fec1-ff70-8d61fdb819b6
1991-T.12;af18cc7a-fa8f-11e2-8e56-9f72c6160288;4566f58d-5f95-1ce9-fd29-becaa1e6c5a6
1991-T.13;af18cc7a-fa8f-11e2-8e56-9f72c6160288;d90bc48e-8d68-3849-cb23-e9aeeaf9b228
1991-T.14;af18cc7a-fa8f-11e2-8e56-9f72c6160288;77ba92a5-f67f-f007-e364-d3f125f4c919
1991-T.15;af18cc7a-fa8f-11e2-8e56-9f72c6160288;e888bafe-20d3-a209-fb83-8626ee0e40d8
1991-T.16;af18cc7a-fa8f-11e2-8e56-9f72c6160288;75aef918-d354-9061-45b0-edff1c037ed6
1991-T.17;af18cc7a-fa8f-11e2-8e56-9f72c6160288;5bb4b04d-dbec-24eb-da49-c4f2bef786b3
1991-T.18;af18cc7a-fa8f-11e2-8e56-9f72c6160288;9c2110db-f883-7bbe-8d74-c866fb141299
1991-T.19;af18cc7a-fa8f-11e2-8e56-9f72c6160288;fd30c224-9a53-088c-3acc-6b25da0297c8
1991-T.2;af18cc7a-fa8f-11e2-8e56-9f72c6160288;03825fda-629a-82a0-b74a-3a1146729ac8
1991-T.20;af18cc7a-fa8f-11e2-8e56-9f72c6160288;6f2b3f41-73f3-64f9-bbaf-8a327126aa37
1991-T.21;af18cc7a-fa8f-11e2-8e56-9f72c6160288;8a6ca9e9-e6fb-86c3-3adc-e2f11597d51d
1991-T.22;af18cc7a-fa8f-11e2-8e56-9f72c6160288;8bb826bd-66ab-6844-9b0b-c7df72f852af
1991-T.23;af18cc7a-fa8f-11e2-8e56-9f72c6160288;c15d8f55-792f-49db-4e80-7f2f90024697
1991-T.24;af18cc7a-fa8f-11e2-8e56-9f72c6160288;a63b4c0a-6474-a4ad-07fc-824537f4f350
1991-T.25;af18cc7a-fa8f-11e2-8e56-9f72c6160288;4b89a70b-7a3e-5a74-c042-a47a0ae1d98b
1991-T.26;af18cc7a-fa8f-11e2-8e56-9f72c6160288;891a0ebd-c1d5-4742-f12f-29fcd4912640
1991-T.3;af18cc7a-fa8f-11e2-8e56-9f72c6160288;436febe6-b89f-85e1-e01e-707d381da3f0
1991-T.4;af18cc7a-fa8f-11e2-8e56-9f72c6160288;e2256edb-012c-cc6c-ca11-9d527ea25a44
1991-T.5;af18cc7a-fa8f-11e2-8e56-9f72c6160288;0a82647a-deef-f151-350c-e8120ea972af
1991-T.6;af18cc7a-fa8f-11e2-8e56-9f72c6160288;57c17d9b-17d7-3d26-bf48-0929e9007e49
1991-T.7;af18cc7a-fa8f-11e2-8e56-9f72c6160288;3617d645-050b-d111-95b7-36f68d554d52
1991-T.8;af18cc7a-fa8f-11e2-8e56-9f72c6160288;354daf22-e080-525a-4c14-4ed0fe78d81d
1991-T.9;af18cc7a-fa8f-11e2-8e56-9f72c6160288;56713f88-3e93-1010-2bc9-3ee06ad709ef
1992;af18cc7a-fa8f-11e2-8e56-9f72c6160288;f013121f-630e-55bb-b830-d2c5ae1b03ff
1992-T.1;af18cc7a-fa8f-11e2-8e56-9f72c6160288;08490935-2be4-4c92-ec32-2588dc1d7a9a
1992-T.10;af18cc7a-fa8f-11e2-8e56-9f72c6160288;fa97844d-789e-dc14-f139-cb6c373787dc
1992-T.11;af18cc7a-fa8f-11e2-8e56-9f72c6160288;14f69766-02cd-16e0-27bf-ffd8991970d8
1992-T.12;af18cc7a-fa8f-11e2-8e56-9f72c6160288;abd38ef5-f7ec-2993-ff68-ba6b871ce523
1992-T.13;af18cc7a-fa8f-11e2-8e56-9f72c6160288;bcfb7ed6-9ae3-5b62-fd4e-5a7f6d4a6b8c
1992-T.14;af18cc7a-fa8f-11e2-8e56-9f72c6160288;a57e2ca4-5695-54d3-7371-d12159da28dd
1992-T.15;af18cc7a-fa8f-11e2-8e56-9f72c6160288;1d80de27-ee21-893a-f769-691b60080ca3
1992-T.16;af18cc7a-fa8f-11e2-8e56-9f72c6160288;8a6b2ed4-af52-9a6d-aec4-585e8d786fbc
1992-T.17;af18cc7a-fa8f-11e2-8e56-9f72c6160288;ce8cfc91-38f4-bf94-c2d0-2289cb1fe768
1992-T.18;af18cc7a-fa8f-11e2-8e56-9f72c6160288;fb9da526-2b50-9781-e10e-2f58a485265b
1992-T.19;af18cc7a-fa8f-11e2-8e56-9f72c6160288;0f521d96-f758-be77-89bf-5fe34075158f
1992-T.2;af18cc7a-fa8f-11e2-8e56-9f72c6160288;d34a43f9-f18f-d44c-a288-c306301c86fd
1992-T.20;af18cc7a-fa8f-11e2-8e56-9f72c6160288;c5397c56-9b34-4d41-21f1-ffedcf2ec2af
1992-T.21;af18cc7a-fa8f-11e2-8e56-9f72c6160288;e396df3e-1818-f48a-fe3a-3844f9a0488b
1992-T.22;af18cc7a-fa8f-11e2-8e56-9f72c6160288;22536049-6aee-3891-39d9-d121f56d52d0
1992-T.23;af18cc7a-fa8f-11e2-8e56-9f72c6160288;ec65ad88-c926-eb0e-6e17-ed5a3767a7ae
1992-T.24;af18cc7a-fa8f-11e2-8e56-9f72c6160288;05752485-729d-9c0a-e681-66b16f445085
1992-T.25;af18cc7a-fa8f-11e2-8e56-9f72c6160288;a0746cce-4d5e-ac9b-e24f-90227e3b3fdb
1992-T.26;af18cc7a-fa8f-11e2-8e56-9f72c6160288;1eeb1ef6-ca9c-619d-7ced-57505619f580
1992-T.27;af18cc7a-fa8f-11e2-8e56-9f72c6160288;7d161842-08b1-9e1e-81b1-091428086211
1992-T.28;af18cc7a-fa8f-11e2-8e56-9f72c6160288;f4169388-3ce4-35a4-ef53-945e0adc432e
1992-T.29;af18cc7a-fa8f-11e2-8e56-9f72c6160288;b5923856-978c-12f2-2d86-64fb01ed9b65
1992-T.3;af18cc7a-fa8f-11e2-8e56-9f72c6160288;f7a9981c-e6cb-9b7e-af75-fb51bfb752ab
1992-T.30;af18cc7a-fa8f-11e2-8e56-9f72c6160288;c38e08ca-603c-ce11-5968-2e03242547af
1992-T.31;af18cc7a-fa8f-11e2-8e56-9f72c6160288;2ff01655-6f3c-b7a4-bd03-c49325e9f290
1992-T.32;af18cc7a-fa8f-11e2-8e56-9f72c6160288;c5aa5b65-fe00-eb08-d0c9-f30adc672c27
1992-T.33;af18cc7a-fa8f-11e2-8e56-9f72c6160288;4ad74c13-9426-1942-5260-f307f0f6b6af
1992-T.34;af18cc7a-fa8f-11e2-8e56-9f72c6160288;2572eb83-2242-6752-baf0-a554113c3d0d
1992-T.35;af18cc7a-fa8f-11e2-8e56-9f72c6160288;9f8f7b0a-f91e-d78e-4bed-1099278b30f7
1992-T.36;af18cc7a-fa8f-11e2-8e56-9f72c6160288;4ac9b61d-3cce-f923-cd7b-524af08882ec
1992-T.37;af18cc7a-fa8f-11e2-8e56-9f72c6160288;e374d9c6-1fc5-e0b2-cb75-26fdc0e0315f
1992-T.38;af18cc7a-fa8f-11e2-8e56-9f72c6160288;a568f01a-5355-ab66-b22b-945abc715614
1992-T.39;af18cc7a-fa8f-11e2-8e56-9f72c6160288;2e89680e-ffd5-fbcb-17a9-3bb48b47de19
1992-T.4;af18cc7a-fa8f-11e2-8e56-9f72c6160288;2993a066-2d0c-0397-8259-73e0a67bd3e4
1992-T.40;af18cc7a-fa8f-11e2-8e56-9f72c6160288;70ae4181-5e2a-6397-00dd-592076379d53
1992-T.41;af18cc7a-fa8f-11e2-8e56-9f72c6160288;dd7cd816-8812-d58f-77ba-f5e8e405f15c
1992-T.42;af18cc7a-fa8f-11e2-8e56-9f72c6160288;c61b06b9-7648-54a0-e0a5-507ffccd9729
1992-T.43;af18cc7a-fa8f-11e2-8e56-9f72c6160288;255ae6cc-6486-a035-f407-e4bda8886d9a
1992-T.44;af18cc7a-fa8f-11e2-8e56-9f72c6160288;0f18e2e0-73b5-ac01-e192-5a4086f5db17
1992-T.45;af18cc7a-fa8f-11e2-8e56-9f72c6160288;8ac9bfb8-02f8-4853-b0a3-552a34a1b781
1992-T.46;af18cc7a-fa8f-11e2-8e56-9f72c6160288;96119930-c0c1-fe04-4b37-2586e0185479
1992-T.47;af18cc7a-fa8f-11e2-8e56-9f72c6160288;dd32f9d2-5df9-0970-eafd-c43f60d63c1b
1992-T.48;af18cc7a-fa8f-11e2-8e56-9f72c6160288;b3db3a22-3ec9-e58f-0feb-5c28cf0636b9
1992-T.49;af18cc7a-fa8f-11e2-8e56-9f72c6160288;1bdc6a94-2c59-4e1e-f813-3e3fdaf9b2d3
1992-T.5;af18cc7a-fa8f-11e2-8e56-9f72c6160288;d8658182-9c44-4579-421c-2e0f7c6dc5e1
1992-T.50;af18cc7a-fa8f-11e2-8e56-9f72c6160288;80d58ff7-8cfb-7a98-accb-ab07d6283b29
1992-T.51;af18cc7a-fa8f-11e2-8e56-9f72c6160288;d416222a-cf0f-8852-98ff-0e99dcba0ef5
1992-T.52;af18cc7a-fa8f-11e2-8e56-9f72c6160288;249be9fe-f59f-e1b1-b8b8-b6d992f2ac6b
1992-T.53;af18cc7a-fa8f-11e2-8e56-9f72c6160288;071a3765-a0b1-8d9e-1f70-ddca1362c899
1992-T.54;af18cc7a-fa8f-11e2-8e56-9f72c6160288;619d1122-df22-d15a-f7d5-8beb90f769f8
1992-T.55;af18cc7a-fa8f-11e2-8e56-9f72c6160288;da68dbe1-1381-121f-852c-d4d88b5bd215
1992-T.56;af18cc7a-fa8f-11e2-8e56-9f72c6160288;c9616e93-38cf-a5cd-3599-ab9cc51a7d54
1992-T.57;af18cc7a-fa8f-11e2-8e56-9f72c6160288;be4bac12-c353-7963-15bf-cd57881f78e8
1992-T.6;af18cc7a-fa8f-11e2-8e56-9f72c6160288;82b9334a-15b4-a28c-35a5-203ded62e636
1992-T.7;af18cc7a-fa8f-11e2-8e56-9f72c6160288;c13fc25c-fc6f-a930-c590-d4ebac889de4
1992-T.8;af18cc7a-fa8f-11e2-8e56-9f72c6160288;20d8187b-43ba-c11d-f067-2d2fb2225f21
1992-T.9;af18cc7a-fa8f-11e2-8e56-9f72c6160288;b2d1bd5e-b943-801f-f07a-32f3f1a6b5d2
1993;af18cc7a-fa8f-11e2-8e56-9f72c6160288;2ecc8073-33ff-2e2e-43e1-209001490d7d
1993-T.1;af18cc7a-fa8f-11e2-8e56-9f72c6160288;d1523bac-0dbb-a915-79b7-3cc892643c5b
1993-T.10;af18cc7a-fa8f-11e2-8e56-9f72c6160288;8c28b00d-98bc-2f9d-4fa2-b7ef7458f65b
1993-T.100;af18cc7a-fa8f-11e2-8e56-9f72c6160288;67360ecc-a6b3-7f09-b7b4-ef3047b8a9dc
1993-T.101;af18cc7a-fa8f-11e2-8e56-9f72c6160288;04e14d77-78f3-7ff3-8a93-b4e5f7e82352
1993-T.102;af18cc7a-fa8f-11e2-8e56-9f72c6160288;620df2f1-3f40-067d-5e38-783f9d7b460a
1993-T.103;af18cc7a-fa8f-11e2-8e56-9f72c6160288;bcfdae03-7210-c174-cbd6-7c1b6f9a9ed2
1993-T.104;af18cc7a-fa8f-11e2-8e56-9f72c6160288;18997f31-aa20-30b8-452c-f595ffe4690d
1993-T.105;af18cc7a-fa8f-11e2-8e56-9f72c6160288;38e7b3e2-956b-bac2-c21d-6936b24316c2
1993-T.106;af18cc7a-fa8f-11e2-8e56-9f72c6160288;d740b725-7717-6a82-9038-42aa7ff86324
1993-T.107;af18cc7a-fa8f-11e2-8e56-9f72c6160288;798ab065-61f7-667a-ef3f-506fbfc6357b
1993-T.108;af18cc7a-fa8f-11e2-8e56-9f72c6160288;81c473c0-ac4c-b0bb-38f8-3e8d1b921c9e
1993-T.109;af18cc7a-fa8f-11e2-8e56-9f72c6160288;7005edc9-89c6-2fa8-ad03-46a290a5bfd8
1993-T.11;af18cc7a-fa8f-11e2-8e56-9f72c6160288;035837d2-b751-f589-8eb5-67c9aa505b57
1993-T.110;af18cc7a-fa8f-11e2-8e56-9f72c6160288;36572563-f543-e4e9-2b50-01d246df5090
1993-T.111;af18cc7a-fa8f-11e2-8e56-9f72c6160288;56a139b5-c303-336f-ba98-66d8aa14ce8b
1993-T.112;af18cc7a-fa8f-11e2-8e56-9f72c6160288;329c2f80-0cc1-b873-5aed-f5e38e98ea1c
1993-T.113;af18cc7a-fa8f-11e2-8e56-9f72c6160288;68b2340a-5800-4317-b039-6cc4816c4c62
1993-T.114;af18cc7a-fa8f-11e2-8e56-9f72c6160288;ad010784-86a5-e812-fb39-2a1a857cabeb
1993-T.115;af18cc7a-fa8f-11e2-8e56-9f72c6160288;3c8ca3c9-0be5-ec64-0374-cfd571b1c404
1993-T.116;af18cc7a-fa8f-11e2-8e56-9f72c6160288;8f7163dd-c91c-71e1-7b92-2ba48badbcdd
1993-T.117;af18cc7a-fa8f-11e2-8e56-9f72c6160288;fc634e9a-7836-3edb-1e89-faab904dc45a
1993-T.118;af18cc7a-fa8f-11e2-8e56-9f72c6160288;44279a21-13d4-f554-b4e7-7d1fa99e3706
1993-T.119;af18cc7a-fa8f-11e2-8e56-9f72c6160288;ae001d0c-7757-af54-119c-e949bf061456
1993-T.12;af18cc7a-fa8f-11e2-8e56-9f72c6160288;d4cab7d3-b64c-fea8-fa17-c017e2045ba6
1993-T.120;af18cc7a-fa8f-11e2-8e56-9f72c6160288;722adb91-fb0d-5045-e902-2c6cba8bc251
1993-T.121;af18cc7a-fa8f-11e2-8e56-9f72c6160288;0b78f78b-8a46-03e3-cafa-382677885e22
1993-T.122;af18cc7a-fa8f-11e2-8e56-9f72c6160288;d268f779-1429-e695-1c6a-b0f933c94b8e
1993-T.123;af18cc7a-fa8f-11e2-8e56-9f72c6160288;d35337ab-8e50-de53-3a5b-876db64013ac
1993-T.124;af18cc7a-fa8f-11e2-8e56-9f72c6160288;5cc9b1e0-af6c-ec9c-43db-644ea9c95c8d
1993-T.125;af18cc7a-fa8f-11e2-8e56-9f72c6160288;6bc209a1-6873-c3db-46d4-85b0aa0665e5
1993-T.126;af18cc7a-fa8f-11e2-8e56-9f72c6160288;5ad1abb4-5935-bd7c-e2ce-944e47ece226
1993-T.127;af18cc7a-fa8f-11e2-8e56-9f72c6160288;9fa50911-3965-4104-b779-557835041a09
1993-T.128;af18cc7a-fa8f-11e2-8e56-9f72c6160288;9a8e3f52-1d4b-2372-9256-d8349a88955c
1993-T.129;af18cc7a-fa8f-11e2-8e56-9f72c6160288;876bfdc2-7d52-f663-e5d0-001b958f9d36
1993-T.129B;af18cc7a-fa8f-11e2-8e56-9f72c6160288;4eea7fc2-03a7-7600-04a4-1956ac0e8ecf
1993-T.13;af18cc7a-fa8f-11e2-8e56-9f72c6160288;d91b5f58-abfe-fea5-5a2a-1fcbb4489779
1993-T.130;af18cc7a-fa8f-11e2-8e56-9f72c6160288;0ebbb792-e824-5dae-6007-0290976d75c1
1993-T.130B;af18cc7a-fa8f-11e2-8e56-9f72c6160288;eb4ee5ac-75fa-bddf-e633-5571f4d044c0
1993-T.131;af18cc7a-fa8f-11e2-8e56-9f72c6160288;e6b00b53-8a54-fcdd-39dd-ed4070716156
1993-T.132;af18cc7a-fa8f-11e2-8e56-9f72c6160288;52de826b-c5d9-f871-d526-fab06dfa26b0
1993-T.133;af18cc7a-fa8f-11e2-8e56-9f72c6160288;8ac0c247-b156-7a97-d30d-21ae406990cc
1993-T.134;af18cc7a-fa8f-11e2-8e56-9f72c6160288;136fdaae-4809-f49e-80ad-ae4e5455229e
1993-T.135;af18cc7a-fa8f-11e2-8e56-9f72c6160288;0934e5bd-416d-8916-e7a1-bdea003a0486
1993-T.136;af18cc7a-fa8f-11e2-8e56-9f72c6160288;8cea60f3-16e3-8772-4326-048145306840
1993-T.137;af18cc7a-fa8f-11e2-8e56-9f72c6160288;c7ff664f-cbae-eec1-c77f-1d82a19c06a2
1993-T.14;af18cc7a-fa8f-11e2-8e56-9f72c6160288;cd42e016-859c-5350-375d-01695688f42b
1993-T.15;af18cc7a-fa8f-11e2-8e56-9f72c6160288;fee63fa5-89ea-86ed-592e-c0292c7c87ff
1993-T.16;af18cc7a-fa8f-11e2-8e56-9f72c6160288;e9810bcb-f4d8-9e74-0090-d94426e69858
1993-T.17;af18cc7a-fa8f-11e2-8e56-9f72c6160288;248595f0-1cc7-245c-b3d1-08c0a5cf9cc3
1993-T.18;af18cc7a-fa8f-11e2-8e56-9f72c6160288;898d1ffd-73c8-4cc6-4760-cdbfb16cbbc2
1993-T.19;af18cc7a-fa8f-11e2-8e56-9f72c6160288;7ff1b202-65e3-2102-a92a-8c721d4c5372
1993-T.2;af18cc7a-fa8f-11e2-8e56-9f72c6160288;b826cdff-8d6b-e14b-b0bf-6a9b0b337d2e
1993-T.20;af18cc7a-fa8f-11e2-8e56-9f72c6160288;d6ba6de8-500a-ecf0-9d3b-8bb75602b7a2
1993-T.21;af18cc7a-fa8f-11e2-8e56-9f72c6160288;3cc826b0-5157-694c-cb80-b7090278d2fb
1993-T.22;af18cc7a-fa8f-11e2-8e56-9f72c6160288;03fea96d-3167-970e-94c5-e30d56eb800f
1993-T.22A;af18cc7a-fa8f-11e2-8e56-9f72c6160288;e11722e3-e900-94c0-a94f-fcf8b4105a5a
1993-T.22B;af18cc7a-fa8f-11e2-8e56-9f72c6160288;f8eec7fc-1ae7-2c66-7676-079ccbfe0158
1993-T.23;af18cc7a-fa8f-11e2-8e56-9f72c6160288;b23ac6ae-81b5-3fb5-eb9f-649cd94d084d
1993-T.23A;af18cc7a-fa8f-11e2-8e56-9f72c6160288;6f39142f-b542-5cf5-8bfe-2a90295372bf
1993-T.24;af18cc7a-fa8f-11e2-8e56-9f72c6160288;c861d082-f294-f051-c564-2f8e93f2054f
1993-T.25;af18cc7a-fa8f-11e2-8e56-9f72c6160288;0293c0b0-87c5-5e6d-4e33-99dfd9dc4eb4
1993-T.26;af18cc7a-fa8f-11e2-8e56-9f72c6160288;a57448ab-ad16-6aa9-52e0-c27d85d6e482
1993-T.27;af18cc7a-fa8f-11e2-8e56-9f72c6160288;bea03c18-3afb-7305-731d-1b28e0a6ee77
1993-T.28;af18cc7a-fa8f-11e2-8e56-9f72c6160288;1f2b55cd-2e28-21ca-7e98-65704d80516d
1993-T.29;af18cc7a-fa8f-11e2-8e56-9f72c6160288;6bebd3b1-b66d-b53b-1d8d-c2639049a5a9
1993-T.3;af18cc7a-fa8f-11e2-8e56-9f72c6160288;d1eeffae-2ea6-3524-aff4-665f9205bb64
1993-T.30;af18cc7a-fa8f-11e2-8e56-9f72c6160288;c360d03c-c763-1d80-d2b8-4fe9deb5f53b
1993-T.31;af18cc7a-fa8f-11e2-8e56-9f72c6160288;6110bd91-7389-6731-5899-e78064b08e3b
1993-T.32;af18cc7a-fa8f-11e2-8e56-9f72c6160288;a5c0fb14-530e-d45f-f78c-b2bd88173dd8
1993-T.33;af18cc7a-fa8f-11e2-8e56-9f72c6160288;266b2b11-faab-d23c-5740-20cc751e9721
1993-T.34;af18cc7a-fa8f-11e2-8e56-9f72c6160288;b89c7b58-1813-f8b1-9aed-0c52fae4acc4
1993-T.35;af18cc7a-fa8f-11e2-8e56-9f72c6160288;1cab409f-79a7-e588-bcf5-a43915cdb41b
1993-T.36;af18cc7a-fa8f-11e2-8e56-9f72c6160288;71c6c82d-22b5-f4f1-98e7-0b7c0d92fd2e
1993-T.37;af18cc7a-fa8f-11e2-8e56-9f72c6160288;dd833620-579b-df1e-c7ab-50e5505d669c
1993-T.38;af18cc7a-fa8f-11e2-8e56-9f72c6160288;6a3952cd-d110-6cd4-93bf-7663d545ae1e
1993-T.39;af18cc7a-fa8f-11e2-8e56-9f72c6160288;e5a5dd1a-efa4-3437-565c-fa6ec6cb48ac
1993-T.4;af18cc7a-fa8f-11e2-8e56-9f72c6160288;77e4136c-2b0f-1fac-73d8-25729a4f6bc8
1993-T.40;af18cc7a-fa8f-11e2-8e56-9f72c6160288;26dd2adc-c904-902e-f274-b71f89534e92
1993-T.41;af18cc7a-fa8f-11e2-8e56-9f72c6160288;b9c36ce5-0155-46e4-1bf0-d2432057080d
1993-T.42;af18cc7a-fa8f-11e2-8e56-9f72c6160288;f20a9ea4-8436-2ab0-7caa-a00378afdc04
1993-T.43;af18cc7a-fa8f-11e2-8e56-9f72c6160288;e10d204e-36f4-7544-b970-7998689435f8
1993-T.44;af18cc7a-fa8f-11e2-8e56-9f72c6160288;42558901-fc4b-6da1-69c6-10b15297660e
1993-T.45;af18cc7a-fa8f-11e2-8e56-9f72c6160288;858e5bc3-b95a-0ff2-7ad5-4e229df48202
1993-T.46;af18cc7a-fa8f-11e2-8e56-9f72c6160288;36b68d6e-749e-92c2-1313-0d0676250f4b
1993-T.47;af18cc7a-fa8f-11e2-8e56-9f72c6160288;38054db8-50ff-bc4d-0192-fe00705898a7
1993-T.48;af18cc7a-fa8f-11e2-8e56-9f72c6160288;783328f4-cc67-b9d9-8e0e-f8a2fa98a52f
1993-T.49;af18cc7a-fa8f-11e2-8e56-9f72c6160288;56a535c3-9e80-8c8d-6806-16aeb7f21561
1993-T.5;af18cc7a-fa8f-11e2-8e56-9f72c6160288;7ec62efd-1aa5-1c7a-7fb5-835ed84cf060
1993-T.50;af18cc7a-fa8f-11e2-8e56-9f72c6160288;c84fcbfe-fb5b-cee7-1fff-e3063a5add02
1993-T.51;af18cc7a-fa8f-11e2-8e56-9f72c6160288;b23cd2ab-1665-0b5c-fee1-a82c1556790e
1993-T.52;af18cc7a-fa8f-11e2-8e56-9f72c6160288;2ebc783e-cce3-c85b-5fa3-127a715c5ce4
1993-T.53;af18cc7a-fa8f-11e2-8e56-9f72c6160288;ac7492b8-5623-2497-1eb0-75231ebf0101
1993-T.54;af18cc7a-fa8f-11e2-8e56-9f72c6160288;bc048a86-d52f-e794-247e-d58c43dd3dd9
1993-T.55;af18cc7a-fa8f-11e2-8e56-9f72c6160288;b9f40079-f2e2-06dd-6caa-acdf28e5d5f2
1993-T.56;af18cc7a-fa8f-11e2-8e56-9f72c6160288;b54d914f-f338-633a-d186-257861abb4b2
1993-T.57;af18cc7a-fa8f-11e2-8e56-9f72c6160288;adc22794-de6c-3e27-6714-a08c1e4d12f1
1993-T.58;af18cc7a-fa8f-11e2-8e56-9f72c6160288;bc639877-b9df-03b9-0dfc-631d793ca90c
1993-T.59;af18cc7a-fa8f-11e2-8e56-9f72c6160288;31392ae6-303c-c8e8-4368-3da630b30403
1993-T.6;af18cc7a-fa8f-11e2-8e56-9f72c6160288;5e50720a-7b34-682c-9145-f7e361c1cf9e
1993-T.60;af18cc7a-fa8f-11e2-8e56-9f72c6160288;eb5dcf1c-788a-4352-756b-43cc85e62d7d
1993-T.61;af18cc7a-fa8f-11e2-8e56-9f72c6160288;b70c2611-0e7c-af15-c48d-f1749cb42be8
1993-T.62;af18cc7a-fa8f-11e2-8e56-9f72c6160288;cb74f477-b210-2465-84bd-004527b77984
1993-T.63;af18cc7a-fa8f-11e2-8e56-9f72c6160288;f09904f7-48bf-893d-dcbf-18436dfa7f96
1993-T.64;af18cc7a-fa8f-11e2-8e56-9f72c6160288;58713150-1b7e-1c49-6f6b-148d14e1b6ff
1993-T.65;af18cc7a-fa8f-11e2-8e56-9f72c6160288;2faff57e-0f82-3e60-1a20-323c1564f9c9
1993-T.66;af18cc7a-fa8f-11e2-8e56-9f72c6160288;6d53c4e7-59fa-9a38-e30d-2ef86290a289
1993-T.67;af18cc7a-fa8f-11e2-8e56-9f72c6160288;b2267c79-678d-0516-038f-c57efdaf1412
1993-T.68;af18cc7a-fa8f-11e2-8e56-9f72c6160288;aa2ea5c6-fcad-8506-d8e2-cebdd5acac23
1993-T.69;af18cc7a-fa8f-11e2-8e56-9f72c6160288;83c58db2-0812-28f5-75b0-50dd6706964b
1993-T.7;af18cc7a-fa8f-11e2-8e56-9f72c6160288;8b1374e8-221c-f87f-64a9-dbbd26b46597
1993-T.70;af18cc7a-fa8f-11e2-8e56-9f72c6160288;d2a8f678-7c60-7d89-3eb9-9713e0043ad2
1993-T.71;af18cc7a-fa8f-11e2-8e56-9f72c6160288;c569e638-691e-6cb0-1f0a-9ac5c66c6196
1993-T.72;af18cc7a-fa8f-11e2-8e56-9f72c6160288;64ac7150-3f8e-cb3c-5917-19a6cfffa31c
1993-T.73;af18cc7a-fa8f-11e2-8e56-9f72c6160288;93cfba10-07e6-22d0-5fcf-cfb94be9a156
1993-T.74;af18cc7a-fa8f-11e2-8e56-9f72c6160288;d43db758-c87a-c71a-53aa-53ba64fd958a
1993-T.75;af18cc7a-fa8f-11e2-8e56-9f72c6160288;6c9edce2-7e48-b8b1-b64b-d11861ae6abd
1993-T.76;af18cc7a-fa8f-11e2-8e56-9f72c6160288;bd2ebac9-cbe9-8402-0ef0-d761c2ac7562
1993-T.77;af18cc7a-fa8f-11e2-8e56-9f72c6160288;4370eb45-b493-d859-b84b-89a7e8a2c5d7
1993-T.78;af18cc7a-fa8f-11e2-8e56-9f72c6160288;c6e91111-b078-53e8-a0b1-bbc0ae77b5da
1993-T.79;af18cc7a-fa8f-11e2-8e56-9f72c6160288;7a680900-f2e6-f968-5a53-96c574981a69
1993-T.8;af18cc7a-fa8f-11e2-8e56-9f72c6160288;6391a603-cbdf-c2cd-b040-a4c6f8898828
1993-T.80;af18cc7a-fa8f-11e2-8e56-9f72c6160288;9b21a71c-8151-b88f-413b-0ab675184752
1993-T.81;af18cc7a-fa8f-11e2-8e56-9f72c6160288;48998edf-ed8e-607b-28fd-8794df0fd146
1993-T.82;af18cc7a-fa8f-11e2-8e56-9f72c6160288;e396fe38-cd89-56eb-06ca-5b497a457fcc
1993-T.83;af18cc7a-fa8f-11e2-8e56-9f72c6160288;46a105e5-cb19-6f3f-9a5c-205b87de54c5
1993-T.84;af18cc7a-fa8f-11e2-8e56-9f72c6160288;501ed4ed-7fdc-d324-7647-b992bc44114f
1993-T.85;af18cc7a-fa8f-11e2-8e56-9f72c6160288;4cf14605-20fd-c3af-8358-3af82c1dafe8
1993-T.86;af18cc7a-fa8f-11e2-8e56-9f72c6160288;26b5fd4d-f099-9a06-af36-128fc612ab51
1993-T.87;af18cc7a-fa8f-11e2-8e56-9f72c6160288;4a4a281a-ba61-92e4-0c92-242026a1dbd0
1993-T.88;af18cc7a-fa8f-11e2-8e56-9f72c6160288;a199b2d0-174c-232e-ac69-9aa5fcaa9cdc
1993-T.89;af18cc7a-fa8f-11e2-8e56-9f72c6160288;81bde738-7bb3-34a2-1cea-405cc59dd940
1993-T.9;af18cc7a-fa8f-11e2-8e56-9f72c6160288;98b4a042-826d-277b-4dbc-47f83ff301ac
1993-T.90;af18cc7a-fa8f-11e2-8e56-9f72c6160288;4cdd2873-cae9-df5d-51bb-9659e8889086
1993-T.91;af18cc7a-fa8f-11e2-8e56-9f72c6160288;ca4dd4fd-96b2-2c2e-0b33-ce666452594d
1993-T.92;af18cc7a-fa8f-11e2-8e56-9f72c6160288;9cc16c82-6fe2-7123-92ed-42bf7af81668
1993-T.93;af18cc7a-fa8f-11e2-8e56-9f72c6160288;6e0ac2ac-276a-de47-2468-9a8350c622e8
1993-T.94;af18cc7a-fa8f-11e2-8e56-9f72c6160288;413e2115-c4fd-2e0e-0063-9fc429cb0c85
1993-T.95;af18cc7a-fa8f-11e2-8e56-9f72c6160288;f6ee2dd4-1827-224f-770e-9811fb3f3755
1993-T.96;af18cc7a-fa8f-11e2-8e56-9f72c6160288;1b68cf42-6aa5-4f1b-2719-795bf2549525
1993-T.97;af18cc7a-fa8f-11e2-8e56-9f72c6160288;170c90e1-a87f-fd00-d898-aae963822f06
1993-T.98;af18cc7a-fa8f-11e2-8e56-9f72c6160288;a34380d3-802a-3891-73b6-6848f5a309ac
1993-T.99;af18cc7a-fa8f-11e2-8e56-9f72c6160288;0bfe6b07-5cd4-a63b-3890-07fa9122cdd0
1994;af18cc7a-fa8f-11e2-8e56-9f72c6160288;eda8e75c-53f0-3c73-4141-b6fc687ca836
1994-T.1;af18cc7a-fa8f-11e2-8e56-9f72c6160288;ff9b7899-0a81-cec6-3795-40ab5d4d2fc8
1994-T.10;af18cc7a-fa8f-11e2-8e56-9f72c6160288;2934a9ed-2b40-7a63-6d22-7e0e8d806362
1994-T.100;af18cc7a-fa8f-11e2-8e56-9f72c6160288;ff35008b-c082-6f01-54e0-02a01325eaa2
1994-T.101;af18cc7a-fa8f-11e2-8e56-9f72c6160288;66bc1300-87f7-2276-b189-363a83d5dba9
1994-T.102;af18cc7a-fa8f-11e2-8e56-9f72c6160288;d2f12699-0285-790b-8c3d-63d27fc91762
1994-T.103;af18cc7a-fa8f-11e2-8e56-9f72c6160288;7870906a-f6fe-1332-afff-36eca6e9c9f3
1994-T.104;af18cc7a-fa8f-11e2-8e56-9f72c6160288;7748e201-b2d3-1d4c-c1be-8de38564442b
1994-T.105;af18cc7a-fa8f-11e2-8e56-9f72c6160288;bb31c3ae-29cb-602b-7204-2ad45b9502c0
1994-T.106;af18cc7a-fa8f-11e2-8e56-9f72c6160288;3ca79127-8646-1603-34b2-66a0c76388b6
1994-T.107;af18cc7a-fa8f-11e2-8e56-9f72c6160288;e6bab8dc-bbdb-e78c-dd08-466148c3ec6b
1994-T.108;af18cc7a-fa8f-11e2-8e56-9f72c6160288;e879c7a1-8138-b53f-37c7-6de9866fd0e9
1994-T.109;af18cc7a-fa8f-11e2-8e56-9f72c6160288;37703d8f-ff82-c00a-73ed-2ee355361c1b
1994-T.11;af18cc7a-fa8f-11e2-8e56-9f72c6160288;f97d9d4d-8ef5-0f9b-f737-bf0aa9b44356
1994-T.110;af18cc7a-fa8f-11e2-8e56-9f72c6160288;8ea3c520-67b8-7047-a4c0-961e019ec08d
1994-T.111;af18cc7a-fa8f-11e2-8e56-9f72c6160288;a6289687-b471-76b4-254b-122b3d53d604
1994-T.112;af18cc7a-fa8f-11e2-8e56-9f72c6160288;5abac2ff-5fcb-3aff-38cb-93689c795b46
1994-T.113;af18cc7a-fa8f-11e2-8e56-9f72c6160288;8c065f91-8f18-4222-5859-5d77d046b927
1994-T.114;af18cc7a-fa8f-11e2-8e56-9f72c6160288;868c1d9a-7a31-edbd-7fa2-59a819c7c76f
1994-T.115;af18cc7a-fa8f-11e2-8e56-9f72c6160288;2e144cbf-0082-218f-30d6-0c025057bcc6
1994-T.116;af18cc7a-fa8f-11e2-8e56-9f72c6160288;2dd21dc0-6ed3-42a6-9f9c-8d1a56e1a5e3
1994-T.117;af18cc7a-fa8f-11e2-8e56-9f72c6160288;9d36a0bf-93cb-e0e0-f302-0f70c13e1eb6
1994-T.118;af18cc7a-fa8f-11e2-8e56-9f72c6160288;25cd7c23-ea55-d3db-7885-f624f4fe5bf5
1994-T.119;af18cc7a-fa8f-11e2-8e56-9f72c6160288;c1afb58a-46d3-60f8-e6bf-afeb6b4f1999
1994-T.12;af18cc7a-fa8f-11e2-8e56-9f72c6160288;0e3ee0fe-dec2-464b-4287-b0b3725848ba
1994-T.120;af18cc7a-fa8f-11e2-8e56-9f72c6160288;54fb23cf-52fe-24cb-2b1d-5d096b6664ae
1994-T.121;af18cc7a-fa8f-11e2-8e56-9f72c6160288;f7d742a4-99bd-83fa-7558-5d83148c653b
1994-T.122;af18cc7a-fa8f-11e2-8e56-9f72c6160288;a12edacf-d1bc-d4ac-0fcb-8ba7eb5d8e89
1994-T.123;af18cc7a-fa8f-11e2-8e56-9f72c6160288;617e8704-91f4-6581-1018-f5930b9c6f37
1994-T.124;af18cc7a-fa8f-11e2-8e56-9f72c6160288;9b7d3bfb-338b-bc36-5ff0-e02b4dc809fc
1994-T.125;af18cc7a-fa8f-11e2-8e56-9f72c6160288;572a9916-17b2-b1b2-8dd5-7fd2d8a55f67
1994-T.126;af18cc7a-fa8f-11e2-8e56-9f72c6160288;81221228-c3d1-79e4-93c9-83572f999780
1994-T.127;af18cc7a-fa8f-11e2-8e56-9f72c6160288;f9c33bc0-79d3-bbb7-c40c-cc7ba54f2dff
1994-T.128;af18cc7a-fa8f-11e2-8e56-9f72c6160288;3574c54e-95f5-3743-e7cd-e2ef2f17aa7f
1994-T.129;af18cc7a-fa8f-11e2-8e56-9f72c6160288;c3c55f0f-92bd-b0a6-2a48-51e1c54d0fdf
1994-T.130;af18cc7a-fa8f-11e2-8e56-9f72c6160288;82403b4b-1df7-f3d5-3bda-c465c675fd93
1994-T.131;af18cc7a-fa8f-11e2-8e56-9f72c6160288;d6c77868-89b7-9574-5006-9dd06597c7c4
1994-T.132;af18cc7a-fa8f-11e2-8e56-9f72c6160288;5b10ee80-16bb-982d-bbe0-f2a3dcfeec65
1994-T.133;af18cc7a-fa8f-11e2-8e56-9f72c6160288;c452f0d7-02f6-75eb-ca01-afad887025d4
1994-T.134;af18cc7a-fa8f-11e2-8e56-9f72c6160288;7d128c08-29a3-56d3-aa62-049c8d192401
1994-T.135;af18cc7a-fa8f-11e2-8e56-9f72c6160288;2e5b3900-3430-8498-e5df-2971ff828493
1994-T.136;af18cc7a-fa8f-11e2-8e56-9f72c6160288;d5abc81d-a881-43dc-f579-5db08d7960b0
1994-T.137;af18cc7a-fa8f-11e2-8e56-9f72c6160288;d7874c02-f59f-48b1-7d5e-746952f00e7f
1994-T.138;af18cc7a-fa8f-11e2-8e56-9f72c6160288;8829337a-a16d-908c-07f8-4831415f0d6d
1994-T.139;af18cc7a-fa8f-11e2-8e56-9f72c6160288;f8ceae73-50f1-d5cf-0cc6-85c14271ded8
1994-T.14;af18cc7a-fa8f-11e2-8e56-9f72c6160288;e36332bb-2901-ccd8-6e8c-3e2c2e480440
1994-T.140;af18cc7a-fa8f-11e2-8e56-9f72c6160288;872f1afd-2f0f-acae-64d7-b242d6b72866
1994-T.141;af18cc7a-fa8f-11e2-8e56-9f72c6160288;0157bd1d-bf2c-a042-f790-08e284cb6aab
1994-T.142;af18cc7a-fa8f-11e2-8e56-9f72c6160288;ad216487-4aa6-0bf4-38c6-cc2e1dcf772f
1994-T.143;af18cc7a-fa8f-11e2-8e56-9f72c6160288;4a66a1b7-69fb-a9c2-2967-7985f8b9252d
1994-T.144;af18cc7a-fa8f-11e2-8e56-9f72c6160288;23717b53-4a0a-e5a0-aabd-beb9ca726300
1994-T.145;af18cc7a-fa8f-11e2-8e56-9f72c6160288;88110f4a-74ab-516a-783f-3f3c9c9ee9ac
1994-T.146;af18cc7a-fa8f-11e2-8e56-9f72c6160288;5ccf49a2-2a92-3d10-c5b8-df0a1e848b36
1994-T.147;af18cc7a-fa8f-11e2-8e56-9f72c6160288;126edb56-e37f-2b7a-b253-5abad304054c
1994-T.148;af18cc7a-fa8f-11e2-8e56-9f72c6160288;8360f75e-8897-68d7-3423-1ad0471a1b9b
1994-T.149;af18cc7a-fa8f-11e2-8e56-9f72c6160288;d1d5fad0-4c16-d424-65b0-402f81b87bef
1994-T.15;af18cc7a-fa8f-11e2-8e56-9f72c6160288;1e9346b6-4b81-6592-8d23-c7da5c0777e2
1994-T.150;af18cc7a-fa8f-11e2-8e56-9f72c6160288;ff24726b-066d-7f97-4d1a-a9b745ed169e
1994-T.151;af18cc7a-fa8f-11e2-8e56-9f72c6160288;0cd4a68a-e9e0-2291-9084-0d4ed48d3703
1994-T.153;af18cc7a-fa8f-11e2-8e56-9f72c6160288;16b561b4-960d-853e-6a36-8485223ef623
1994-T.154;af18cc7a-fa8f-11e2-8e56-9f72c6160288;c076f23e-08f6-fdc3-e089-a112e5f5183e
1994-T.155;af18cc7a-fa8f-11e2-8e56-9f72c6160288;f28e9e4d-1056-eb5f-dd4c-422788145416
1994-T.156;af18cc7a-fa8f-11e2-8e56-9f72c6160288;9dfa9f5a-c3eb-9804-88ed-d14ee35f5866
1994-T.16;af18cc7a-fa8f-11e2-8e56-9f72c6160288;38f80883-3ee9-cdc8-18c4-1009c94110b1
1994-T.17;af18cc7a-fa8f-11e2-8e56-9f72c6160288;500be6a3-d10e-e605-55c7-cf8ca5144b53
1994-T.18;af18cc7a-fa8f-11e2-8e56-9f72c6160288;d8526e32-a0de-6514-73bc-884155de68a7
1994-T.19;af18cc7a-fa8f-11e2-8e56-9f72c6160288;a7de8f99-e63c-3551-99ab-b27218406919
1994-T.2;af18cc7a-fa8f-11e2-8e56-9f72c6160288;6b3c355c-fe4c-159f-7e5e-a854c0720387
1994-T.20;af18cc7a-fa8f-11e2-8e56-9f72c6160288;fafd38d5-a619-0648-e984-a5e6a129a350
1994-T.21;af18cc7a-fa8f-11e2-8e56-9f72c6160288;9ed2c7d8-0489-54af-e1fe-7042a9f70e24
1994-T.22;af18cc7a-fa8f-11e2-8e56-9f72c6160288;b2d859e9-4b82-1eb2-53cd-2e1a294af18e
1994-T.23;af18cc7a-fa8f-11e2-8e56-9f72c6160288;7cab279f-a6d4-8004-9de0-a005e1227be1
1994-T.24;af18cc7a-fa8f-11e2-8e56-9f72c6160288;9a951c7a-4bfb-2879-d045-151e01bc0c4f
1994-T.25;af18cc7a-fa8f-11e2-8e56-9f72c6160288;27669be7-86f8-913e-972a-091fc15d109b
1994-T.26;af18cc7a-fa8f-11e2-8e56-9f72c6160288;83304e91-de2b-bf5b-c73d-cf059284bf5b
1994-T.27;af18cc7a-fa8f-11e2-8e56-9f72c6160288;1b3c3ef9-f393-f80f-b2aa-bc1495c41e3b
1994-T.28;af18cc7a-fa8f-11e2-8e56-9f72c6160288;ed14f89a-0941-ee22-4bbb-1990e35c823b
1994-T.29;af18cc7a-fa8f-11e2-8e56-9f72c6160288;458792ef-902d-065d-8fb8-653ec6dbf4f5
1994-T.3;af18cc7a-fa8f-11e2-8e56-9f72c6160288;5102a19b-0345-500c-fd90-819f328e1027
1994-T.30;af18cc7a-fa8f-11e2-8e56-9f72c6160288;475996bf-eeb6-bf25-8bb4-b0149506b829
1994-T.31;af18cc7a-fa8f-11e2-8e56-9f72c6160288;20df3c9d-c4b1-4ce4-1d9f-386c19f903ba
1994-T.32;af18cc7a-fa8f-11e2-8e56-9f72c6160288;db2f0279-60f9-eaaf-6133-618db360558a
1994-T.33;af18cc7a-fa8f-11e2-8e56-9f72c6160288;b0359363-97ac-8eb0-f78b-6487a8dd5914
1994-T.34;af18cc7a-fa8f-11e2-8e56-9f72c6160288;cc0ca700-5e21-19c6-295c-defad377c5aa
1994-T.35;af18cc7a-fa8f-11e2-8e56-9f72c6160288;c84b838c-e12c-1a82-1b08-7ffec57c3579
1994-T.36;af18cc7a-fa8f-11e2-8e56-9f72c6160288;233e6d32-1cd5-aadb-435b-b58d75ce8bf2
1994-T.37;af18cc7a-fa8f-11e2-8e56-9f72c6160288;eb948630-4982-bd1c-c2dd-c85b0a9fc0c3
1994-T.38;af18cc7a-fa8f-11e2-8e56-9f72c6160288;b651043d-d715-31f4-c3aa-372ab11e01dd
1994-T.39;af18cc7a-fa8f-11e2-8e56-9f72c6160288;11988150-2bba-4ad5-6799-741ad37bf0bf
1994-T.4;af18cc7a-fa8f-11e2-8e56-9f72c6160288;b8aff0bb-cb77-a6e5-5215-de93bd2c10d8
1994-T.40;af18cc7a-fa8f-11e2-8e56-9f72c6160288;c5e5aec0-cfa3-d501-f941-b881ef4a65e2
1994-T.41;af18cc7a-fa8f-11e2-8e56-9f72c6160288;79852047-0d21-1966-d63a-54212c58ecab
1994-T.42;af18cc7a-fa8f-11e2-8e56-9f72c6160288;64960fb0-9a6e-8659-90ff-75d45a2efccb
1994-T.43;af18cc7a-fa8f-11e2-8e56-9f72c6160288;01911e5a-68ff-d629-74c6-3b0df097c77a
1994-T.44;af18cc7a-fa8f-11e2-8e56-9f72c6160288;fcfb31dd-2e8c-b1c9-ec6e-89a4e2b83163
1994-T.45;af18cc7a-fa8f-11e2-8e56-9f72c6160288;68aa57d2-b566-b1be-2b59-172645f365dc
1994-T.46;af18cc7a-fa8f-11e2-8e56-9f72c6160288;35af7422-0ba1-2b9a-3b13-65f006eaf968
1994-T.47;af18cc7a-fa8f-11e2-8e56-9f72c6160288;f7da3197-0443-e529-44ec-d94e8fc2b4c4
1994-T.48;af18cc7a-fa8f-11e2-8e56-9f72c6160288;7e5bbfa0-aaf1-94fa-4037-1f188aabe321
1994-T.49;af18cc7a-fa8f-11e2-8e56-9f72c6160288;e2df206f-a685-bf1c-3830-552d3d35e1c0
1994-T.5;af18cc7a-fa8f-11e2-8e56-9f72c6160288;ac20f2f1-b03b-af18-6a56-4358f7460ec9
1994-T.50;af18cc7a-fa8f-11e2-8e56-9f72c6160288;40fc8b3a-df1b-8b60-189f-9879818aeda0
1994-T.51;af18cc7a-fa8f-11e2-8e56-9f72c6160288;0bceef39-bc9c-1a93-2a4b-b32dd5e3b7ca
1994-T.52;af18cc7a-fa8f-11e2-8e56-9f72c6160288;67187237-6b04-96fe-9ba7-77a33de1137b
1994-T.53;af18cc7a-fa8f-11e2-8e56-9f72c6160288;bfa3dd32-0a47-2b0a-3e2b-cceca20201f7
1994-T.54;af18cc7a-fa8f-11e2-8e56-9f72c6160288;288a679b-3530-f143-67d4-31f20cb5eeef
1994-T.55;af18cc7a-fa8f-11e2-8e56-9f72c6160288;a6c15d82-08a4-9385-b03c-6eb7e65dd6e6
1994-T.56;af18cc7a-fa8f-11e2-8e56-9f72c6160288;09bf94af-33b5-3302-ced8-7fb4789b3245
1994-T.57;af18cc7a-fa8f-11e2-8e56-9f72c6160288;a7a7c1ec-6e2c-66d3-a772-ec7c11840335
1994-T.58;af18cc7a-fa8f-11e2-8e56-9f72c6160288;eb8dd684-21f7-e478-b42c-829227884ea1
1994-T.59;af18cc7a-fa8f-11e2-8e56-9f72c6160288;9ea55c57-ca9b-adb0-d135-45eb850c796a
1994-T.6;af18cc7a-fa8f-11e2-8e56-9f72c6160288;c434bc65-0bc5-ba1e-3b5d-4b766c92e671
1994-T.60;af18cc7a-fa8f-11e2-8e56-9f72c6160288;c41af929-e127-b8b2-c2de-ac00bfbdcba3
1994-T.61;af18cc7a-fa8f-11e2-8e56-9f72c6160288;37e7ab13-b15a-bb53-6909-0551d64b4c63
1994-T.62;af18cc7a-fa8f-11e2-8e56-9f72c6160288;04313a60-4b96-719a-535c-a6352c0ce3df
1994-T.63;af18cc7a-fa8f-11e2-8e56-9f72c6160288;50f7a3a3-5c9a-1b1b-52e1-a87cefff2006
1994-T.64;af18cc7a-fa8f-11e2-8e56-9f72c6160288;5c5cf9cf-83ab-97d0-0766-dbdf7958fb4e
1994-T.65;af18cc7a-fa8f-11e2-8e56-9f72c6160288;31fd8938-ef6d-e553-c230-8cf6ee02988c
1994-T.66;af18cc7a-fa8f-11e2-8e56-9f72c6160288;ceb30d7c-72d2-9f98-729d-2ae0cf52ed88
1994-T.67;af18cc7a-fa8f-11e2-8e56-9f72c6160288;04bba9d3-41fd-1d69-a8b6-d0f697c9ff2b
1994-T.68;af18cc7a-fa8f-11e2-8e56-9f72c6160288;7365bad9-d712-4cc0-b2f5-4b3a02a7b816
1994-T.69;af18cc7a-fa8f-11e2-8e56-9f72c6160288;73a031e7-e518-2c76-9a3e-a3efa77b5ae1
1994-T.6a;af18cc7a-fa8f-11e2-8e56-9f72c6160288;2b08eb48-19be-9c93-aa0d-98f5054a7eb1
1994-T.7;af18cc7a-fa8f-11e2-8e56-9f72c6160288;2e6e1ebe-3687-2bf8-03fd-cf525309ae15
1994-T.70;af18cc7a-fa8f-11e2-8e56-9f72c6160288;0d24ee37-f649-797a-189a-46925727c218
1994-T.71;af18cc7a-fa8f-11e2-8e56-9f72c6160288;6fbb6b40-54c9-a86e-dfbd-5c38c5215805
1994-T.72;af18cc7a-fa8f-11e2-8e56-9f72c6160288;eeabd089-c287-574e-9610-0c93e79a0417
1994-T.73;af18cc7a-fa8f-11e2-8e56-9f72c6160288;e4695d74-228b-599d-1dce-a3606b2e0858
1994-T.74;af18cc7a-fa8f-11e2-8e56-9f72c6160288;e75dcf75-678f-c0ce-779e-5ba11f084623
1994-T.75;af18cc7a-fa8f-11e2-8e56-9f72c6160288;3419154b-ae47-9b80-9ca8-607eed069d61
1994-T.76;af18cc7a-fa8f-11e2-8e56-9f72c6160288;07e136c4-2a41-de95-a682-13b60700895c
1994-T.77;af18cc7a-fa8f-11e2-8e56-9f72c6160288;621a2328-aea5-fc77-862a-7d168651dc61
1994-T.78;af18cc7a-fa8f-11e2-8e56-9f72c6160288;9998ed71-1d03-eed3-9126-023abafd72e8
1994-T.79;af18cc7a-fa8f-11e2-8e56-9f72c6160288;42c0b40b-111b-8246-3df7-3248f536af93
1994-T.8;af18cc7a-fa8f-11e2-8e56-9f72c6160288;9ffad0c3-abd7-ead8-613c-5c74ae6ab785
1994-T.80;af18cc7a-fa8f-11e2-8e56-9f72c6160288;dcad025a-0208-1d36-64c9-abb7d6f82aff
1994-T.81;af18cc7a-fa8f-11e2-8e56-9f72c6160288;5c514448-3822-a8d0-05b4-e3d483888b53
1994-T.82;af18cc7a-fa8f-11e2-8e56-9f72c6160288;637a81ae-457b-e9bf-b125-c488fc03ecee
1994-T.83;af18cc7a-fa8f-11e2-8e56-9f72c6160288;2fd71a71-8b02-ba9f-e082-4d77cfdbe1e8
1994-T.84;af18cc7a-fa8f-11e2-8e56-9f72c6160288;d9f575bc-794f-332e-170a-1241e0beba88
1994-T.85;af18cc7a-fa8f-11e2-8e56-9f72c6160288;9f266a80-1b80-6931-a3eb-07fb1a5b7800
1994-T.86;af18cc7a-fa8f-11e2-8e56-9f72c6160288;ac99d384-767e-fe26-d5f9-843d308212d1
1994-T.87;af18cc7a-fa8f-11e2-8e56-9f72c6160288;6670dcaf-ba6f-e3dd-ac0c-e8fd4557e28e
1994-T.88;af18cc7a-fa8f-11e2-8e56-9f72c6160288;81c92d75-2fb1-2841-f650-fe072d025592
1994-T.89;af18cc7a-fa8f-11e2-8e56-9f72c6160288;a6db6aa3-917e-9bf0-3326-b754480e5341
1994-T.89A;af18cc7a-fa8f-11e2-8e56-9f72c6160288;9179380f-88f6-1b8d-1779-f9a95d161de8
1994-T.9;af18cc7a-fa8f-11e2-8e56-9f72c6160288;41f0abaf-d63e-9395-17ad-9b913b9f8484
1994-T.90;af18cc7a-fa8f-11e2-8e56-9f72c6160288;aeb0e414-60b3-7e0d-e193-ca5f42aed7e6
1994-T.91;af18cc7a-fa8f-11e2-8e56-9f72c6160288;c331b8fc-74e7-c1d7-2d08-b9c184a04684
1994-T.92;af18cc7a-fa8f-11e2-8e56-9f72c6160288;32596267-5e53-759e-2158-0faee2a6e92b
1994-T.93;af18cc7a-fa8f-11e2-8e56-9f72c6160288;9a5ee3a1-9011-2366-b240-748503e02f88
1994-T.94;af18cc7a-fa8f-11e2-8e56-9f72c6160288;597235c6-99c8-7737-223b-752bdb30303a
1994-T.95;af18cc7a-fa8f-11e2-8e56-9f72c6160288;7119bf93-5817-4af5-26a3-37e038ac18ee
1994-T.96;af18cc7a-fa8f-11e2-8e56-9f72c6160288;a094c2c1-7fee-2cab-748b-79d6fb95d511
1994-T.97;af18cc7a-fa8f-11e2-8e56-9f72c6160288;272441fa-75ca-1be4-1ded-e68aeb667979
1994-T.98;af18cc7a-fa8f-11e2-8e56-9f72c6160288;c9e79993-e8da-4ae0-a368-84ca26b505ae
1994-T.99;af18cc7a-fa8f-11e2-8e56-9f72c6160288;b5f2c97f-58dc-2f9b-1441-b41bc7f02292
1995-T.1;af18cc7a-fa8f-11e2-8e56-9f72c6160288;495b32f5-6eed-6340-a8e3-4681ea7b6a98
1995-T.10;af18cc7a-fa8f-11e2-8e56-9f72c6160288;db27910c-4f8f-ae6a-a1d1-68e2e1579c6a
1995-T.11;af18cc7a-fa8f-11e2-8e56-9f72c6160288;c35f9506-1e2c-d269-37bb-1cecf42036de
1995-T.12;af18cc7a-fa8f-11e2-8e56-9f72c6160288;5ab886f0-e472-a662-622b-a7443dec3b83
1995-T.13;af18cc7a-fa8f-11e2-8e56-9f72c6160288;23ce7181-60a1-56a5-feea-ba6084cc18fa
1995-T.14;af18cc7a-fa8f-11e2-8e56-9f72c6160288;46325399-f56d-a7ce-307e-51bbd13caa8a
1995-T.15;af18cc7a-fa8f-11e2-8e56-9f72c6160288;4df7a18b-cc47-eac5-84d5-fc0a101803be
1995-T.16;af18cc7a-fa8f-11e2-8e56-9f72c6160288;3149545e-c3cf-d7ef-df90-aa519790657a
1995-T.17;af18cc7a-fa8f-11e2-8e56-9f72c6160288;fb6c8ef3-7ca3-26f4-08f9-69fe0cc22967
1995-T.18;af18cc7a-fa8f-11e2-8e56-9f72c6160288;b5b2faf5-3dc5-4eb7-6070-ec7bb9f2529a
1995-T.2;af18cc7a-fa8f-11e2-8e56-9f72c6160288;6828f432-abf0-e313-8146-325ea50afecb
1995-T.3;af18cc7a-fa8f-11e2-8e56-9f72c6160288;1de6b075-7a60-28d2-9d06-7b97af7ae855
1995-T.4;af18cc7a-fa8f-11e2-8e56-9f72c6160288;94154b11-3740-2abb-5f7b-21897a672514
1995-T.5;af18cc7a-fa8f-11e2-8e56-9f72c6160288;db5391a4-8176-9c97-1cf0-02f17841a48d
1995-T.6;af18cc7a-fa8f-11e2-8e56-9f72c6160288;955fdbb3-0701-a116-d0c2-f411cb831d51
1995-T.7;af18cc7a-fa8f-11e2-8e56-9f72c6160288;4256f848-0705-4ed1-883d-66f9354de5ca
1995-T.8;af18cc7a-fa8f-11e2-8e56-9f72c6160288;469ca42c-2869-0344-20bd-267daa176b67
1995-T.9;af18cc7a-fa8f-11e2-8e56-9f72c6160288;9b868a00-c3c7-6c61-1ce9-6f0115347c50
1996-T.1;af18cc7a-fa8f-11e2-8e56-9f72c6160288;5a45a4aa-ef09-325f-ff11-4179dc7e4b49
1996-T.10;af18cc7a-fa8f-11e2-8e56-9f72c6160288;7083062f-f85a-7dce-2a56-68f3d2bc6844
1996-T.11;af18cc7a-fa8f-11e2-8e56-9f72c6160288;46ca7fc2-3036-23db-de23-58aa58bb0b49
1996-T.12;af18cc7a-fa8f-11e2-8e56-9f72c6160288;5083806c-72de-e8f7-1eaf-2e942209e878
1996-T.13;af18cc7a-fa8f-11e2-8e56-9f72c6160288;b26fde7b-04b0-b568-96ab-ed8ca16db026
1996-T.14;af18cc7a-fa8f-11e2-8e56-9f72c6160288;89faf95b-0807-0d03-20a4-9920a845154b
1996-T.15;af18cc7a-fa8f-11e2-8e56-9f72c6160288;fabcdbe8-5dd9-518e-a6c2-165d3c4aef99
1996-T.16;af18cc7a-fa8f-11e2-8e56-9f72c6160288;67c25e35-69e7-ad8e-f7b9-9a6f28155289
1996-T.17;af18cc7a-fa8f-11e2-8e56-9f72c6160288;52af4d9b-6c32-420e-c7ea-f258ef3cb86b
1996-T.18(01);af18cc7a-fa8f-11e2-8e56-9f72c6160288;da8e3432-b4b5-43d0-2e26-24cdfdfafd6d
1996-T.18(01/33);af18cc7a-fa8f-11e2-8e56-9f72c6160288;5939e2d0-6f15-0864-df38-d87a87ac4b4b
1996-T.18(02);af18cc7a-fa8f-11e2-8e56-9f72c6160288;1dcd5cd3-1d6d-a030-f6b0-e4353ecc13cd
1996-T.18(03);af18cc7a-fa8f-11e2-8e56-9f72c6160288;35928124-9b8a-b771-a9e1-10e39c616126
1996-T.18(04);af18cc7a-fa8f-11e2-8e56-9f72c6160288;22684082-eaa5-a2ec-1f94-ff8d790d910a
1996-T.18(05);af18cc7a-fa8f-11e2-8e56-9f72c6160288;6d061ffa-d47f-dccd-d1fd-8d80b60e03d6
1996-T.18(06);af18cc7a-fa8f-11e2-8e56-9f72c6160288;4ecd75df-2f6f-7fd0-dc53-f1266a295973
1996-T.18(07);af18cc7a-fa8f-11e2-8e56-9f72c6160288;bf9b7137-e186-3787-5e58-bb460c814570
1996-T.18(08);af18cc7a-fa8f-11e2-8e56-9f72c6160288;54da3c97-f1b7-85ca-af0e-f8e19a2cbe75
1996-T.18(09);af18cc7a-fa8f-11e2-8e56-9f72c6160288;ac9f35c7-f264-a110-cfd3-86467d3b1c9f
1996-T.18(10);af18cc7a-fa8f-11e2-8e56-9f72c6160288;7f292e19-9363-8509-ffe6-b2167541ab75
1996-T.18(11);af18cc7a-fa8f-11e2-8e56-9f72c6160288;c13374c4-87ca-2ccd-51f6-eff8c50d0b4c
1996-T.18(12);af18cc7a-fa8f-11e2-8e56-9f72c6160288;33f63e89-b649-be86-b2ce-31882a358a48
1996-T.18(13);af18cc7a-fa8f-11e2-8e56-9f72c6160288;5e9abefe-aa3d-f139-52b8-8db922cd24ba
1996-T.18(14);af18cc7a-fa8f-11e2-8e56-9f72c6160288;f8e8f9f0-7258-8e5c-f131-e38b8453cddf
1996-T.18(15);af18cc7a-fa8f-11e2-8e56-9f72c6160288;fe54ffb7-dc4f-3184-3790-7bf41e2f1a34
1996-T.18(16);af18cc7a-fa8f-11e2-8e56-9f72c6160288;b6b48c39-96cf-90be-8672-13ef86cc7de8
1996-T.18(17);af18cc7a-fa8f-11e2-8e56-9f72c6160288;e49c9910-e688-b60c-0d37-5eeb20e7e91c
1996-T.18(18);af18cc7a-fa8f-11e2-8e56-9f72c6160288;f19d4e6b-58e7-2c32-47ce-d18120d75ade
1996-T.18(19);af18cc7a-fa8f-11e2-8e56-9f72c6160288;f3e69769-2e06-6c93-43c7-86c98dd7bc0b
1996-T.18(20);af18cc7a-fa8f-11e2-8e56-9f72c6160288;f245be6a-ccd2-3c1f-4fb6-16c3943f2ef9
1996-T.18(21);af18cc7a-fa8f-11e2-8e56-9f72c6160288;570ee527-3b39-911c-3370-764293c464ef
1996-T.18(22);af18cc7a-fa8f-11e2-8e56-9f72c6160288;d1dbf2e0-2e96-e6ba-9a26-ac7f0295053b
1996-T.18(23);af18cc7a-fa8f-11e2-8e56-9f72c6160288;dfb3092d-3455-4485-1305-7229dd849c74
1996-T.18(24);af18cc7a-fa8f-11e2-8e56-9f72c6160288;41530ab7-4bc6-c9ea-de1c-f51562707146
1996-T.18(25);af18cc7a-fa8f-11e2-8e56-9f72c6160288;93bf0856-e2f2-3850-b1cf-2e3459948a04
1996-T.18(26);af18cc7a-fa8f-11e2-8e56-9f72c6160288;7061b353-e841-e584-436a-e4d4f44a41f5
1996-T.18(27);af18cc7a-fa8f-11e2-8e56-9f72c6160288;957347f3-0898-b36a-5fdd-57058a7f15e7
1996-T.18(28);af18cc7a-fa8f-11e2-8e56-9f72c6160288;3716690b-b34f-71d5-23aa-b204aefab2ca
1996-T.18(29);af18cc7a-fa8f-11e2-8e56-9f72c6160288;71b87745-28e8-e37b-30f0-dcc80c2005f5
1996-T.18(30);af18cc7a-fa8f-11e2-8e56-9f72c6160288;a6297d4b-3916-9632-636c-fbf2b57b1d87
1996-T.18(31);af18cc7a-fa8f-11e2-8e56-9f72c6160288;a61e3266-6df8-4263-01c0-db4eba5142a9
1996-T.18(32);af18cc7a-fa8f-11e2-8e56-9f72c6160288;32ee33b6-98e4-805c-be60-34a8b817fb4d
1996-T.18(33);af18cc7a-fa8f-11e2-8e56-9f72c6160288;29f50d86-c5c8-3030-201c-3830367d0a68
1996-T.19;af18cc7a-fa8f-11e2-8e56-9f72c6160288;329786df-ee74-6657-f6f4-0c0470679f1a
1996-T.2;af18cc7a-fa8f-11e2-8e56-9f72c6160288;ed2cca69-ed79-07bc-769b-01a06e4804f0
1996-T.20;af18cc7a-fa8f-11e2-8e56-9f72c6160288;8aac7db4-e7e5-b7c1-7a69-7c50b82a83bc
1996-T.21;af18cc7a-fa8f-11e2-8e56-9f72c6160288;4c139518-a82e-9ead-fed8-d3372d9b4b8e
1996-T.22;af18cc7a-fa8f-11e2-8e56-9f72c6160288;3aefa3c7-0bc5-7d60-8cff-3682abfa4627
1996-T.23;af18cc7a-fa8f-11e2-8e56-9f72c6160288;405badea-936d-a965-98a3-f72c99ddca3c
1996-T.24;af18cc7a-fa8f-11e2-8e56-9f72c6160288;d9193d4f-fffc-8b7e-a88e-3a09a24589d7
1996-T.25;af18cc7a-fa8f-11e2-8e56-9f72c6160288;35db2f70-d8c7-f47d-97d2-6b717d939914
1996-T.26;af18cc7a-fa8f-11e2-8e56-9f72c6160288;a43f4eff-37f0-9efd-dc55-561b83781ba1
1996-T.27;af18cc7a-fa8f-11e2-8e56-9f72c6160288;915f3b85-bc42-ef92-bd73-3df5b7426bcf
1996-T.28;af18cc7a-fa8f-11e2-8e56-9f72c6160288;06c9115e-d499-d6e2-6d58-f8c600a81f16
1996-T.3;af18cc7a-fa8f-11e2-8e56-9f72c6160288;e3723478-3f2a-c3f2-de6c-68295c07bfa5
1996-T.4;af18cc7a-fa8f-11e2-8e56-9f72c6160288;05a678d8-5acc-c607-8529-17a13e846e9c
1996-T.5;af18cc7a-fa8f-11e2-8e56-9f72c6160288;e012b543-1d76-adbd-7021-ff60cd8f813e
1996-T.6;af18cc7a-fa8f-11e2-8e56-9f72c6160288;66b3a43a-284b-4cf8-254a-2b9018c7a5d6
1996-T.7;af18cc7a-fa8f-11e2-8e56-9f72c6160288;dfcd2fef-d415-48b6-0b15-6e70608b6229
1996-T.8;af18cc7a-fa8f-11e2-8e56-9f72c6160288;a0a3c821-24bc-0623-e331-7303a366ebc9
1996-T.9;af18cc7a-fa8f-11e2-8e56-9f72c6160288;1a40f8f6-b1e8-f02f-0d60-d78306fccb68
1997;af18cc7a-fa8f-11e2-8e56-9f72c6160288;4f277a74-fab6-c0e3-0d48-c7445235749c
1997-T.1;af18cc7a-fa8f-11e2-8e56-9f72c6160288;1578e6be-7d59-8320-1d36-b99a0a6030aa
1997-T.10;af18cc7a-fa8f-11e2-8e56-9f72c6160288;e93da464-79bb-9317-1c9e-797a8972bb23
1997-T.11;af18cc7a-fa8f-11e2-8e56-9f72c6160288;a152ff9b-85a5-c3a9-1122-1f6715788997
1997-T.12;af18cc7a-fa8f-11e2-8e56-9f72c6160288;b45d5d38-c32c-3fd9-552d-3eaaab095ae4
1997-T.13;af18cc7a-fa8f-11e2-8e56-9f72c6160288;2ba901cb-6626-4d1e-c460-1ba66f555e5c
1997-T.14;af18cc7a-fa8f-11e2-8e56-9f72c6160288;1a760ddd-1266-1124-f360-446c75ea625f
1997-T.15;af18cc7a-fa8f-11e2-8e56-9f72c6160288;8a6585be-e2a0-0132-e242-9fb0b2ad22bf
1997-T.16;af18cc7a-fa8f-11e2-8e56-9f72c6160288;641e83dc-a214-ba9c-1e74-7f64cded9a97
1997-T.17;af18cc7a-fa8f-11e2-8e56-9f72c6160288;a45bd565-0325-9b08-bead-5e9424f107b4
1997-T.18;af18cc7a-fa8f-11e2-8e56-9f72c6160288;df1a977d-011d-3ecb-43dd-d968b9a69c40
1997-T.19;af18cc7a-fa8f-11e2-8e56-9f72c6160288;c9b53fe1-7db7-bc82-09ec-384e3ce78740
1997-T.2;af18cc7a-fa8f-11e2-8e56-9f72c6160288;6a7102bc-5357-f6d7-7450-b58262061746
1997-T.20;af18cc7a-fa8f-11e2-8e56-9f72c6160288;12964fda-aab5-8430-40aa-96ff3c82551f
1997-T.3;af18cc7a-fa8f-11e2-8e56-9f72c6160288;115fad6d-4033-c78a-f7a9-c200eb203078
1997-T.4;af18cc7a-fa8f-11e2-8e56-9f72c6160288;f5554d81-1544-7a1f-d997-3b42dc7d7b86
1997-T.5;af18cc7a-fa8f-11e2-8e56-9f72c6160288;067025ce-d6ee-8f0e-45ba-b96b8751cf54
1997-T.6;af18cc7a-fa8f-11e2-8e56-9f72c6160288;ddbe7326-7981-0761-6c55-b6be620f0fef
1997-T.7;af18cc7a-fa8f-11e2-8e56-9f72c6160288;bc38a7f8-9a79-f779-6670-f6c1fa774bd4
1997-T.8;af18cc7a-fa8f-11e2-8e56-9f72c6160288;5e277934-19d4-6f8f-8ac6-d766561f64d3
1997-T.9;af18cc7a-fa8f-11e2-8e56-9f72c6160288;9c6b6dd8-90aa-fbba-805d-9b472e0f7e5e
1998 (lost);af18cc7a-fa8f-11e2-8e56-9f72c6160288;
1998-T.1;af18cc7a-fa8f-11e2-8e56-9f72c6160288;2ec3b4ec-eda3-5c32-9a3d-335c392c30b1
1998-T.10;af18cc7a-fa8f-11e2-8e56-9f72c6160288;58256c98-b6bb-b582-3ded-e3496b80083c
1998-T.100;af18cc7a-fa8f-11e2-8e56-9f72c6160288;1c48b29f-9d01-6e1d-893e-9c93d1bf235a
1998-T.101;af18cc7a-fa8f-11e2-8e56-9f72c6160288;86e0aa8f-8d86-064a-9c01-4a0602ef4374
1998-T.102;af18cc7a-fa8f-11e2-8e56-9f72c6160288;c43f0625-4d8b-e9f6-07e5-9fbaca5fe521
1998-T.103;af18cc7a-fa8f-11e2-8e56-9f72c6160288;15f13bf6-6b82-3527-a06e-c8165fdd56a0
1998-T.104;af18cc7a-fa8f-11e2-8e56-9f72c6160288;b1e0790c-1b93-e8c9-c3a5-724e13528792
1998-T.105;af18cc7a-fa8f-11e2-8e56-9f72c6160288;666d24bc-81cf-453a-d46f-0ace80f59ea9
1998-T.106;af18cc7a-fa8f-11e2-8e56-9f72c6160288;d86739f0-72e7-39c9-b93f-cb3a97a8a613
1998-T.107;af18cc7a-fa8f-11e2-8e56-9f72c6160288;7d8d42f7-e0d0-bacf-b0d2-9819cd25a71a
1998-T.108;af18cc7a-fa8f-11e2-8e56-9f72c6160288;a3e8b648-85cf-bf95-e94b-ff0b579c4d55
1998-T.109;af18cc7a-fa8f-11e2-8e56-9f72c6160288;dc177e24-472e-19b5-6ee7-7f04b0c34329
1998-T.11;af18cc7a-fa8f-11e2-8e56-9f72c6160288;db2bd851-7940-3a3f-8902-bf765080b112
1998-T.110;af18cc7a-fa8f-11e2-8e56-9f72c6160288;e4c26273-06a3-f98d-cc66-61314d9e7050
1998-T.111;af18cc7a-fa8f-11e2-8e56-9f72c6160288;31efbdb7-45da-ba80-d861-36c2d7d50ad0
1998-T.112;af18cc7a-fa8f-11e2-8e56-9f72c6160288;a8295f6e-487b-7a78-00b4-005faf99d7a5
1998-T.113;af18cc7a-fa8f-11e2-8e56-9f72c6160288;0b97205d-4b98-0a14-2d7e-ee411be4f545
1998-T.114;af18cc7a-fa8f-11e2-8e56-9f72c6160288;63b41de1-f442-14ed-7e50-69d6caf57943
1998-T.115;af18cc7a-fa8f-11e2-8e56-9f72c6160288;8336e993-8253-5639-e01b-6d880aba9094
1998-T.116;af18cc7a-fa8f-11e2-8e56-9f72c6160288;977dc605-7ab2-65f8-8323-fd3676585e6f
1998-T.117;af18cc7a-fa8f-11e2-8e56-9f72c6160288;f1140698-e3af-1b9b-aad2-3e34f3cae1e5
1998-T.118;af18cc7a-fa8f-11e2-8e56-9f72c6160288;cfff8b9c-5304-3423-ee41-dd77d62df9ad
1998-T.119;af18cc7a-fa8f-11e2-8e56-9f72c6160288;95306d28-c5d6-772f-54bc-529543cc1571
1998-T.12;af18cc7a-fa8f-11e2-8e56-9f72c6160288;c930e115-1538-6245-8ae9-4ffd9179a01c
1998-T.120;af18cc7a-fa8f-11e2-8e56-9f72c6160288;19a8781a-d2ca-5539-6f33-8c82bb986325
1998-T.121;af18cc7a-fa8f-11e2-8e56-9f72c6160288;64a67b6d-1ccc-112b-6b9c-7c82a2c49076
1998-T.122;af18cc7a-fa8f-11e2-8e56-9f72c6160288;8eaf35ff-26db-3fc1-5f34-1d09c8d952d2
1998-T.123;af18cc7a-fa8f-11e2-8e56-9f72c6160288;a119f063-a743-5ecb-cebf-f2479ffeed03
1998-T.124;af18cc7a-fa8f-11e2-8e56-9f72c6160288;56eb1369-384a-5ae8-ecc8-f427d6f6751a
1998-T.125;af18cc7a-fa8f-11e2-8e56-9f72c6160288;d59ff83b-c68c-d2b5-7118-148f03c23c4b
1998-T.126;af18cc7a-fa8f-11e2-8e56-9f72c6160288;fd748428-0c51-afa3-41b4-4961e7068411
1998-T.127;af18cc7a-fa8f-11e2-8e56-9f72c6160288;fc4643e9-f3c5-b8e6-ceba-88bbea71cb40
1998-T.128;af18cc7a-fa8f-11e2-8e56-9f72c6160288;8576d4b4-8a0c-9402-99e3-c756e4c85f7f
1998-T.129;af18cc7a-fa8f-11e2-8e56-9f72c6160288;193db01b-42ee-b2c5-8a97-01ed4cbfabe8
1998-T.13;af18cc7a-fa8f-11e2-8e56-9f72c6160288;222ed654-6c98-d7c5-a636-832e45684bed
1998-T.130;af18cc7a-fa8f-11e2-8e56-9f72c6160288;da75beca-4904-89c1-671e-88f5b3fb5f23
1998-T.131;af18cc7a-fa8f-11e2-8e56-9f72c6160288;ac6d53a3-e1dc-844b-654b-1e7164f22321
1998-T.132;af18cc7a-fa8f-11e2-8e56-9f72c6160288;dcea1748-b2b8-9818-ae16-053c47e45c3e
1998-T.133;af18cc7a-fa8f-11e2-8e56-9f72c6160288;900b1486-e8f6-3e06-af90-234f7b495005
1998-T.134;af18cc7a-fa8f-11e2-8e56-9f72c6160288;28bb7fdc-d79c-9fef-0565-bff96d030d02
1998-T.135;af18cc7a-fa8f-11e2-8e56-9f72c6160288;7573522f-80cb-0a90-c9ce-3eb236e90e37
1998-T.136;af18cc7a-fa8f-11e2-8e56-9f72c6160288;c1abcbf8-d141-a4a6-4997-0eec66b7172d
1998-T.137;af18cc7a-fa8f-11e2-8e56-9f72c6160288;fe7c985c-d0a1-7673-1770-39e3a8f6fa6f
1998-T.138;af18cc7a-fa8f-11e2-8e56-9f72c6160288;9649b5de-c097-68c1-6b3d-8d9b64d93a5a
1998-T.139;af18cc7a-fa8f-11e2-8e56-9f72c6160288;698307d8-1c01-9f24-2886-8a6daaa4a440
1998-T.14;af18cc7a-fa8f-11e2-8e56-9f72c6160288;974f22af-7e34-9727-0332-b899524a3780
1998-T.140;af18cc7a-fa8f-11e2-8e56-9f72c6160288;c40a06bf-0939-3c74-aee1-5b1ddcc9ce3d
1998-T.141;af18cc7a-fa8f-11e2-8e56-9f72c6160288;d98f116a-aa0c-5108-ecce-fadce9ab2134
1998-T.142;af18cc7a-fa8f-11e2-8e56-9f72c6160288;98f65de9-33a7-4fb6-5c8e-532e27829fed
1998-T.143;af18cc7a-fa8f-11e2-8e56-9f72c6160288;8cec81b7-5634-f9b8-0e7a-233917fcebab
1998-T.144;af18cc7a-fa8f-11e2-8e56-9f72c6160288;57934675-d14f-4bef-fdc8-5563ab18e1f0
1998-T.145;af18cc7a-fa8f-11e2-8e56-9f72c6160288;6e98f40d-a79a-254a-7763-002a08589f23
1998-T.146;af18cc7a-fa8f-11e2-8e56-9f72c6160288;024e508f-bcb8-dc55-9ff2-506ab6fc0b15
1998-T.147;af18cc7a-fa8f-11e2-8e56-9f72c6160288;f0265635-bc4b-bb03-5878-f362d0a5f512
1998-T.148;af18cc7a-fa8f-11e2-8e56-9f72c6160288;e2899668-0bf3-d0b5-38f7-647bc10ac83d
1998-T.149;af18cc7a-fa8f-11e2-8e56-9f72c6160288;f578e388-3373-7402-8c75-a7285fcb3004
1998-T.15;af18cc7a-fa8f-11e2-8e56-9f72c6160288;4d5d545d-fda4-920f-278a-8a57c9567d6e
1998-T.150;af18cc7a-fa8f-11e2-8e56-9f72c6160288;607d4407-2f88-695f-ac43-3780c22b3747
1998-T.151;af18cc7a-fa8f-11e2-8e56-9f72c6160288;c5c37338-bbd7-48b5-e0d6-45839e4f54c6
1998-T.152;af18cc7a-fa8f-11e2-8e56-9f72c6160288;f3564493-b6e4-ed72-0399-980477e19acd
1998-T.153;af18cc7a-fa8f-11e2-8e56-9f72c6160288;4b71ddf2-e027-13bd-de4d-45ae8ed046a3
1998-T.154;af18cc7a-fa8f-11e2-8e56-9f72c6160288;aa0497ef-946b-aee4-8f76-3bbb1411b8ac
1998-T.155;af18cc7a-fa8f-11e2-8e56-9f72c6160288;2d7c35cd-528d-7675-15a9-c695677068a6
1998-T.156;af18cc7a-fa8f-11e2-8e56-9f72c6160288;df1f5dc9-dd7c-39c2-4081-752e2d745fd0
1998-T.157;af18cc7a-fa8f-11e2-8e56-9f72c6160288;a7b23d5b-7d7a-0eac-e0af-4ea4897d45b1
1998-T.158;af18cc7a-fa8f-11e2-8e56-9f72c6160288;8fa11a68-4157-e80a-9460-00edc81bdd68
1998-T.159;af18cc7a-fa8f-11e2-8e56-9f72c6160288;093c5909-7f39-2492-dd41-bf3ea8556236
1998-T.16;af18cc7a-fa8f-11e2-8e56-9f72c6160288;9e804a51-4d82-a37a-512b-5206d3120bf7
1998-T.160;af18cc7a-fa8f-11e2-8e56-9f72c6160288;cb328cdb-a580-e227-ce8e-189587247aa2
1998-T.161;af18cc7a-fa8f-11e2-8e56-9f72c6160288;d59be89c-8aa0-ee68-0b34-398c2a742c7d
1998-T.162;af18cc7a-fa8f-11e2-8e56-9f72c6160288;bd406f1f-62eb-ed90-7cd0-b65030fc76f4
1998-T.163;af18cc7a-fa8f-11e2-8e56-9f72c6160288;2e7d7abe-8745-86a6-7c2a-a8fff965f568
1998-T.164;af18cc7a-fa8f-11e2-8e56-9f72c6160288;0ac48364-11a4-f1f2-8a81-b092eb7c757b
1998-T.165;af18cc7a-fa8f-11e2-8e56-9f72c6160288;b6440e74-d8b7-7e91-5849-0722797f31e6
1998-T.166;af18cc7a-fa8f-11e2-8e56-9f72c6160288;e69d742b-4bd8-97ae-4172-e104795a74eb
1998-T.167;af18cc7a-fa8f-11e2-8e56-9f72c6160288;2885db0c-0f57-5659-25e9-a1def3e1cf94
1998-T.168;af18cc7a-fa8f-11e2-8e56-9f72c6160288;d38fa6a4-308f-73bc-c803-fbc7f4e8e961
1998-T.169;af18cc7a-fa8f-11e2-8e56-9f72c6160288;8678001c-1211-35dd-8548-7c9a86fe60ee
1998-T.17;af18cc7a-fa8f-11e2-8e56-9f72c6160288;e79d9dea-956a-5ba3-7181-90bdc50a2ff1
1998-T.170;af18cc7a-fa8f-11e2-8e56-9f72c6160288;f2ca54ef-69bf-cdb0-76e5-9dbc798594b4
1998-T.171;af18cc7a-fa8f-11e2-8e56-9f72c6160288;ac9fc215-6d28-a75a-a250-4745120f45b0
1998-T.172;af18cc7a-fa8f-11e2-8e56-9f72c6160288;78f42b37-9150-9905-a9b2-95c846ef55c8
1998-T.173;af18cc7a-fa8f-11e2-8e56-9f72c6160288;0c1849ec-28e7-bf85-6990-685b375bacd6
1998-T.174;af18cc7a-fa8f-11e2-8e56-9f72c6160288;43b9cb6c-bc76-a000-be67-96f593e864d9
1998-T.175;af18cc7a-fa8f-11e2-8e56-9f72c6160288;e6a7928c-df92-f40b-fc36-ef2c0e45e228
1998-T.176;af18cc7a-fa8f-11e2-8e56-9f72c6160288;5a21241b-4cb9-3d0d-8aaf-572ec04bb95f
1998-T.177;af18cc7a-fa8f-11e2-8e56-9f72c6160288;22c2502a-9c25-cd59-41e1-3bede3b1ede2
1998-T.178;af18cc7a-fa8f-11e2-8e56-9f72c6160288;257933ac-3a4f-f1b7-8bdc-5c2725c45142
1998-T.179;af18cc7a-fa8f-11e2-8e56-9f72c6160288;9dbd82d1-7bfe-940c-ad5d-b3a3a72f579f
1998-T.18;af18cc7a-fa8f-11e2-8e56-9f72c6160288;56dda275-e8a2-7bd9-7c7f-cc7337ec31f1
1998-T.180;af18cc7a-fa8f-11e2-8e56-9f72c6160288;007e63db-4510-4a5e-29c4-a2f0d56a0fab
1998-T.181;af18cc7a-fa8f-11e2-8e56-9f72c6160288;5375e066-4174-58eb-c10a-1df83fa69330
1998-T.182;af18cc7a-fa8f-11e2-8e56-9f72c6160288;1b7b95a2-5c5d-8c08-d221-2f073c2d02d9
1998-T.183;af18cc7a-fa8f-11e2-8e56-9f72c6160288;985792b1-c3f4-6082-a1a1-5d45c7a7501c
1998-T.184;af18cc7a-fa8f-11e2-8e56-9f72c6160288;e9b3b459-84ed-5eca-3572-5156861549ff
1998-T.185;af18cc7a-fa8f-11e2-8e56-9f72c6160288;a67706da-980c-cdea-8886-f7192d48949e
1998-T.186;af18cc7a-fa8f-11e2-8e56-9f72c6160288;8d8d046d-8358-2f28-21f4-9b0108fc8ef9
1998-T.187;af18cc7a-fa8f-11e2-8e56-9f72c6160288;1603d6b1-e67c-2fa0-e010-146a241b3c8e
1998-T.188;af18cc7a-fa8f-11e2-8e56-9f72c6160288;084fccf9-baff-cbb2-7e34-043b899385c0
1998-T.189;af18cc7a-fa8f-11e2-8e56-9f72c6160288;7f6688c7-6e78-caf7-0391-6aefd2a7098f
1998-T.19;af18cc7a-fa8f-11e2-8e56-9f72c6160288;0e718376-b729-10df-06c3-7d70968d6332
1998-T.190;af18cc7a-fa8f-11e2-8e56-9f72c6160288;74f38a76-6594-9067-2217-87a144a3996b
1998-T.191;af18cc7a-fa8f-11e2-8e56-9f72c6160288;2efba7f5-9d30-091a-870f-3b6e88b6b653
1998-T.192;af18cc7a-fa8f-11e2-8e56-9f72c6160288;888d145b-f9c2-09ff-1a3a-4e04f5ed3c56
1998-T.193;af18cc7a-fa8f-11e2-8e56-9f72c6160288;af98d6dd-ee00-7856-902e-0b306bc93b26
1998-T.194;af18cc7a-fa8f-11e2-8e56-9f72c6160288;f2eedee8-be94-f225-a11d-fc1790f01343
1998-T.195;af18cc7a-fa8f-11e2-8e56-9f72c6160288;986a91a1-151b-e4ae-7db7-bf0f3f59d245
1998-T.196;af18cc7a-fa8f-11e2-8e56-9f72c6160288;9bb173ea-18bd-ca3d-5b95-10c1c2cdbd39
1998-T.197;af18cc7a-fa8f-11e2-8e56-9f72c6160288;d60c24cb-44da-c0c7-5bf4-d74a3626246d
1998-T.198;af18cc7a-fa8f-11e2-8e56-9f72c6160288;fed69ceb-ac5d-3c5f-00e0-60cd609b6cb0
1998-T.199;af18cc7a-fa8f-11e2-8e56-9f72c6160288;56a6f019-0d77-c6f1-b3be-6c50ca7ad0fb
1998-T.2;af18cc7a-fa8f-11e2-8e56-9f72c6160288;d235ec9b-eb50-7f4f-9548-62f4d71c9d59
1998-T.20;af18cc7a-fa8f-11e2-8e56-9f72c6160288;eabdb854-5cc0-28dc-9101-07da7d384514
1998-T.200;af18cc7a-fa8f-11e2-8e56-9f72c6160288;1f5d147d-3c85-4126-8509-3745fa5a5e1c
1998-T.201;af18cc7a-fa8f-11e2-8e56-9f72c6160288;56be14e3-e3d5-9f9d-2933-8e51b42f52f8
1998-T.202;af18cc7a-fa8f-11e2-8e56-9f72c6160288;62502a32-e147-ce66-06d0-402bb5b68413
1998-T.203;af18cc7a-fa8f-11e2-8e56-9f72c6160288;9587c10d-e020-330b-908b-f0c0aa85db01
1998-T.204;af18cc7a-fa8f-11e2-8e56-9f72c6160288;c8a55656-4d00-85a6-e4ce-8c5de28c6983
1998-T.205;af18cc7a-fa8f-11e2-8e56-9f72c6160288;1fbcbfad-5997-22d2-e9fc-94cc32848aa9
1998-T.206;af18cc7a-fa8f-11e2-8e56-9f72c6160288;05da4ee3-1716-d81c-7a30-fad7df206460
1998-T.207;af18cc7a-fa8f-11e2-8e56-9f72c6160288;648589bd-c1dd-ea85-262b-3118b1f6c6f0
1998-T.208;af18cc7a-fa8f-11e2-8e56-9f72c6160288;a1b238ca-a767-a9ab-bda2-6c377f990835
1998-T.209;af18cc7a-fa8f-11e2-8e56-9f72c6160288;280b4b90-0422-3cd3-8cc1-1b88a415886d
1998-T.21;af18cc7a-fa8f-11e2-8e56-9f72c6160288;d8ff42bf-a9b4-66d3-7015-5a3a83a7677b
1998-T.210;af18cc7a-fa8f-11e2-8e56-9f72c6160288;4f508101-6b75-d2df-4bb9-0c20ae487cc2
1998-T.211;af18cc7a-fa8f-11e2-8e56-9f72c6160288;224abf0f-3fd9-85d7-3d94-53abb688a141
1998-T.212;af18cc7a-fa8f-11e2-8e56-9f72c6160288;7103c88f-0c15-52b8-facc-ee6abc6f6e5b
1998-T.213;af18cc7a-fa8f-11e2-8e56-9f72c6160288;cfa0517a-f88c-ccec-0460-e8dce2dc1fe5
1998-T.214;af18cc7a-fa8f-11e2-8e56-9f72c6160288;e49176d0-1f97-081d-de61-e60d54d01761
1998-T.215;af18cc7a-fa8f-11e2-8e56-9f72c6160288;00289bcb-b239-587b-1f2b-d074eb36a1dc
1998-T.216;af18cc7a-fa8f-11e2-8e56-9f72c6160288;b4d65050-6d56-4164-155a-4b3c09e859eb
1998-T.217;af18cc7a-fa8f-11e2-8e56-9f72c6160288;bb317091-4a05-6b35-0ed4-384e811c5e77
1998-T.218;af18cc7a-fa8f-11e2-8e56-9f72c6160288;34aa8158-72bc-9670-b641-511c80d92d03
1998-T.219;af18cc7a-fa8f-11e2-8e56-9f72c6160288;5bb3e4ad-cc45-bb4a-2d54-1e8fea5d4361
1998-T.22;af18cc7a-fa8f-11e2-8e56-9f72c6160288;4ce88e32-0ec4-91a8-f1df-9f1163a7bfa2
1998-T.220;af18cc7a-fa8f-11e2-8e56-9f72c6160288;14a36c4f-2272-86bb-c1f0-b1d94783df2a
1998-T.221;af18cc7a-fa8f-11e2-8e56-9f72c6160288;d15e1e61-f895-f9e9-b79b-00194bc48be2
1998-T.222;af18cc7a-fa8f-11e2-8e56-9f72c6160288;cd8d534c-7332-9123-80aa-b7ac6038488a
1998-T.223;af18cc7a-fa8f-11e2-8e56-9f72c6160288;4f2e6a70-1a3e-0de3-9c0d-4a6e6a8c8b6f
1998-T.224;af18cc7a-fa8f-11e2-8e56-9f72c6160288;8f095a41-f2bd-0e9b-8db6-192b93257f81
1998-T.225;af18cc7a-fa8f-11e2-8e56-9f72c6160288;99e0752c-7a03-af68-f821-ec168bc3abab
1998-T.226;af18cc7a-fa8f-11e2-8e56-9f72c6160288;c9e9736c-803b-366b-c6c7-5839438184c9
1998-T.227;af18cc7a-fa8f-11e2-8e56-9f72c6160288;ba239181-e8ff-ee24-ad45-ba1c1b0b0667
1998-T.228;af18cc7a-fa8f-11e2-8e56-9f72c6160288;4154e42e-22fb-7d9a-6cb1-ba34ee21eadb
1998-T.229;af18cc7a-fa8f-11e2-8e56-9f72c6160288;8ee78bae-67db-25ac-19a6-16cba5382764
1998-T.23;af18cc7a-fa8f-11e2-8e56-9f72c6160288;8d3ff9c4-e70e-8f9c-dd45-04af6337288a
1998-T.230;af18cc7a-fa8f-11e2-8e56-9f72c6160288;928beb9a-c83d-c9c9-f937-0e85d833fa0b
1998-T.231;af18cc7a-fa8f-11e2-8e56-9f72c6160288;e6e8bfa6-b3c8-66c8-e823-88d0aee0ecba
1998-T.232;af18cc7a-fa8f-11e2-8e56-9f72c6160288;cdf7b474-32dc-19ba-b374-cb7d4728d033
1998-T.233;af18cc7a-fa8f-11e2-8e56-9f72c6160288;ef17a694-0b0d-90ad-d67a-986ed92d6dad
1998-T.234;af18cc7a-fa8f-11e2-8e56-9f72c6160288;3ff794c8-5b14-652d-a7ba-87335ff371c0
1998-T.235;af18cc7a-fa8f-11e2-8e56-9f72c6160288;7fe1806d-769d-34f2-3cf8-27ba564248a5
1998-T.236;af18cc7a-fa8f-11e2-8e56-9f72c6160288;a332152d-c2f2-6c15-fea5-ac1ebe41773c
1998-T.237;af18cc7a-fa8f-11e2-8e56-9f72c6160288;6721317d-8f9b-5839-30d6-3bffb870a56d
1998-T.238;af18cc7a-fa8f-11e2-8e56-9f72c6160288;3ba24352-1692-0869-1960-e80df8a75a8f
1998-T.239;af18cc7a-fa8f-11e2-8e56-9f72c6160288;fbb9ca36-2201-e93b-3bea-00b9c4f9b99f
1998-T.24;af18cc7a-fa8f-11e2-8e56-9f72c6160288;47b2661b-15b8-2508-7183-f6e9d3bbe470
1998-T.240;af18cc7a-fa8f-11e2-8e56-9f72c6160288;0a7186e2-d985-93c8-75dd-f7d12a500ee0
1998-T.241;af18cc7a-fa8f-11e2-8e56-9f72c6160288;989ab843-6416-895a-a6fe-2efae9fce58a
1998-T.242;af18cc7a-fa8f-11e2-8e56-9f72c6160288;1d26121b-8862-5f4f-34f3-35b11eca5bfe
1998-T.243;af18cc7a-fa8f-11e2-8e56-9f72c6160288;94f15e35-253d-2658-e9c7-8289869b8c83
1998-T.244;af18cc7a-fa8f-11e2-8e56-9f72c6160288;d3b21492-753d-db94-8fe6-a16cc98450e8
1998-T.245;af18cc7a-fa8f-11e2-8e56-9f72c6160288;d29718d3-0cfe-4aae-3089-89c41813e136
1998-T.246;af18cc7a-fa8f-11e2-8e56-9f72c6160288;14e41c58-3c76-20e5-5e98-a04a111065a8
1998-T.247;af18cc7a-fa8f-11e2-8e56-9f72c6160288;dd0fe68e-5b14-ea90-6a7b-c478a7a3b7f7
1998-T.248;af18cc7a-fa8f-11e2-8e56-9f72c6160288;24e1a870-fe53-fc26-9d58-5f21fbb1103c
1998-T.249;af18cc7a-fa8f-11e2-8e56-9f72c6160288;4871e1df-dea1-7070-9ec7-0d94737baffe
1998-T.25;af18cc7a-fa8f-11e2-8e56-9f72c6160288;de4bd36b-8a0b-4319-ba92-f878b95bc491
1998-T.250;af18cc7a-fa8f-11e2-8e56-9f72c6160288;a287fcb3-10a6-0268-e3a5-ce2007f8c4c9
1998-T.251;af18cc7a-fa8f-11e2-8e56-9f72c6160288;6b0e31c5-a1c3-dc34-dbc9-6edd841a2a7b
1998-T.252;af18cc7a-fa8f-11e2-8e56-9f72c6160288;7d5e322b-a54b-9537-74b5-a5855d7c8c11
1998-T.253;af18cc7a-fa8f-11e2-8e56-9f72c6160288;ad71ba54-3a1b-18c4-f52f-fe4fff00be52
1998-T.254;af18cc7a-fa8f-11e2-8e56-9f72c6160288;e90100ab-524d-de6e-a686-78707ecb5c86
1998-T.255;af18cc7a-fa8f-11e2-8e56-9f72c6160288;83ae0ead-bbaf-a400-9036-95dbc879db61
1998-T.256;af18cc7a-fa8f-11e2-8e56-9f72c6160288;c53450ac-0650-7849-1129-6eaafd4657f2
1998-T.257;af18cc7a-fa8f-11e2-8e56-9f72c6160288;868e13a9-ff06-0bc6-ebd2-9057038fd645
1998-T.257a;af18cc7a-fa8f-11e2-8e56-9f72c6160288;5225d6d8-2574-fcd7-ac20-99840571e031
1998-T.258;af18cc7a-fa8f-11e2-8e56-9f72c6160288;2a04ce99-f692-f7a1-d994-6d717bda0c05
1998-T.259;af18cc7a-fa8f-11e2-8e56-9f72c6160288;b1386128-eaa9-6d77-9958-9119b4bb221b
1998-T.26;af18cc7a-fa8f-11e2-8e56-9f72c6160288;5e3b4ca5-2b72-a657-cefc-b1bbfde497fe
1998-T.260;af18cc7a-fa8f-11e2-8e56-9f72c6160288;325c64ee-23db-ad8f-3b0e-62fa032ea9a8
1998-T.261;af18cc7a-fa8f-11e2-8e56-9f72c6160288;94b84b4a-71da-05e5-e064-a565960a71c2
1998-T.27;af18cc7a-fa8f-11e2-8e56-9f72c6160288;180bc3f7-9ca2-e81c-c2a6-12783b47e455
1998-T.28;af18cc7a-fa8f-11e2-8e56-9f72c6160288;0580997d-cab4-7ac5-de02-1c0f1577e590
1998-T.29;af18cc7a-fa8f-11e2-8e56-9f72c6160288;d9f78c6c-36c1-261c-102d-1683a04d02ff
1998-T.3;af18cc7a-fa8f-11e2-8e56-9f72c6160288;d5e779c5-83a4-6cd0-5062-5151ff317dae
1998-T.30;af18cc7a-fa8f-11e2-8e56-9f72c6160288;eea1f288-ab68-c229-9651-b111ddd35635
1998-T.31;af18cc7a-fa8f-11e2-8e56-9f72c6160288;84e115b5-033e-2125-f044-d93043d5b6d7
1998-T.32;af18cc7a-fa8f-11e2-8e56-9f72c6160288;dbcaaa27-0335-4732-d7b3-4958776df0f1
1998-T.33;af18cc7a-fa8f-11e2-8e56-9f72c6160288;8602ff64-1529-51db-1d6a-0dbcad2aad28
1998-T.34;af18cc7a-fa8f-11e2-8e56-9f72c6160288;0a91c272-2074-0c44-f9b6-0271122c0d73
1998-T.35;af18cc7a-fa8f-11e2-8e56-9f72c6160288;4cefbdcf-348a-99c1-7ab7-da14b13ae59a
1998-T.36;af18cc7a-fa8f-11e2-8e56-9f72c6160288;341d7226-02a9-25cb-ffb5-2d7c0da062c9
1998-T.37;af18cc7a-fa8f-11e2-8e56-9f72c6160288;9f608ed3-e4d3-a036-ca71-21c0e6a7dbae
1998-T.38;af18cc7a-fa8f-11e2-8e56-9f72c6160288;153c4a42-3738-75f6-4aad-dad73a6ce499
1998-T.39;af18cc7a-fa8f-11e2-8e56-9f72c6160288;b8ac09e0-c361-4946-464a-27be77dce045
1998-T.4;af18cc7a-fa8f-11e2-8e56-9f72c6160288;b3a7aac3-d3ad-1c07-3694-8c077ab913fb
1998-T.40;af18cc7a-fa8f-11e2-8e56-9f72c6160288;069df5ef-a140-b26b-33b2-519df890a110
1998-T.41;af18cc7a-fa8f-11e2-8e56-9f72c6160288;ff64d75a-a176-1f9f-1c6c-e26f63a00fcf
1998-T.42;af18cc7a-fa8f-11e2-8e56-9f72c6160288;2ee148d8-7ee4-9f7c-0cf7-10e61d39ab37
1998-T.43;af18cc7a-fa8f-11e2-8e56-9f72c6160288;1b72bf2c-5751-71bf-aa0b-15f621549c83
1998-T.44;af18cc7a-fa8f-11e2-8e56-9f72c6160288;022aa6a1-e347-6586-3a20-061a5a9e9bd9
1998-T.45;af18cc7a-fa8f-11e2-8e56-9f72c6160288;f086e49e-0f4b-3bbc-437e-6fedc05a8b9f
1998-T.46;af18cc7a-fa8f-11e2-8e56-9f72c6160288;69a7872b-4cb9-52e3-b711-b7a3e51183ec
1998-T.47;af18cc7a-fa8f-11e2-8e56-9f72c6160288;23b0ea02-307c-5faf-ca99-32da88d29524
1998-T.48;af18cc7a-fa8f-11e2-8e56-9f72c6160288;65001cf6-90ea-26e5-1e7a-71ade4fb521c
1998-T.49;af18cc7a-fa8f-11e2-8e56-9f72c6160288;5169dd60-f62e-9b86-4972-391f52d7f577
1998-T.5;af18cc7a-fa8f-11e2-8e56-9f72c6160288;95e24093-5841-044b-17df-52a80c290609
1998-T.50;af18cc7a-fa8f-11e2-8e56-9f72c6160288;f102739e-a6b1-5259-f398-9da9b346f1e3
1998-T.51;af18cc7a-fa8f-11e2-8e56-9f72c6160288;1c3d2d60-075a-3b5f-744f-fb3079a397a7
1998-T.52;af18cc7a-fa8f-11e2-8e56-9f72c6160288;901e3665-f4f6-cdcf-27e8-d13659ddd29b
1998-T.53;af18cc7a-fa8f-11e2-8e56-9f72c6160288;f5af41e0-af20-7f3e-03fc-68ad7e4b852f
1998-T.54;af18cc7a-fa8f-11e2-8e56-9f72c6160288;fb9c7fbc-26e4-2f97-fc40-574c5d3cea35
1998-T.55;af18cc7a-fa8f-11e2-8e56-9f72c6160288;4ee69b8a-f7a6-c237-5db0-95027828a07a
1998-T.56;af18cc7a-fa8f-11e2-8e56-9f72c6160288;38938f6b-4d92-29e7-4364-0efc6a51cbaa
1998-T.57;af18cc7a-fa8f-11e2-8e56-9f72c6160288;620df074-2dca-5b67-9e5c-5223805e67c6
1998-T.58;af18cc7a-fa8f-11e2-8e56-9f72c6160288;d33bd85c-a66f-97b0-7da5-c3658398c8ce
1998-T.59;af18cc7a-fa8f-11e2-8e56-9f72c6160288;bf2da707-fa3a-6860-0f1e-5d3ee5a2202e
1998-T.6;af18cc7a-fa8f-11e2-8e56-9f72c6160288;829f71ea-b5f8-7eb8-5ebd-1ad0ba14f252
1998-T.60;af18cc7a-fa8f-11e2-8e56-9f72c6160288;dddcf733-53fe-ec3b-eb19-c20cb9c394c8
1998-T.61;af18cc7a-fa8f-11e2-8e56-9f72c6160288;a878c060-787a-cdcb-799a-efae545ec567
1998-T.62;af18cc7a-fa8f-11e2-8e56-9f72c6160288;d5a1547b-679e-06da-858d-d5363dcf9c81
1998-T.63;af18cc7a-fa8f-11e2-8e56-9f72c6160288;38ec5eb7-42b7-8ec7-f2aa-5bfd9a66f264
1998-T.64;af18cc7a-fa8f-11e2-8e56-9f72c6160288;fbc84490-8ae3-15ea-fd66-3d80778fd53c
1998-T.65;af18cc7a-fa8f-11e2-8e56-9f72c6160288;06af63cd-f5dd-3454-3f37-0de2b078cfa7
1998-T.66;af18cc7a-fa8f-11e2-8e56-9f72c6160288;480ccbb2-a154-32e3-ef52-45afd71e7c4b
1998-T.67;af18cc7a-fa8f-11e2-8e56-9f72c6160288;32de5a12-0a6a-06ff-4492-bfe16c2fd860
1998-T.68;af18cc7a-fa8f-11e2-8e56-9f72c6160288;be10e0e6-6c6f-686f-0eaf-b462fea7cf15
1998-T.69;af18cc7a-fa8f-11e2-8e56-9f72c6160288;34f26146-e390-8e31-1f17-737fda0e6126
1998-T.6.fol.01r;af18cc7a-fa8f-11e2-8e56-9f72c6160288;6707d90f-f975-1eab-768e-64c9710c50de
1998-T.6.fol.01v;af18cc7a-fa8f-11e2-8e56-9f72c6160288;2da5586f-894b-d1ca-3c3a-6b560cd378a1
1998-T.6.fol.03r;af18cc7a-fa8f-11e2-8e56-9f72c6160288;cfe3e9a0-071f-9427-f67a-ecdc9d42dd16
1998-T.6.fol.04v;af18cc7a-fa8f-11e2-8e56-9f72c6160288;ec59c5f9-0e75-43eb-45a9-99976a4765b1
1998-T.6.fol.06r;af18cc7a-fa8f-11e2-8e56-9f72c6160288;338c9cdb-eceb-e4f9-02c8-6f7b5e118422
1998-T.6.fol.07r;af18cc7a-fa8f-11e2-8e56-9f72c6160288;aee9f22f-6570-d306-a368-867946be6d09
1998-T.6.fol.08r;af18cc7a-fa8f-11e2-8e56-9f72c6160288;b0d45ef2-3471-eb6a-d9bd-31f28596f8db
1998-T.6.fol.09r;af18cc7a-fa8f-11e2-8e56-9f72c6160288;9c7fecdb-a874-f0e5-3b4e-0e8b42c0db08
1998-T.6.fol.09v;af18cc7a-fa8f-11e2-8e56-9f72c6160288;6d9b9cec-61fc-9be0-6a66-b1208b34bfb7
1998-T.6.fol.10v;af18cc7a-fa8f-11e2-8e56-9f72c6160288;8112967f-ebc8-04d7-a673-4b965cf1d5b1
1998-T.6.fol.12v;af18cc7a-fa8f-11e2-8e56-9f72c6160288;cdaf4dc0-a7e1-fda6-8b69-3e0c698b97e2
1998-T.6.fol.13v.14r;af18cc7a-fa8f-11e2-8e56-9f72c6160288;572b3720-d657-61fd-3479-225ca975d91e
1998-T.6.fol.15r;af18cc7a-fa8f-11e2-8e56-9f72c6160288;d38486b9-acc6-88e0-d10d-2d3715220e7f
1998-T.6.fol.15v;af18cc7a-fa8f-11e2-8e56-9f72c6160288;a24bd5d7-4d0f-ef7b-3389-4db94459754a
1998-T.6.fol.16v;af18cc7a-fa8f-11e2-8e56-9f72c6160288;ae80aab9-4587-5ef0-6143-b30bcbd7eb22
1998-T.6.fol.17v;af18cc7a-fa8f-11e2-8e56-9f72c6160288;2aca2ce6-f6a1-c2fb-0b0b-de911ff56b12
1998-T.6.fol.19r;af18cc7a-fa8f-11e2-8e56-9f72c6160288;d94e42ba-713b-81d0-59ea-c56bd6dc9271
1998-T.6.fol.19v;af18cc7a-fa8f-11e2-8e56-9f72c6160288;7f02bcf9-6c07-e45e-4428-750aac1ed2f1
1998-T.6.fol.20r;af18cc7a-fa8f-11e2-8e56-9f72c6160288;49f0c50c-fac4-edc7-2196-11b1b8f53436
1998-T.6.fol.20v;af18cc7a-fa8f-11e2-8e56-9f72c6160288;38c73dae-cb13-5b07-24ad-bb83d2a05f99
1998-T.6.fol.21r;af18cc7a-fa8f-11e2-8e56-9f72c6160288;fa351894-1862-c030-7f26-a8925c215152
1998-T.6.fol.21v;af18cc7a-fa8f-11e2-8e56-9f72c6160288;9b33a2bb-91c6-7c60-3f26-9e2e256624e7
1998-T.6.fol.22v;af18cc7a-fa8f-11e2-8e56-9f72c6160288;03425cc4-e21a-733c-13a8-e45683d6ebe8
1998-T.6.fol.23v;af18cc7a-fa8f-11e2-8e56-9f72c6160288;d15882f0-d5d2-588f-6e93-dbab6b56b606
1998-T.6.fol.24r;af18cc7a-fa8f-11e2-8e56-9f72c6160288;880772ca-7c79-26d4-7b9f-e1cb27c7bcdd
1998-T.6.fol.24v;af18cc7a-fa8f-11e2-8e56-9f72c6160288;4959d02e-9b4c-2340-b29f-44e7de3a80db
1998-T.6.fol.25r;af18cc7a-fa8f-11e2-8e56-9f72c6160288;c91b224c-2cfc-ed37-72e3-ea39deab5231
1998-T.6.fol.25v;af18cc7a-fa8f-11e2-8e56-9f72c6160288;859b35f0-f8c1-95b5-5e00-63ba330af8bb
1998-T.6.fol.26r;af18cc7a-fa8f-11e2-8e56-9f72c6160288;8c951d64-6e8a-c4c8-aa3e-0d29503f8ca8
1998-T.6.fol.26v;af18cc7a-fa8f-11e2-8e56-9f72c6160288;43a3eee2-d302-298e-0d14-93f78c67f946
1998-T.7;af18cc7a-fa8f-11e2-8e56-9f72c6160288;95cae601-b92d-7f85-2d7c-2d630e055b76
1998-T.70;af18cc7a-fa8f-11e2-8e56-9f72c6160288;a50530a1-3a2c-650b-6d64-8d62c1562c48
1998-T.71;af18cc7a-fa8f-11e2-8e56-9f72c6160288;9197d6cb-86f6-5fe9-617c-36424ff6da86
1998-T.72;af18cc7a-fa8f-11e2-8e56-9f72c6160288;05cacc70-9508-0b77-cea6-bcd40a8d5d7e
1998-T.73;af18cc7a-fa8f-11e2-8e56-9f72c6160288;3a008cd8-f3df-7402-465f-31b8464eedc7
1998-T.74;af18cc7a-fa8f-11e2-8e56-9f72c6160288;24272b27-e884-cdfc-332c-69c4124cbbae
1998-T.75;af18cc7a-fa8f-11e2-8e56-9f72c6160288;4198bd24-3e6b-830a-b178-376274d573d0
1998-T.76;af18cc7a-fa8f-11e2-8e56-9f72c6160288;74a61adb-4d4f-998d-a3a0-3c5bc87b0ac8
1998-T.77;af18cc7a-fa8f-11e2-8e56-9f72c6160288;22af9848-f687-5ca8-2174-ca1de0ae2504
1998-T.78;af18cc7a-fa8f-11e2-8e56-9f72c6160288;743eff67-6201-5b5f-9d49-e23c71280414
1998-T.79;af18cc7a-fa8f-11e2-8e56-9f72c6160288;ddb600b9-a4c5-f5ae-e8c4-e4d0a5999d5d
1998-T.8;af18cc7a-fa8f-11e2-8e56-9f72c6160288;b4945467-5919-d896-2539-13b3294f0d54
1998-T.80;af18cc7a-fa8f-11e2-8e56-9f72c6160288;94ce8732-39fe-7c6d-790c-e12e62d35b8b
1998-T.81;af18cc7a-fa8f-11e2-8e56-9f72c6160288;b91b1070-488b-22aa-9bac-c83c90a57b58
1998-T.82;af18cc7a-fa8f-11e2-8e56-9f72c6160288;240b153b-d044-5944-7d42-a79505e5f1de
1998-T.83;af18cc7a-fa8f-11e2-8e56-9f72c6160288;0dfea643-319c-1bc0-8e04-6bf67d3b6618
1998-T.84;af18cc7a-fa8f-11e2-8e56-9f72c6160288;daa97f1f-9b50-0d2f-0ec1-fb181d4a64a5
1998-T.85;af18cc7a-fa8f-11e2-8e56-9f72c6160288;6387be23-dd00-df7d-f7e8-e8ce5d64fa85
1998-T.86;af18cc7a-fa8f-11e2-8e56-9f72c6160288;a13fe2dd-6548-923d-c6ad-6b646938679d
1998-T.87;af18cc7a-fa8f-11e2-8e56-9f72c6160288;517ea665-9649-bb2f-40d0-5cd5f78ea621
1998-T.88;af18cc7a-fa8f-11e2-8e56-9f72c6160288;ace2f80e-ecb4-0b00-b36b-cb573849adab
1998-T.89;af18cc7a-fa8f-11e2-8e56-9f72c6160288;99708a07-29cd-e97e-eb88-7848341a66c0
1998-T.9;af18cc7a-fa8f-11e2-8e56-9f72c6160288;6d98074a-6241-36a7-9bea-8a49df0c39de
1998-T.90;af18cc7a-fa8f-11e2-8e56-9f72c6160288;7cd0246b-8734-3ef0-0145-233c2082237d
1998-T.91;af18cc7a-fa8f-11e2-8e56-9f72c6160288;2a583de0-4158-ed37-3194-92932fc99f4f
1998-T.92;af18cc7a-fa8f-11e2-8e56-9f72c6160288;33edf1bf-233c-eb68-fbd4-5eb00278bb9d
1998-T.93;af18cc7a-fa8f-11e2-8e56-9f72c6160288;71657c62-d558-5c8f-05af-14e5703f9e55
1998-T.94;af18cc7a-fa8f-11e2-8e56-9f72c6160288;1ef2ee81-5681-57de-88d2-0b2e9c1d6288
1998-T.95;af18cc7a-fa8f-11e2-8e56-9f72c6160288;3c687cdf-4664-3269-9ffe-c16723353424
1998-T.96;af18cc7a-fa8f-11e2-8e56-9f72c6160288;6e056188-8823-6bb2-b18b-7dea76ae93c5
1998-T.97;af18cc7a-fa8f-11e2-8e56-9f72c6160288;5262393f-e34f-1153-b8ed-c3cc57dd6cc3
1998-T.98;af18cc7a-fa8f-11e2-8e56-9f72c6160288;6107f23f-8a2b-5e45-632e-020ab9b16105
1998-T.99;af18cc7a-fa8f-11e2-8e56-9f72c6160288;dadfe22c-22ca-a4e3-0d06-eb716e8ab09e
1999;af18cc7a-fa8f-11e2-8e56-9f72c6160288;e44bbf71-c328-dbbb-c46d-af4adbc15a97
1999-T.1;af18cc7a-fa8f-11e2-8e56-9f72c6160288;b297bea7-4505-3254-42cf-ad4fd9785d2f
1999-T.10;af18cc7a-fa8f-11e2-8e56-9f72c6160288;fc2111aa-9d65-d15e-71d7-0de347cb7a49
1999-T.11;af18cc7a-fa8f-11e2-8e56-9f72c6160288;57ffc726-a445-f1ff-1d4f-963a1de498d5
1999-T.12;af18cc7a-fa8f-11e2-8e56-9f72c6160288;40ad6adf-f7d0-42c0-a31b-1344d12263e7
1999-T.12.e.01v;af18cc7a-fa8f-11e2-8e56-9f72c6160288;3815a21d-e2e3-ad7d-4243-e91fefb9062a
1999-T.12.e.02r;af18cc7a-fa8f-11e2-8e56-9f72c6160288;4b85a14c-7229-c14d-7f7c-a3d3308f9e9e
1999-T.12.fol.01r;af18cc7a-fa8f-11e2-8e56-9f72c6160288;3815a21d-e2e3-ad7d-4243-e91fefb9062a
1999-T.12.fol.01v;af18cc7a-fa8f-11e2-8e56-9f72c6160288;3e44dae5-9c88-2aff-622c-38a2daa4d77d
1999-T.12.fol.02r;af18cc7a-fa8f-11e2-8e56-9f72c6160288;3e44dae5-9c88-2aff-622c-38a2daa4d77d
1999-T.12.fol.03r;af18cc7a-fa8f-11e2-8e56-9f72c6160288;4347ff57-5c49-60d9-61f6-2a6945f5e79a
1999-T.12.fol.04r;af18cc7a-fa8f-11e2-8e56-9f72c6160288;0d83ccca-822b-7c9a-1a62-ed136a00e387
1999-T.12.fol.05r;af18cc7a-fa8f-11e2-8e56-9f72c6160288;86b045dd-abc3-38ff-587e-178881116e0d
1999-T.12.fol.06r;af18cc7a-fa8f-11e2-8e56-9f72c6160288;ec6843d6-3854-69f2-bffb-5ed32c171095
1999-T.12.fol.07r;af18cc7a-fa8f-11e2-8e56-9f72c6160288;d1e7bd30-6933-2247-02e1-5c35d0615b25
1999-T.12.fol.07v;af18cc7a-fa8f-11e2-8e56-9f72c6160288;7aef53d6-25c0-1eab-a888-5a795c0de28b
1999-T.12.fol.08r;af18cc7a-fa8f-11e2-8e56-9f72c6160288;7aef53d6-25c0-1eab-a888-5a795c0de28b
1999-T.12.fol.09r;af18cc7a-fa8f-11e2-8e56-9f72c6160288;0e3e8efa-76c7-30d7-5800-2296b4a3a6ec
1999-T.12.fol.10r;af18cc7a-fa8f-11e2-8e56-9f72c6160288;a3123e85-9924-8bf7-40dc-1b33e1b5eb4f
1999-T.12.fol.10v;af18cc7a-fa8f-11e2-8e56-9f72c6160288;b0db16fb-73d5-d277-3d54-05ebec06293f
1999-T.12.fol.11r;af18cc7a-fa8f-11e2-8e56-9f72c6160288;b0db16fb-73d5-d277-3d54-05ebec06293f
1999-T.12.fol.12r;af18cc7a-fa8f-11e2-8e56-9f72c6160288;28f87940-87ab-22ba-f7a0-08f6846cdeff
1999-T.12.fol.13r;af18cc7a-fa8f-11e2-8e56-9f72c6160288;ef8150f1-2752-8dfa-b375-588b4a46f01a
1999-T.12.fol.14r;af18cc7a-fa8f-11e2-8e56-9f72c6160288;df032e44-c705-8bdf-01eb-6ed021ddad3c
1999-T.12.fol.15r;af18cc7a-fa8f-11e2-8e56-9f72c6160288;ec460191-832f-254d-e895-10dbb8bb971d
1999-T.12.fol.16r;af18cc7a-fa8f-11e2-8e56-9f72c6160288;7148dce5-b8f6-4ec9-995c-2618b4b6e040
1999-T.12.fol.17r;af18cc7a-fa8f-11e2-8e56-9f72c6160288;f38d7b74-e6ed-7480-0857-3e8708fe7428
1999-T.12.fol.18r;af18cc7a-fa8f-11e2-8e56-9f72c6160288;921f5754-96b0-c020-5b83-ed725e9d8093
1999-T.12.fol.19r;af18cc7a-fa8f-11e2-8e56-9f72c6160288;e68aa8a3-3477-3748-f2a0-50084e9ab33d
1999-T.12.fol.20r;af18cc7a-fa8f-11e2-8e56-9f72c6160288;06a8cfdb-7863-21a4-da6d-8436fe366f89
1999-T.12.fol.21r;af18cc7a-fa8f-11e2-8e56-9f72c6160288;3a90bbed-b029-da02-cff3-a4b8a8ca70c1
1999-T.12.fol.22r;af18cc7a-fa8f-11e2-8e56-9f72c6160288;526f1d90-0f06-ddba-baee-c196e6406ae8
1999-T.12.fol.23r;af18cc7a-fa8f-11e2-8e56-9f72c6160288;23ba02ba-6262-96d5-303a-178f345e8999
1999-T.12.fol.24r;af18cc7a-fa8f-11e2-8e56-9f72c6160288;f260dca1-3df8-783b-0978-d6dedb391c91
1999-T.12.fol.25r;af18cc7a-fa8f-11e2-8e56-9f72c6160288;51a47ccb-bec6-08d3-b056-6589a2c9aa96
1999-T.12.fol.26r;af18cc7a-fa8f-11e2-8e56-9f72c6160288;25f5339c-baff-1b29-81e0-c937ee9557e2
1999-T.12.fol.27r;af18cc7a-fa8f-11e2-8e56-9f72c6160288;6cecfde1-f364-ba5c-0baa-9409d1cabc28
1999-T.12.fol.28r;af18cc7a-fa8f-11e2-8e56-9f72c6160288;4d6ad0c9-0e9b-0a47-72ee-e2ac52715ad2
1999-T.12.fol.29r;af18cc7a-fa8f-11e2-8e56-9f72c6160288;ede1bd2f-3b5b-0b80-1d58-2f3155b056e5
1999-T.12.fol.30r;af18cc7a-fa8f-11e2-8e56-9f72c6160288;3032425c-0a93-4975-e7cc-07fa759409c9
1999-T.12.fol.31r;af18cc7a-fa8f-11e2-8e56-9f72c6160288;83a19168-e5d0-af85-7f13-e86cd7bf97d6
1999-T.12.fol.32r;af18cc7a-fa8f-11e2-8e56-9f72c6160288;74073184-48dc-7697-54af-a2dc0ed03df4
1999-T.12.fol.33r;af18cc7a-fa8f-11e2-8e56-9f72c6160288;ed5191a7-134f-eefb-b665-0a5aab69f0c8
1999-T.12.fol.34r;af18cc7a-fa8f-11e2-8e56-9f72c6160288;3f9b7608-bfe3-1016-da0c-4ba20ce31bdd
1999-T.12.fol.34v.fol.35r;af18cc7a-fa8f-11e2-8e56-9f72c6160288;46b4e2a8-e706-d8c0-2344-d03300fb22bc
1999-T.12.fol.39r;af18cc7a-fa8f-11e2-8e56-9f72c6160288;423d1c7b-d235-da25-61e0-06613bcdfa93
1999-T.12.fol.39v;af18cc7a-fa8f-11e2-8e56-9f72c6160288;9f562658-583b-3534-2b59-d2cc1001eeae
1999-T.12.fol.40r;af18cc7a-fa8f-11e2-8e56-9f72c6160288;9f562658-583b-3534-2b59-d2cc1001eeae
1999-T.12.fol.41r;af18cc7a-fa8f-11e2-8e56-9f72c6160288;57d3716b-de2f-35f5-3b36-3d782552887f
1999-T.12.fol.42r;af18cc7a-fa8f-11e2-8e56-9f72c6160288;c1f954f1-659d-cc9d-1b08-d61004caf849
1999-T.12.fol.43r;af18cc7a-fa8f-11e2-8e56-9f72c6160288;e44c6ad7-aef8-26e9-85ad-08fddf874e73
1999-T.12.fol.44r;af18cc7a-fa8f-11e2-8e56-9f72c6160288;b50c09d3-562d-cccb-319c-597108426eb8
1999-T.13;af18cc7a-fa8f-11e2-8e56-9f72c6160288;cf931e75-2009-1c1c-960a-d0d7ded9a7c9
1999-T.14;af18cc7a-fa8f-11e2-8e56-9f72c6160288;4a26f7a7-5963-e47f-7b7a-5aa22162fd18
1999-T.15;af18cc7a-fa8f-11e2-8e56-9f72c6160288;8e9fabcb-b9db-8226-002a-c684e74fd360
1999-T.16;af18cc7a-fa8f-11e2-8e56-9f72c6160288;aa88e53c-4f21-a993-6fb9-acb4fabd03db
1999-T.17;af18cc7a-fa8f-11e2-8e56-9f72c6160288;03f15266-af34-46a3-d911-d2196c8f1a48
1999-T.2;af18cc7a-fa8f-11e2-8e56-9f72c6160288;4b173cdb-cad0-e120-c7a7-f102d205775b
1999-T.3;af18cc7a-fa8f-11e2-8e56-9f72c6160288;2e4a77ac-c627-4231-ad9e-775042907d7a
1999-T.4;af18cc7a-fa8f-11e2-8e56-9f72c6160288;0530ac83-e2b1-1d21-9b43-8b6892dba3e5
1999-T.5;af18cc7a-fa8f-11e2-8e56-9f72c6160288;440937d9-60f8-3f79-fc69-6f03b4e784ca
1999-T.6;af18cc7a-fa8f-11e2-8e56-9f72c6160288;815c85e7-2159-0e15-9355-a48d5276f3f2
1999-T.7;af18cc7a-fa8f-11e2-8e56-9f72c6160288;0d57570e-7fbf-86aa-3b57-a9927925c2d8
1999-T.8;af18cc7a-fa8f-11e2-8e56-9f72c6160288;e3af2043-0d9f-643e-0b19-44f6046406d9
1999-T.9;af18cc7a-fa8f-11e2-8e56-9f72c6160288;c4b2048b-f0fa-5f49-3cb1-0112484dae94
2000;af18cc7a-fa8f-11e2-8e56-9f72c6160288;f264d73e-ea0f-88cd-665c-067af0739907
2000-T.1;af18cc7a-fa8f-11e2-8e56-9f72c6160288;8ff5e7b8-442a-eb58-86ab-c84b27d751f5
2000-T.10;af18cc7a-fa8f-11e2-8e56-9f72c6160288;2543ab90-112b-17b7-357f-ebb5dcfe6f5b
2000-T.11;af18cc7a-fa8f-11e2-8e56-9f72c6160288;d044afd9-1727-062e-150c-2c4a8d0a4f11
2000-T.12;af18cc7a-fa8f-11e2-8e56-9f72c6160288;910fb360-19f1-43a8-a2f1-b23d9bbed909
2000-T.13A;af18cc7a-fa8f-11e2-8e56-9f72c6160288;45ddc943-92a7-56ff-b608-c0e06c8c8727
2000-T.13B;af18cc7a-fa8f-11e2-8e56-9f72c6160288;29c418d1-f9db-c55f-7b98-96a85fc6abc3
2000-T.13C;af18cc7a-fa8f-11e2-8e56-9f72c6160288;a8f8bfac-f0cf-834f-88fc-8741bee295ca
2000-T.14;af18cc7a-fa8f-11e2-8e56-9f72c6160288;8a5bad08-8702-68f9-2278-14cad43f897e
2000-T.15;af18cc7a-fa8f-11e2-8e56-9f72c6160288;6c342884-d058-29da-e1d2-9704fe229ed9
2000-T.16;af18cc7a-fa8f-11e2-8e56-9f72c6160288;d083a25c-82a6-98d7-0396-fca15a0ec701
2000-T.17;af18cc7a-fa8f-11e2-8e56-9f72c6160288;60d2cf2b-84b6-f0c3-dd5a-75dde33055a0
2000-T.17.fol.01v;af18cc7a-fa8f-11e2-8e56-9f72c6160288;ab5295e9-ffe1-176f-e3e3-1f933d65baa6
2000-T.17.fol.02r;af18cc7a-fa8f-11e2-8e56-9f72c6160288;a4ac1b74-daca-9e77-5321-d12fa86ca4cf
2000-T.17.fol.02v;af18cc7a-fa8f-11e2-8e56-9f72c6160288;174853ab-045f-8c0a-f3ab-df7c9a3173ee
2000-T.17.fol.03r;af18cc7a-fa8f-11e2-8e56-9f72c6160288;1b166c35-6fe1-cc2b-039a-3510bb95ec24
2000-T.17.fol.03v;af18cc7a-fa8f-11e2-8e56-9f72c6160288;6063ee83-ff7e-c4d2-39aa-6e701dcec0f2
2000-T.17.fol.04r;af18cc7a-fa8f-11e2-8e56-9f72c6160288;9aa99f64-771d-a0f3-8195-17968f67cfc2
2000-T.17.fol.04v;af18cc7a-fa8f-11e2-8e56-9f72c6160288;bff944a2-81a8-45d9-deb0-0cca7a0d5838
2000-T.17.fol.05r;af18cc7a-fa8f-11e2-8e56-9f72c6160288;ec66d4ea-11c8-b608-6d0b-2c063d9b4ad9
2000-T.17.fol.05v;af18cc7a-fa8f-11e2-8e56-9f72c6160288;3ed19644-a3f7-9760-2767-34a6d107c302
2000-T.17.fol.06r;af18cc7a-fa8f-11e2-8e56-9f72c6160288;f0a49513-e36a-8365-dcd1-831080017831
2000-T.17.fol.06v;af18cc7a-fa8f-11e2-8e56-9f72c6160288;7a04bd9f-456b-c76e-edbe-ebef773e777b
2000-T.17.fol.07r;af18cc7a-fa8f-11e2-8e56-9f72c6160288;800e6660-45be-e517-1c57-f083a8c18e31
2000-T.17.fol.07v;af18cc7a-fa8f-11e2-8e56-9f72c6160288;589e4c9b-96b0-fecb-cd42-9e5102629b0f
2000-T.17.fol.08r;af18cc7a-fa8f-11e2-8e56-9f72c6160288;8ecdb0e5-4121-ff77-d432-eecb4eacfe92
2000-T.17.fol.08v;af18cc7a-fa8f-11e2-8e56-9f72c6160288;4779baa3-77d7-3575-b443-49f64b8f5808
2000-T.17.fol.09v;af18cc7a-fa8f-11e2-8e56-9f72c6160288;52270143-812b-5cac-f5f2-c15e9382d656
2000-T.17.fol.10r;af18cc7a-fa8f-11e2-8e56-9f72c6160288;b6714dfa-65c0-0d44-08fd-29b30db32cd2
2000-T.17.fol.10v;af18cc7a-fa8f-11e2-8e56-9f72c6160288;36c2f97c-4139-4beb-a7b7-1ac7bbb7bc30
2000-T.17.fol.11r;af18cc7a-fa8f-11e2-8e56-9f72c6160288;19ac5c44-1f18-1177-c558-07d254430dab
2000-T.17.fol.11v;af18cc7a-fa8f-11e2-8e56-9f72c6160288;69c7e375-be29-becf-6c5b-33ff4f1282e8
2000-T.17.fol.12r;af18cc7a-fa8f-11e2-8e56-9f72c6160288;8d168318-cd92-763a-4fa6-68a67c5c0de3
2000-T.17.fol.12v;af18cc7a-fa8f-11e2-8e56-9f72c6160288;260daf38-132e-9354-37e5-f2aa7aea07a4
2000-T.17.fol.13r;af18cc7a-fa8f-11e2-8e56-9f72c6160288;ff73c8e0-0d00-7b4e-8301-2b8e79d6879a
2000-T.17.fol.13v;af18cc7a-fa8f-11e2-8e56-9f72c6160288;596a088f-c883-9be1-87c2-52c890b139b9
2000-T.17.fol.14r;af18cc7a-fa8f-11e2-8e56-9f72c6160288;f2e4a505-208e-a11b-6d8b-b1f8ae9d0185
2000-T.17.fol.14v;af18cc7a-fa8f-11e2-8e56-9f72c6160288;22c99ed3-f46b-ac5e-e4f4-4939b41558d0
2000-T.17.fol.15r;af18cc7a-fa8f-11e2-8e56-9f72c6160288;b3198382-fb66-e422-9905-5c56f9073fb3
2000-T.17.fol.15v;af18cc7a-fa8f-11e2-8e56-9f72c6160288;12f4456a-bf3c-633c-1a8c-d0dda0e57cfe
2000-T.17.fol.16r;af18cc7a-fa8f-11e2-8e56-9f72c6160288;3f3be450-4427-ac3e-c587-1c8d93ac09ba
2000-T.17.fol.16v;af18cc7a-fa8f-11e2-8e56-9f72c6160288;5cdd0b07-76b6-f9ef-1443-f250830ba69a
2000-T.17.fol.17r;af18cc7a-fa8f-11e2-8e56-9f72c6160288;e6a8e588-6a1a-170e-7adc-4c1b38d33374
2000-T.17.fol.17v;af18cc7a-fa8f-11e2-8e56-9f72c6160288;6b4756b7-917f-8800-58b1-53f2ee10d35a
2000-T.17.fol.18r;af18cc7a-fa8f-11e2-8e56-9f72c6160288;f6e7c668-d78a-0695-b623-eda7b234f2e5
2000-T.17.fol.18v;af18cc7a-fa8f-11e2-8e56-9f72c6160288;0e83c722-3334-645b-2f5c-8ca4f89a79fc
2000-T.17.fol.19r;af18cc7a-fa8f-11e2-8e56-9f72c6160288;b97f5547-b26e-5a47-b88f-abc77a2accf5
2000-T.17.fol.19v.fol.20r;af18cc7a-fa8f-11e2-8e56-9f72c6160288;d587084e-7d5d-96a2-2167-49affa113df2
2000-T.17.fol.20v;af18cc7a-fa8f-11e2-8e56-9f72c6160288;c2559f0d-2c16-41e4-8fc2-cf643a178ef5
2000-T.17.fol.21r;af18cc7a-fa8f-11e2-8e56-9f72c6160288;4c323e7d-9501-2a30-8ee2-d5e8105efdeb
2000-T.17.fol.21v;af18cc7a-fa8f-11e2-8e56-9f72c6160288;143b7813-b057-81ea-d397-1dd9ecc4f14b
2000-T.17.fol.22r;af18cc7a-fa8f-11e2-8e56-9f72c6160288;08edf932-05db-b15f-f069-ff7a2cbbbfd9
2000-T.17.fol.23r;af18cc7a-fa8f-11e2-8e56-9f72c6160288;780eda53-9063-e7f6-acc3-7f21d67a146a
2000-T.17.fol.23v;af18cc7a-fa8f-11e2-8e56-9f72c6160288;9e43f871-cb15-bd40-3020-0646ecc14e2c
2000-T.18;af18cc7a-fa8f-11e2-8e56-9f72c6160288;02e0bf74-d754-7776-fe9a-29eb8251e663
2000-T.18.fol.01r;af18cc7a-fa8f-11e2-8e56-9f72c6160288;b43ac87a-ff33-0ef6-1ef4-b2a65ff8e8cd
2000-T.18.fol.01v;af18cc7a-fa8f-11e2-8e56-9f72c6160288;e1263bf6-d519-da6a-8c65-e4d608b81d30
2000-T.18.fol.02r;af18cc7a-fa8f-11e2-8e56-9f72c6160288;e1263bf6-d519-da6a-8c65-e4d608b81d30
2000-T.18.fol.03r;af18cc7a-fa8f-11e2-8e56-9f72c6160288;7239a089-4bdc-a525-4c9f-424a5cc5fab1
2000-T.18.fol.04r;af18cc7a-fa8f-11e2-8e56-9f72c6160288;36d6ed56-aac9-1bdb-a33c-b8b870087e9e
2000-T.18.fol.04v;af18cc7a-fa8f-11e2-8e56-9f72c6160288;c3d3060f-f1ff-a092-fcb5-6b1447dc6520
2000-T.18.fol.05r;af18cc7a-fa8f-11e2-8e56-9f72c6160288;c3d3060f-f1ff-a092-fcb5-6b1447dc6520
2000-T.18.fol.07r;af18cc7a-fa8f-11e2-8e56-9f72c6160288;84eb1cd0-328b-99e4-85ec-dcb05c4d9da0
2000-T.18.fol.07v;af18cc7a-fa8f-11e2-8e56-9f72c6160288;28a07c26-2305-e0b4-f250-855622d9c2d0
2000-T.18.fol.08r;af18cc7a-fa8f-11e2-8e56-9f72c6160288;28a07c26-2305-e0b4-f250-855622d9c2d0
2000-T.18.fol.09r;af18cc7a-fa8f-11e2-8e56-9f72c6160288;be0cf317-0254-415a-34d5-62a5c9bafb4d
2000-T.18.fol.10r;af18cc7a-fa8f-11e2-8e56-9f72c6160288;349ca76a-0915-d688-daa4-3d69c4dac591
2000-T.18.fol.10v;af18cc7a-fa8f-11e2-8e56-9f72c6160288;899c3387-cf95-771d-0e23-4dceffdd9370
2000-T.18.fol.11r;af18cc7a-fa8f-11e2-8e56-9f72c6160288;899c3387-cf95-771d-0e23-4dceffdd9370
2000-T.18.fol.11v;af18cc7a-fa8f-11e2-8e56-9f72c6160288;5f264138-8e35-081a-c0cb-8a53f1f7a45a
2000-T.18.fol.12r;af18cc7a-fa8f-11e2-8e56-9f72c6160288;5f264138-8e35-081a-c0cb-8a53f1f7a45a
2000-T.18.fol.12v;af18cc7a-fa8f-11e2-8e56-9f72c6160288;78643d30-860b-36f5-573e-e95a8393054b
2000-T.18.fol.13r;af18cc7a-fa8f-11e2-8e56-9f72c6160288;78643d30-860b-36f5-573e-e95a8393054b
2000-T.18.fol.13v;af18cc7a-fa8f-11e2-8e56-9f72c6160288;3829be70-65a2-441c-aa37-bd7e067c3f13
2000-T.18.fol.14r;af18cc7a-fa8f-11e2-8e56-9f72c6160288;3829be70-65a2-441c-aa37-bd7e067c3f13
2000-T.18.fol.15r;af18cc7a-fa8f-11e2-8e56-9f72c6160288;e0363771-7b2f-99b3-8050-12e81ba4c2ac
2000-T.18.fol.17r;af18cc7a-fa8f-11e2-8e56-9f72c6160288;8ef79034-6e45-decf-1768-ba69e6ce2163
2000-T.18.fol.18r;af18cc7a-fa8f-11e2-8e56-9f72c6160288;112be17d-b48f-c56a-97a3-fd4d53911e74
2000-T.18.fol.19v;af18cc7a-fa8f-11e2-8e56-9f72c6160288;8786011f-e017-9dbf-621a-298c57a4e3a6
2000-T.18.fol.20r;af18cc7a-fa8f-11e2-8e56-9f72c6160288;8786011f-e017-9dbf-621a-298c57a4e3a6
2000-T.18.fol.21v;af18cc7a-fa8f-11e2-8e56-9f72c6160288;d9795a8a-6f3d-d2f1-cc6d-e82062563b29
2000-T.18.fol.22r;af18cc7a-fa8f-11e2-8e56-9f72c6160288;d9795a8a-6f3d-d2f1-cc6d-e82062563b29
2000-T.18.fol.25v;af18cc7a-fa8f-11e2-8e56-9f72c6160288;f4cab00e-4360-7265-5a98-568371871124
2000-T.18.fol.26r;af18cc7a-fa8f-11e2-8e56-9f72c6160288;f4cab00e-4360-7265-5a98-568371871124
2000-T.18.fol.26v;af18cc7a-fa8f-11e2-8e56-9f72c6160288;5084817d-49bd-31c4-7db4-eb85105fd461
2000-T.18.fol.27r;af18cc7a-fa8f-11e2-8e56-9f72c6160288;5084817d-49bd-31c4-7db4-eb85105fd461
2000-T.18.fol.28r;af18cc7a-fa8f-11e2-8e56-9f72c6160288;c2ae5369-3242-9ae5-df28-73bee08e0001
2000-T.18.fol.29r;af18cc7a-fa8f-11e2-8e56-9f72c6160288;1baa69db-22f9-bb25-f55c-fac38fd98e78
2000-T.18.fol.30v;af18cc7a-fa8f-11e2-8e56-9f72c6160288;9a83ec36-2f18-4b43-3583-6de133403aeb
2000-T.18.fol.31r;af18cc7a-fa8f-11e2-8e56-9f72c6160288;9a83ec36-2f18-4b43-3583-6de133403aeb
2000-T.18.fol.31v;af18cc7a-fa8f-11e2-8e56-9f72c6160288;77c20bba-dd21-2712-8a67-565006b7a07b
2000-T.18.fol.32v;af18cc7a-fa8f-11e2-8e56-9f72c6160288;102cf2ca-ca57-d783-7f2f-bd8d5823f529
2000-T.18.fol.36r;af18cc7a-fa8f-11e2-8e56-9f72c6160288;084ee3b2-5e43-89d5-c458-4a99e2fd34f1
2000-T.18.fol.38r;af18cc7a-fa8f-11e2-8e56-9f72c6160288;df73c183-792b-2c15-71f7-584c965a04a2
2000-T.18.fol.40v;af18cc7a-fa8f-11e2-8e56-9f72c6160288;72420a30-dfaf-ea27-ae1f-f7e6ec8bf21a
2000-T.18.fol.41r;af18cc7a-fa8f-11e2-8e56-9f72c6160288;72420a30-dfaf-ea27-ae1f-f7e6ec8bf21a
2000-T.18.fol.41v;af18cc7a-fa8f-11e2-8e56-9f72c6160288;22dd0e2a-e43c-6640-255e-ca52e940507c
2000-T.18.fol.42r;af18cc7a-fa8f-11e2-8e56-9f72c6160288;22dd0e2a-e43c-6640-255e-ca52e940507c
2000-T.18.fol.42v;af18cc7a-fa8f-11e2-8e56-9f72c6160288;c2c59d48-30f6-a59b-184a-12e6452cc224
2000-T.18.fol.43r;af18cc7a-fa8f-11e2-8e56-9f72c6160288;c2c59d48-30f6-a59b-184a-12e6452cc224
2000-T.18.fol.43v;af18cc7a-fa8f-11e2-8e56-9f72c6160288;69b820df-fb86-46e3-b16b-53937d6e2289
2000-T.18.fol.44r;af18cc7a-fa8f-11e2-8e56-9f72c6160288;69b820df-fb86-46e3-b16b-53937d6e2289
2000-T.18.fol.44v;af18cc7a-fa8f-11e2-8e56-9f72c6160288;5755fa34-28b2-c875-79a5-dd5d290fbe4b
2000-T.18.fol.45r;af18cc7a-fa8f-11e2-8e56-9f72c6160288;5755fa34-28b2-c875-79a5-dd5d290fbe4b
2000-T.18.fol.46v;af18cc7a-fa8f-11e2-8e56-9f72c6160288;3b74119c-9a82-9e75-bcdd-2def005905b3
2000-T.18.fol.47v;af18cc7a-fa8f-11e2-8e56-9f72c6160288;e5bdfcae-cdd0-0334-0926-322e0d809b28
2000-T.18.fol.48v;af18cc7a-fa8f-11e2-8e56-9f72c6160288;07d60a6a-c6f1-b527-445e-e0577f9f6c24
2000-T.18.fol.49v;af18cc7a-fa8f-11e2-8e56-9f72c6160288;0172057b-0c1d-2b6c-934c-a78277df6afd
2000-T.18.fol.50r;af18cc7a-fa8f-11e2-8e56-9f72c6160288;0172057b-0c1d-2b6c-934c-a78277df6afd
2000-T.18.fol.51r;af18cc7a-fa8f-11e2-8e56-9f72c6160288;fc0bb6f8-1ba6-3c8b-7aed-d512ebb66915
2000-T.18.fol.51v;af18cc7a-fa8f-11e2-8e56-9f72c6160288;55d7ac36-d228-d691-170c-cae08ecfd700
2000-T.18.fol.52r;af18cc7a-fa8f-11e2-8e56-9f72c6160288;55d7ac36-d228-d691-170c-cae08ecfd700
2000-T.18.fol.52v;af18cc7a-fa8f-11e2-8e56-9f72c6160288;61474870-2c2a-8482-f592-51af03c18180
2000-T.18.fol.53r;af18cc7a-fa8f-11e2-8e56-9f72c6160288;61474870-2c2a-8482-f592-51af03c18180
2000-T.18.fol.53v;af18cc7a-fa8f-11e2-8e56-9f72c6160288;e53dea71-43c8-0537-4e2d-2987c4abfad6
2000-T.18.fol.54r;af18cc7a-fa8f-11e2-8e56-9f72c6160288;e53dea71-43c8-0537-4e2d-2987c4abfad6
2000-T.18.fol.54v;af18cc7a-fa8f-11e2-8e56-9f72c6160288;2e9a5f70-197e-2b0a-fdac-0ee00d7a24d8
2000-T.18.fol.55v;af18cc7a-fa8f-11e2-8e56-9f72c6160288;46d6f6c8-df1d-d11d-5a56-45b4ff59c6a3
2000-T.18.fol.56r;af18cc7a-fa8f-11e2-8e56-9f72c6160288;46d6f6c8-df1d-d11d-5a56-45b4ff59c6a3
2000-T.18.fol.56v;af18cc7a-fa8f-11e2-8e56-9f72c6160288;3c8508c5-2f27-b5ee-aa3f-fddda53357ca
2000-T.18.fol.57r;af18cc7a-fa8f-11e2-8e56-9f72c6160288;3c8508c5-2f27-b5ee-aa3f-fddda53357ca
2000-T.18.fol.58r;af18cc7a-fa8f-11e2-8e56-9f72c6160288;282ec83b-cf72-17e4-17fe-a847c8d75849
2000-T.18.fol.58v.fol.59r;af18cc7a-fa8f-11e2-8e56-9f72c6160288;909a083d-a28e-56c3-2ba0-e9afa6669ac4
2000-T.18.fol.59v;af18cc7a-fa8f-11e2-8e56-9f72c6160288;6ff84804-a2f5-cf35-45bc-8abdaf8da49e
2000-T.18.fol.60v;af18cc7a-fa8f-11e2-8e56-9f72c6160288;ea8332af-a72d-52fa-a229-da87ee834590
2000-T.18.fol.62r;af18cc7a-fa8f-11e2-8e56-9f72c6160288;edf42ee1-0a34-d442-239a-85a5e3be492a
2000-T.18.fol.63v;af18cc7a-fa8f-11e2-8e56-9f72c6160288;261e0df1-2541-1914-7ef1-947c12e4d762
2000-T.18.fol.64v;af18cc7a-fa8f-11e2-8e56-9f72c6160288;5670ac97-fff9-c1ae-3c8a-9fe7cca9432a
2000-T.18.fol.65v;af18cc7a-fa8f-11e2-8e56-9f72c6160288;fbe92182-27f1-11a9-63a5-597a45686ad1
2000-T.18.fol.66r;af18cc7a-fa8f-11e2-8e56-9f72c6160288;fbe92182-27f1-11a9-63a5-597a45686ad1
2000-T.18.fol.66v;af18cc7a-fa8f-11e2-8e56-9f72c6160288;48cd0c2b-ddcf-941c-ea71-3c9e699b331b
2000-T.18.fol.67r;af18cc7a-fa8f-11e2-8e56-9f72c6160288;48cd0c2b-ddcf-941c-ea71-3c9e699b331b
2000-T.18.fol.67v;af18cc7a-fa8f-11e2-8e56-9f72c6160288;b3c159cd-96c8-c811-22bd-6fdcd178aba6
2000-T.18.fol.68v;af18cc7a-fa8f-11e2-8e56-9f72c6160288;a6530bbe-7781-f131-8a9f-bf87a16a8d10
2000-T.18.fol.69v;af18cc7a-fa8f-11e2-8e56-9f72c6160288;5d82687e-3b9d-e053-1287-2c0fe1e41a72
2000-T.18.fol.70r;af18cc7a-fa8f-11e2-8e56-9f72c6160288;5d82687e-3b9d-e053-1287-2c0fe1e41a72
2000-T.18.fol.70v;af18cc7a-fa8f-11e2-8e56-9f72c6160288;b18ee779-864e-69f0-71a8-4c71dc084fa4
2000-T.18.fol.71r;af18cc7a-fa8f-11e2-8e56-9f72c6160288;b18ee779-864e-69f0-71a8-4c71dc084fa4
2000-T.19;af18cc7a-fa8f-11e2-8e56-9f72c6160288;f6fc4065-3152-ca94-ef6b-b1d820a3caae
2000-T.19.fol.01v;af18cc7a-fa8f-11e2-8e56-9f72c6160288;6844ddb6-5689-a358-63d8-ec33868d9d70
2000-T.19.fol.02r;af18cc7a-fa8f-11e2-8e56-9f72c6160288;6844ddb6-5689-a358-63d8-ec33868d9d70
2000-T.19.fol.02v;af18cc7a-fa8f-11e2-8e56-9f72c6160288;318abd0e-e8a0-06f9-c790-404c652f15a1
2000-T.19.fol.03r;af18cc7a-fa8f-11e2-8e56-9f72c6160288;318abd0e-e8a0-06f9-c790-404c652f15a1
2000-T.19.fol.05r;af18cc7a-fa8f-11e2-8e56-9f72c6160288;5a9f8b87-18ee-d8a0-43d4-12d5765b79ad
2000-T.19.fol.06r;af18cc7a-fa8f-11e2-8e56-9f72c6160288;03450182-b3d7-e0d9-9f63-48351b846f60
2000-T.19.fol.07r;af18cc7a-fa8f-11e2-8e56-9f72c6160288;47faf29c-1b9b-05b2-89d3-d90c5f90608a
2000-T.19.fol.08r;af18cc7a-fa8f-11e2-8e56-9f72c6160288;5842c00f-f05b-700c-6fe0-af03fa3a5771
2000-T.19.fol.08v;af18cc7a-fa8f-11e2-8e56-9f72c6160288;f78f0bd3-3d2f-0559-0833-70daca7c0697
2000-T.19.fol.09r;af18cc7a-fa8f-11e2-8e56-9f72c6160288;f78f0bd3-3d2f-0559-0833-70daca7c0697
2000-T.19.fol.09v;af18cc7a-fa8f-11e2-8e56-9f72c6160288;d212c094-b06b-ecb0-9da4-325871779fc4
2000-T.19.fol.10r;af18cc7a-fa8f-11e2-8e56-9f72c6160288;d212c094-b06b-ecb0-9da4-325871779fc4
2000-T.19.fol.12r;af18cc7a-fa8f-11e2-8e56-9f72c6160288;cdbd0b8e-f407-58eb-7380-09bb0e9e61bf
2000-T.19.fol.17v;af18cc7a-fa8f-11e2-8e56-9f72c6160288;ea080c58-9a7c-e95c-4a80-31177197cd35
2000-T.19.fol.21r;af18cc7a-fa8f-11e2-8e56-9f72c6160288;c6f7b704-4554-e803-bfc0-9a3e634524b2
2000-T.19.fol.24v;af18cc7a-fa8f-11e2-8e56-9f72c6160288;4191dbe2-e3c3-f4a2-887a-e02a97beb0aa
2000-T.19.fol.25v;af18cc7a-fa8f-11e2-8e56-9f72c6160288;c8b1455d-e6f8-abc7-49e7-06e80e78ba7b
2000-T.19.fol.26v;af18cc7a-fa8f-11e2-8e56-9f72c6160288;c63e916a-94dd-c57c-1eca-b816132909c0
2000-T.19.fol.27v;af18cc7a-fa8f-11e2-8e56-9f72c6160288;520372cf-9834-afda-5e55-f22db2083e08
2000-T.19.fol.29v;af18cc7a-fa8f-11e2-8e56-9f72c6160288;348807b6-79ef-32a4-2711-10bb685f67ce
2000-T.19.fol.30v;af18cc7a-fa8f-11e2-8e56-9f72c6160288;ba5bce2f-1793-596c-1763-638ff5afc783
2000-T.19.fol.31r;af18cc7a-fa8f-11e2-8e56-9f72c6160288;ba5bce2f-1793-596c-1763-638ff5afc783
2000-T.19.fol.32v;af18cc7a-fa8f-11e2-8e56-9f72c6160288;27359863-cbcf-d14d-3212-5ba63f210f58
2000-T.19.fol.33r;af18cc7a-fa8f-11e2-8e56-9f72c6160288;27359863-cbcf-d14d-3212-5ba63f210f58
2000-T.2;af18cc7a-fa8f-11e2-8e56-9f72c6160288;523ecc10-6aeb-d5c3-8fa3-923486546e83
2000-T.20;af18cc7a-fa8f-11e2-8e56-9f72c6160288;558f27d7-fe1f-1072-4d89-7f2f61c4a5af
2000-T.20.fol.01r;af18cc7a-fa8f-11e2-8e56-9f72c6160288;e6df17e8-7953-d68d-b08c-a71b49b36a5d
2000-T.20.fol.02r;af18cc7a-fa8f-11e2-8e56-9f72c6160288;52c3bfc4-c67c-e4b4-5381-771f49b3572b
2000-T.20.fol.03r;af18cc7a-fa8f-11e2-8e56-9f72c6160288;2e047534-cd4c-4157-2ad8-465bc94acfa9
2000-T.20.fol.03v;af18cc7a-fa8f-11e2-8e56-9f72c6160288;3939a4a0-6d7a-2825-8df0-878558a3419b
2000-T.20.fol.04r;af18cc7a-fa8f-11e2-8e56-9f72c6160288;3939a4a0-6d7a-2825-8df0-878558a3419b
2000-T.20.fol.05r;af18cc7a-fa8f-11e2-8e56-9f72c6160288;64d5dfde-55fb-f70a-12ad-a00985b5edbe
2000-T.20.fol.05v;af18cc7a-fa8f-11e2-8e56-9f72c6160288;22a31826-58c8-9d27-fdb9-0d6949f66d70
2000-T.20.fol.06r;af18cc7a-fa8f-11e2-8e56-9f72c6160288;22a31826-58c8-9d27-fdb9-0d6949f66d70
2000-T.20.fol.07r;af18cc7a-fa8f-11e2-8e56-9f72c6160288;8a5c9f31-2400-89f2-4b5c-3b1e9448eaad
2000-T.20.fol.08r;af18cc7a-fa8f-11e2-8e56-9f72c6160288;c0674166-60f2-c1f1-4060-86eac7e4c507
2000-T.20.fol.09r;af18cc7a-fa8f-11e2-8e56-9f72c6160288;7d2d31d7-ceea-8efc-ffbd-2893121ab191
2000-T.20.fol.09v;af18cc7a-fa8f-11e2-8e56-9f72c6160288;e74b7a41-d8a7-2ae0-52ff-4a455501fada
2000-T.20.fol.10r;af18cc7a-fa8f-11e2-8e56-9f72c6160288;e74b7a41-d8a7-2ae0-52ff-4a455501fada
2000-T.20.fol.12r;af18cc7a-fa8f-11e2-8e56-9f72c6160288;ada533c3-7bff-1224-165d-4d844446049b
2000-T.20.fol.13r;af18cc7a-fa8f-11e2-8e56-9f72c6160288;611fab75-ed48-fc2d-cc03-b7d43ebc717c
2000-T.20.fol.14r;af18cc7a-fa8f-11e2-8e56-9f72c6160288;27263936-d635-0376-6868-e0796d2c8cda
2000-T.20.fol.15r;af18cc7a-fa8f-11e2-8e56-9f72c6160288;afb52c30-d70a-2c1a-5243-f5c696c2a046
2000-T.20.fol.16r;af18cc7a-fa8f-11e2-8e56-9f72c6160288;c30f8d65-fca8-6ff3-19bb-b06fd02cf872
2000-T.20.fol.17r;af18cc7a-fa8f-11e2-8e56-9f72c6160288;c3eac852-be07-3022-a044-841a9c1618c2
2000-T.20.fol.18r;af18cc7a-fa8f-11e2-8e56-9f72c6160288;16b8dda9-f8d7-c137-ce01-13ea1a84eedc
2000-T.20.fol.19r;af18cc7a-fa8f-11e2-8e56-9f72c6160288;f2df27eb-d695-87f8-9efb-6a491e91c0f7
2000-T.20.fol.22r;af18cc7a-fa8f-11e2-8e56-9f72c6160288;df380e0e-4b2f-f4e3-53a2-b6b87b8f6ddc
2000-T.20.fol.40v;af18cc7a-fa8f-11e2-8e56-9f72c6160288;34972ed1-a00e-b9d2-0aee-8b9e9049218d
2000-T.20.fol.47v;af18cc7a-fa8f-11e2-8e56-9f72c6160288;5efaca3e-af10-3d84-2172-153b4d5c69ff
2000-T.20.fol.52r;af18cc7a-fa8f-11e2-8e56-9f72c6160288;c14d98dd-a24b-b4b5-cc0e-f96f20afdfe8
2000-T.20.fol.52v;af18cc7a-fa8f-11e2-8e56-9f72c6160288;cbce7905-3803-faf1-1f87-dfc038e1f9a3
2000-T.21;af18cc7a-fa8f-11e2-8e56-9f72c6160288;b9d8b339-a2e2-2f36-353e-b69aa4d7f8b3
2000-T.21.fol.01v;af18cc7a-fa8f-11e2-8e56-9f72c6160288;846e0688-d028-5124-6a53-746c4e15c2ba
2000-T.21.fol.02r;af18cc7a-fa8f-11e2-8e56-9f72c6160288;846e0688-d028-5124-6a53-746c4e15c2ba
2000-T.21.fol.03v;af18cc7a-fa8f-11e2-8e56-9f72c6160288;8f0f38e6-b816-5168-a831-a8839e7f301e
2000-T.21.fol.05r;af18cc7a-fa8f-11e2-8e56-9f72c6160288;d242e1bf-9a98-93ec-4710-dac97d60ce9e
2000-T.21.fol.06v;af18cc7a-fa8f-11e2-8e56-9f72c6160288;22087aac-4cd7-7ffb-34b3-1faa1de41542
2000-T.21.fol.08r;af18cc7a-fa8f-11e2-8e56-9f72c6160288;d98354b2-1754-2ed9-bc8a-80f48f4a4863
2000-T.21.fol.09v;af18cc7a-fa8f-11e2-8e56-9f72c6160288;183d1d43-0d19-f7f1-8697-2e6cc199879e
2000-T.21.fol.10v;af18cc7a-fa8f-11e2-8e56-9f72c6160288;b9cc8a0f-3541-68bf-fb6c-529612f00581
2000-T.21.fol.12r;af18cc7a-fa8f-11e2-8e56-9f72c6160288;a7380bce-f4c5-e4f0-d72d-c865d26ca61e
2000-T.21.fol.13v;af18cc7a-fa8f-11e2-8e56-9f72c6160288;362b530b-5653-a574-4816-3bea85aa6f70
2000-T.21.fol.16v;af18cc7a-fa8f-11e2-8e56-9f72c6160288;c3781f62-3a98-e1fe-1ef7-7815e6993a56
2000-T.21.fol.18v.fol.19r;af18cc7a-fa8f-11e2-8e56-9f72c6160288;72be05f6-b17d-a65b-ccb1-fd5b00b65ee6
2000-T.21.fol.19v;af18cc7a-fa8f-11e2-8e56-9f72c6160288;361714af-9b3d-2800-cb2b-c43907cfd82d
2000-T.21.fol.20v;af18cc7a-fa8f-11e2-8e56-9f72c6160288;8ffdacdd-a2f3-6c25-b97b-886613d9872c
2000-T.21.fol.21v;af18cc7a-fa8f-11e2-8e56-9f72c6160288;0937afbe-f510-037a-b2d5-a93d23136f53
2000-T.21.fol.22v;af18cc7a-fa8f-11e2-8e56-9f72c6160288;6026988a-867d-5ede-10d5-56f976bada3b
2000-T.21.fol.23r;af18cc7a-fa8f-11e2-8e56-9f72c6160288;6026988a-867d-5ede-10d5-56f976bada3b
2000-T.21.fol.24r;af18cc7a-fa8f-11e2-8e56-9f72c6160288;a2d60040-07d7-8d62-3e87-b9e56f34d1d7
2000-T.21.fol.24v;af18cc7a-fa8f-11e2-8e56-9f72c6160288;1cffd0ed-506a-44dd-ad0d-2db4a5e32dc0
2000-T.21.fol.25r;af18cc7a-fa8f-11e2-8e56-9f72c6160288;1cffd0ed-506a-44dd-ad0d-2db4a5e32dc0
2000-T.21.fol.27r;af18cc7a-fa8f-11e2-8e56-9f72c6160288;7fc437c7-92d8-50e9-acf6-3131c75bbc4a
2000-T.21.fol.28r;af18cc7a-fa8f-11e2-8e56-9f72c6160288;f3dda38b-11ad-966d-f738-0441c7c8ca42
2000-T.21.fol.31r;af18cc7a-fa8f-11e2-8e56-9f72c6160288;ceacc75e-1261-e55c-70fc-54f1fe15819e
2000-T.21.fol.31v;af18cc7a-fa8f-11e2-8e56-9f72c6160288;46746180-7ec9-09f0-f5c4-304c0991148b
2000-T.21.fol.32v;af18cc7a-fa8f-11e2-8e56-9f72c6160288;dd4cb319-c07c-783b-d4e7-1f1d935e4775
2000-T.21.fol.34v;af18cc7a-fa8f-11e2-8e56-9f72c6160288;b8c051ee-7436-7d44-c7f0-c4b978a3f9b0
2000-T.21.fol.35r;af18cc7a-fa8f-11e2-8e56-9f72c6160288;b8c051ee-7436-7d44-c7f0-c4b978a3f9b0
2000-T.21.fol.36r;af18cc7a-fa8f-11e2-8e56-9f72c6160288;e6ba14a4-923d-92eb-3791-d8faecbace7e
2000-T.21.fol.36v;af18cc7a-fa8f-11e2-8e56-9f72c6160288;c1e609fd-5ca0-a334-6d33-98e425b633f7
2000-T.21.fol.37v;af18cc7a-fa8f-11e2-8e56-9f72c6160288;3b2a82f7-7564-e6e4-14f4-d0d861c13b9c
2000-T.21.fol.39v;af18cc7a-fa8f-11e2-8e56-9f72c6160288;73ce8ab6-eb12-7ad6-11f5-5aff68e85dc6
2000-T.21.fol.40;af18cc7a-fa8f-11e2-8e56-9f72c6160288;73ce8ab6-eb12-7ad6-11f5-5aff68e85dc6
2000-T.21.fol.40v.fol.41r;af18cc7a-fa8f-11e2-8e56-9f72c6160288;79ace98f-2bca-f089-a234-9343a8e00fec
2000-T.21.fol.43v;af18cc7a-fa8f-11e2-8e56-9f72c6160288;5323925e-263b-83f3-6ac4-b62a079407f1
2000-T.21.fol.44v;af18cc7a-fa8f-11e2-8e56-9f72c6160288;ddbbd190-bc27-4e9d-5598-ad56b65231b4
2000-T.21.fol.45r;af18cc7a-fa8f-11e2-8e56-9f72c6160288;ddbbd190-bc27-4e9d-5598-ad56b65231b4
2000-T.21.fol.45v;af18cc7a-fa8f-11e2-8e56-9f72c6160288;f5ce1e49-2c14-dcf0-1310-047dd4ca435f
2000-T.22;af18cc7a-fa8f-11e2-8e56-9f72c6160288;f32bf7b3-4869-bb17-03c5-8b0fe81856ff
2000-T.22.fol.01r;af18cc7a-fa8f-11e2-8e56-9f72c6160288;e66d83e7-e176-a71a-12ea-a7590c5b08d2
2000-T.22.fol.02r;af18cc7a-fa8f-11e2-8e56-9f72c6160288;f2341692-4d78-ff46-1840-e586bbb11e4e
2000-T.22.fol.03r;af18cc7a-fa8f-11e2-8e56-9f72c6160288;40d6514c-ed9b-f86e-b809-95aa96a4ca24
2000-T.22.fol.04r;af18cc7a-fa8f-11e2-8e56-9f72c6160288;70ab796b-69c1-395f-b451-5eb45f0e591f
2000-T.22.fol.05r;af18cc7a-fa8f-11e2-8e56-9f72c6160288;e72d09f7-d110-5b45-badc-ac2caa690fbb
2000-T.22.fol.07v;af18cc7a-fa8f-11e2-8e56-9f72c6160288;92cdbdc4-081c-be2d-5276-1fce05df751e
2000-T.22.fol.08r;af18cc7a-fa8f-11e2-8e56-9f72c6160288;92cdbdc4-081c-be2d-5276-1fce05df751e
2000-T.22.fol.09r;af18cc7a-fa8f-11e2-8e56-9f72c6160288;8c1e81dc-3886-48ce-013e-f8a40847166c
2000-T.22.fol.10r;af18cc7a-fa8f-11e2-8e56-9f72c6160288;ff5e8c7b-3b7d-cf86-cdb9-5e4020a27c59
2000-T.22.fol.11r;af18cc7a-fa8f-11e2-8e56-9f72c6160288;e397fe04-c2dc-5acb-f87b-f362109f2f9c
2000-T.22.fol.11v;af18cc7a-fa8f-11e2-8e56-9f72c6160288;122a8c1b-cc73-ee30-1ef7-76bde2414185
2000-T.22.fol.12r;af18cc7a-fa8f-11e2-8e56-9f72c6160288;122a8c1b-cc73-ee30-1ef7-76bde2414185
2000-T.22.fol.12v;af18cc7a-fa8f-11e2-8e56-9f72c6160288;a14a381b-8e43-858d-0ad2-288b4885ad3e
2000-T.22.fol.13r;af18cc7a-fa8f-11e2-8e56-9f72c6160288;a14a381b-8e43-858d-0ad2-288b4885ad3e
2000-T.22.fol.13v;af18cc7a-fa8f-11e2-8e56-9f72c6160288;5e0c933b-a455-eb92-667c-7ecf32a032bb
2000-T.22.fol.14v;af18cc7a-fa8f-11e2-8e56-9f72c6160288;093d63c7-fc4c-cfce-3e12-58d65fd28bbf
2000-T.22.fol.15v;af18cc7a-fa8f-11e2-8e56-9f72c6160288;bc1328a6-73e7-bee9-7bc7-d8672444587e
2000-T.22.fol.16r;af18cc7a-fa8f-11e2-8e56-9f72c6160288;bc1328a6-73e7-bee9-7bc7-d8672444587e
2000-T.22.fol.16v;af18cc7a-fa8f-11e2-8e56-9f72c6160288;3bac0589-d657-5110-6863-5503b7fc31d8
2000-T.22.fol.17v;af18cc7a-fa8f-11e2-8e56-9f72c6160288;32f34959-5bd9-d9fd-d6d2-445a658b4aed
2000-T.22.fol.18v;af18cc7a-fa8f-11e2-8e56-9f72c6160288;7391fa89-3e48-a0fb-4870-f079a67b257b
2000-T.22.fol.19v;af18cc7a-fa8f-11e2-8e56-9f72c6160288;9034866c-fc21-ba57-2b2b-ea1a3439fdea
2000-T.22.fol.20v;af18cc7a-fa8f-11e2-8e56-9f72c6160288;6661728e-69e9-fec7-0ec7-4ac393e8d327
2000-T.22.fol.21v;af18cc7a-fa8f-11e2-8e56-9f72c6160288;4ab103a8-518e-892b-3af9-59f91cb2b852
2000-T.22.fol.23v;af18cc7a-fa8f-11e2-8e56-9f72c6160288;4a4e620c-f637-e367-fee0-f64756a0c36a
2000-T.22.fol.24v;af18cc7a-fa8f-11e2-8e56-9f72c6160288;8043e5d8-b027-a2ba-16d2-20920f060686
2000-T.22.fol.25v;af18cc7a-fa8f-11e2-8e56-9f72c6160288;3caad257-9d39-a0a0-cec5-0eaa49f3a1ac
2000-T.22.fol.26v;af18cc7a-fa8f-11e2-8e56-9f72c6160288;111f83e7-42e7-2abd-27f6-4a930a5fa410
2000-T.22.fol.27v;af18cc7a-fa8f-11e2-8e56-9f72c6160288;8e659f55-ce86-66b4-1abb-e21cd05f4e6e
2000-T.22.fol.28v;af18cc7a-fa8f-11e2-8e56-9f72c6160288;2349bd88-5cb1-1306-dfa3-b83af9cb100c
2000-T.22.fol.29v;af18cc7a-fa8f-11e2-8e56-9f72c6160288;070dc189-cc55-abde-9ded-15d20d04e404
2000-T.22.fol.30v;af18cc7a-fa8f-11e2-8e56-9f72c6160288;bcdd69c4-b0f1-7e00-be79-a9cebe03f27e
2000-T.22.fol.31r;af18cc7a-fa8f-11e2-8e56-9f72c6160288;bcdd69c4-b0f1-7e00-be79-a9cebe03f27e
2000-T.22.fol.31v;af18cc7a-fa8f-11e2-8e56-9f72c6160288;da8960b3-194e-b524-8b45-5efe6ba459cf
2000-T.22.fol.32v;af18cc7a-fa8f-11e2-8e56-9f72c6160288;256c05f3-6b97-f294-a054-7e61bef00ee2
2000-T.22.fol.33v;af18cc7a-fa8f-11e2-8e56-9f72c6160288;8def77fb-5e45-a375-3656-3d1eefa734e4
2000-T.22.fol.34v;af18cc7a-fa8f-11e2-8e56-9f72c6160288;74110d4b-ab09-c69f-36cc-ee82775eeb12
2000-T.22.fol.35v;af18cc7a-fa8f-11e2-8e56-9f72c6160288;26a4f186-a315-0f56-f7c5-cc60c4e2941a
2000-T.22.fol.36v;af18cc7a-fa8f-11e2-8e56-9f72c6160288;a3a15bf2-573d-0304-0e88-4cb940d3f359
2000-T.22.fol.37v;af18cc7a-fa8f-11e2-8e56-9f72c6160288;66c3b850-e6d0-258d-e262-2a0240356fd0
2000-T.22.fol.38v;af18cc7a-fa8f-11e2-8e56-9f72c6160288;6d9fd7f8-fe44-a805-1986-ad455b4edab3
2000-T.22.fol.39v;af18cc7a-fa8f-11e2-8e56-9f72c6160288;eca06513-7b40-6f67-375f-eedf13fc96a9
2000-T.22.fol.40v;af18cc7a-fa8f-11e2-8e56-9f72c6160288;97716cf3-a236-48a4-d22d-d9c34e7d5bd9
2000-T.22.fol.41v;af18cc7a-fa8f-11e2-8e56-9f72c6160288;c07f3001-d400-d70f-5db3-807c9ff6a2c8
2000-T.22.fol.42v.fol.43r;af18cc7a-fa8f-11e2-8e56-9f72c6160288;b60637b9-c80a-0197-6fab-dfaab8435979
2000-T.22.fol.43v;af18cc7a-fa8f-11e2-8e56-9f72c6160288;f0d6adfa-124f-c1fc-9b5f-53f2d4c06b4a
2000-T.22.fol.44r;af18cc7a-fa8f-11e2-8e56-9f72c6160288;f0d6adfa-124f-c1fc-9b5f-53f2d4c06b4a
2000-T.23;af18cc7a-fa8f-11e2-8e56-9f72c6160288;5e68fd67-ded0-f5bb-2a95-d82c8326f8ed
2000-T.23.fol.00;af18cc7a-fa8f-11e2-8e56-9f72c6160288;537e2528-b192-0f72-4a69-8b5c97eed6f4
2000-T.23.fol.01r;af18cc7a-fa8f-11e2-8e56-9f72c6160288;537e2528-b192-0f72-4a69-8b5c97eed6f4
2000-T.23.fol.02r;af18cc7a-fa8f-11e2-8e56-9f72c6160288;a6f8e80b-3fb9-e59c-4612-e5f675d6a203
2000-T.23.fol.03r;af18cc7a-fa8f-11e2-8e56-9f72c6160288;50987b67-e01d-31bd-86a8-0ab7d7e8fdab
2000-T.23.fol.04r;af18cc7a-fa8f-11e2-8e56-9f72c6160288;1449877f-2440-4baf-79d5-d720a41d7cb6
2000-T.23.fol.05r;af18cc7a-fa8f-11e2-8e56-9f72c6160288;d367de9c-8d4c-0a64-8dd0-41df163f694f
2000-T.23.fol.06r;af18cc7a-fa8f-11e2-8e56-9f72c6160288;78979b7f-5a9e-7a3d-b8e4-f6d340fdccb5
2000-T.23.fol.07r;af18cc7a-fa8f-11e2-8e56-9f72c6160288;f1cd35d8-948c-5a2a-7ec4-55a6fcda1e7d
2000-T.23.fol.08r;af18cc7a-fa8f-11e2-8e56-9f72c6160288;859c323f-704b-6877-b166-179ba762f45e
2000-T.23.fol.09r;af18cc7a-fa8f-11e2-8e56-9f72c6160288;e2a05ed3-5626-6945-de93-c814f0b56880
2000-T.23.fol.10v;af18cc7a-fa8f-11e2-8e56-9f72c6160288;fc9cdcb4-cef6-15d0-b84a-e805dd7af700
2000-T.23.fol.11r;af18cc7a-fa8f-11e2-8e56-9f72c6160288;fc9cdcb4-cef6-15d0-b84a-e805dd7af700
2000-T.23.fol.12r;af18cc7a-fa8f-11e2-8e56-9f72c6160288;bc5e6c92-8c5e-4dd7-6d0e-ec69230793f4
2000-T.23.fol.13r;af18cc7a-fa8f-11e2-8e56-9f72c6160288;4a81a8eb-db45-3bbb-7575-168f35590d81
2000-T.23.fol.14r;af18cc7a-fa8f-11e2-8e56-9f72c6160288;32c6e6de-7e8a-955b-79ba-4acc1213c7c1
2000-T.23.fol.14v;af18cc7a-fa8f-11e2-8e56-9f72c6160288;4d47010a-3472-0051-b1ea-9622675aefa4
2000-T.23.fol.15r;af18cc7a-fa8f-11e2-8e56-9f72c6160288;4d47010a-3472-0051-b1ea-9622675aefa4
2000-T.23.fol.16r;af18cc7a-fa8f-11e2-8e56-9f72c6160288;f18fe9ed-6f9b-710e-8fe2-5bf47fb243f9
2000-T.23.fol.17r;af18cc7a-fa8f-11e2-8e56-9f72c6160288;f7b6a4bb-e1b8-9a75-eb76-b38a86428451
2000-T.23.fol.18r;af18cc7a-fa8f-11e2-8e56-9f72c6160288;f1f29288-898b-c5b3-176b-ca9ce2e1c347
2000-T.23.fol.19r;af18cc7a-fa8f-11e2-8e56-9f72c6160288;ea456fa8-993a-bcf7-eb63-4c4a3946f1e9
2000-T.23.fol.20r;af18cc7a-fa8f-11e2-8e56-9f72c6160288;926f76e1-2085-bd8b-2253-ce720bf17ce5
2000-T.23.fol.21r;af18cc7a-fa8f-11e2-8e56-9f72c6160288;2a0f7d27-c23c-8b5b-a88b-56a34acf89da
2000-T.23.fol.22r;af18cc7a-fa8f-11e2-8e56-9f72c6160288;c2760204-36de-da31-f234-40c92f1b56eb
2000-T.23.fol.24r;af18cc7a-fa8f-11e2-8e56-9f72c6160288;f012fb23-0844-408a-9176-4c98ee0913e6
2000-T.23.fol.25r;af18cc7a-fa8f-11e2-8e56-9f72c6160288;e0ff5b25-5029-75df-e078-f3659d739f77
2000-T.23.fol.26r;af18cc7a-fa8f-11e2-8e56-9f72c6160288;367467ba-332c-030d-c276-672a6438bdb8
2000-T.23.fol.27r;af18cc7a-fa8f-11e2-8e56-9f72c6160288;ca920d8b-675e-efeb-5a4c-00573d10be5d
2000-T.23.fol.28r;af18cc7a-fa8f-11e2-8e56-9f72c6160288;c988f1ee-e26f-dd97-3453-8600fc38ed19
2000-T.23.fol.28v;af18cc7a-fa8f-11e2-8e56-9f72c6160288;79fc63c4-f903-3901-3614-2ae61b89545d
2000-T.23.fol.29r;af18cc7a-fa8f-11e2-8e56-9f72c6160288;79fc63c4-f903-3901-3614-2ae61b89545d
2000-T.23.fol.30r;af18cc7a-fa8f-11e2-8e56-9f72c6160288;bc7d2048-acfa-e95f-af2f-d02922d2d246
2000-T.23.fol.31r;af18cc7a-fa8f-11e2-8e56-9f72c6160288;aa97c8f4-cf34-fd6e-aeec-26b9d1c5acaf
2000-T.23.fol.38v;af18cc7a-fa8f-11e2-8e56-9f72c6160288;1be21974-7d44-a16d-021a-f7aec1bf9943
2000-T.23.fol.39v;af18cc7a-fa8f-11e2-8e56-9f72c6160288;5bd1a150-a02a-31bf-73a3-d12df2fce7e1
2000-T.23.fol.40v;af18cc7a-fa8f-11e2-8e56-9f72c6160288;ed697d78-76b1-1f28-0c90-31b70e5ad4d2
2000-T.23.fol.41v;af18cc7a-fa8f-11e2-8e56-9f72c6160288;5b3073ac-02e7-42dd-7b85-c3138c45d6cf
2000-T.23.fol.42v;af18cc7a-fa8f-11e2-8e56-9f72c6160288;cdaccd42-3ebc-5217-f21b-8367ec9e4858
2000-T.23.fol.43r;af18cc7a-fa8f-11e2-8e56-9f72c6160288;cdaccd42-3ebc-5217-f21b-8367ec9e4858
2000-T.23.fol.43v;af18cc7a-fa8f-11e2-8e56-9f72c6160288;17ddd5ef-ff6e-71f4-d345-8773f76bc6c0
2000-T.23.fol.44r;af18cc7a-fa8f-11e2-8e56-9f72c6160288;17ddd5ef-ff6e-71f4-d345-8773f76bc6c0
2000-T.23.fol.44v;af18cc7a-fa8f-11e2-8e56-9f72c6160288;f651f6c5-ddb7-fb8f-7cf1-157e6f93cd97
2000-T.23.fol.45v;af18cc7a-fa8f-11e2-8e56-9f72c6160288;2d48eda7-06a6-0199-27af-7071b0c0a877
2000-T.23.fol.46v;af18cc7a-fa8f-11e2-8e56-9f72c6160288;d7684d5d-fbd3-24ac-c51d-5a06c72b9a2d
2000-T.23.fol.47v;af18cc7a-fa8f-11e2-8e56-9f72c6160288;a328578d-a6b8-472e-42a1-fd914b86b958
2000-T.23.fol.48v;af18cc7a-fa8f-11e2-8e56-9f72c6160288;25dc2115-91bd-1ee3-c6f3-5985b2a81337
2000-T.23.fol.49v;af18cc7a-fa8f-11e2-8e56-9f72c6160288;72f69b88-0cbe-fb52-eb10-af993d1a1abc
2000-T.23.fol.50v;af18cc7a-fa8f-11e2-8e56-9f72c6160288;e98f54e4-a590-5299-31e7-d66f86b45557
2000-T.23.fol.51v;af18cc7a-fa8f-11e2-8e56-9f72c6160288;601b2b42-3024-f43f-23c6-a41e5b173c2e
2000-T.24;af18cc7a-fa8f-11e2-8e56-9f72c6160288;e8440d9d-2dfd-d70b-bd3e-9a6644536a2b
2000-T.24.fol.01r;af18cc7a-fa8f-11e2-8e56-9f72c6160288;0fd26fb9-c954-a5b1-e365-ac383c2edae5
2000-T.24.fol.02r;af18cc7a-fa8f-11e2-8e56-9f72c6160288;0d4955d8-581b-5a91-3204-b562597a8066
2000-T.24.fol.03r;af18cc7a-fa8f-11e2-8e56-9f72c6160288;6fe85625-9ed6-bba6-f8b0-f160c04cbed8
2000-T.24.fol.03v.fol.04r;af18cc7a-fa8f-11e2-8e56-9f72c6160288;a4b57767-fc3e-2a6e-9ec7-6c41c7055e5e
2000-T.24.fol.05r;af18cc7a-fa8f-11e2-8e56-9f72c6160288;b07985d8-3916-cac7-824d-e989e82b1043
2000-T.24.fol.05v;af18cc7a-fa8f-11e2-8e56-9f72c6160288;a1f18e8f-4685-ee06-0d12-e39585241068
2000-T.24.fol.06r;af18cc7a-fa8f-11e2-8e56-9f72c6160288;a1f18e8f-4685-ee06-0d12-e39585241068
2000-T.24.fol.07r;af18cc7a-fa8f-11e2-8e56-9f72c6160288;b2cd2948-8005-7891-596e-8b07aa78e7b6
2000-T.24.fol.08r;af18cc7a-fa8f-11e2-8e56-9f72c6160288;c68faf28-c646-2120-7ec6-db9cd740b768
2000-T.24.fol.09r;af18cc7a-fa8f-11e2-8e56-9f72c6160288;6d3ebae9-9377-37ad-bf0c-431e1fdcad92
2000-T.24.fol.10r;af18cc7a-fa8f-11e2-8e56-9f72c6160288;51d654cf-c8bb-0875-7c9a-f0beb6bb49dd
2000-T.24.fol.11r;af18cc7a-fa8f-11e2-8e56-9f72c6160288;b450a8c9-1e5b-9f2b-b208-6810675aa783
2000-T.24.fol.11v;af18cc7a-fa8f-11e2-8e56-9f72c6160288;539b3f51-09c5-a749-6fbc-91b5802755e7
2000-T.24.fol.12r;af18cc7a-fa8f-11e2-8e56-9f72c6160288;539b3f51-09c5-a749-6fbc-91b5802755e7
2000-T.24.fol.13r;af18cc7a-fa8f-11e2-8e56-9f72c6160288;a7220e28-4965-a208-02db-265e37beb84e
2000-T.24.fol.14r;af18cc7a-fa8f-11e2-8e56-9f72c6160288;4b85769e-cc86-4aaf-8b20-1740f18172a4
2000-T.24.fol.15r;af18cc7a-fa8f-11e2-8e56-9f72c6160288;62c3179c-0322-4c8a-5fe9-ed398697feab
2000-T.24.fol.15v;af18cc7a-fa8f-11e2-8e56-9f72c6160288;6b2d485f-69d7-c809-1ac0-922910452c48
2000-T.24.fol.16r;af18cc7a-fa8f-11e2-8e56-9f72c6160288;6b2d485f-69d7-c809-1ac0-922910452c48
2000-T.24.fol.17r;af18cc7a-fa8f-11e2-8e56-9f72c6160288;18b9fe60-7e46-b143-b5be-780c89839359
2000-T.24.fol.18r;af18cc7a-fa8f-11e2-8e56-9f72c6160288;cc1899e8-610c-2860-a6e7-9d5ace38e353
2000-T.24.fol.18v;af18cc7a-fa8f-11e2-8e56-9f72c6160288;1bfe8eae-c750-665c-916e-6ad00b60b6a7
2000-T.24.fol.19r;af18cc7a-fa8f-11e2-8e56-9f72c6160288;1bfe8eae-c750-665c-916e-6ad00b60b6a7
2000-T.24.fol.28v;af18cc7a-fa8f-11e2-8e56-9f72c6160288;557071ce-8749-8440-a9fb-64779b6baa42
2000-T.24.fol.32v;af18cc7a-fa8f-11e2-8e56-9f72c6160288;425b5403-effe-58df-f5f5-a9235d3052f8
2000-T.24.fol.35v;af18cc7a-fa8f-11e2-8e56-9f72c6160288;9dced998-1e9b-c893-33a7-868f16831460
2000-T.24.fol.36r;af18cc7a-fa8f-11e2-8e56-9f72c6160288;9dced998-1e9b-c893-33a7-868f16831460
2000-T.24.fol.36v;af18cc7a-fa8f-11e2-8e56-9f72c6160288;b3157d2c-135a-b1a6-1744-2d84f7cdf13d
2000-T.24.fol.37v;af18cc7a-fa8f-11e2-8e56-9f72c6160288;f4d18d7d-d33e-bf59-0e9e-35913fb4f6a7
2000-T.24.fol.38v;af18cc7a-fa8f-11e2-8e56-9f72c6160288;e71a6743-86f0-df3a-544d-af006228b46d
2000-T.24.fol.39v;af18cc7a-fa8f-11e2-8e56-9f72c6160288;06b2f154-773d-dfd7-6a2e-d25c64b9bc6d
2000-T.24.fol.40r;af18cc7a-fa8f-11e2-8e56-9f72c6160288;06b2f154-773d-dfd7-6a2e-d25c64b9bc6d
2000-T.24.fol.40v;af18cc7a-fa8f-11e2-8e56-9f72c6160288;8505b175-b4b7-973e-8de6-e1915ad03916
2000-T.24.fol.41v;af18cc7a-fa8f-11e2-8e56-9f72c6160288;59fe4206-5838-7e0c-2e71-3e9cb53e693c
2000-T.24.fol.42v;af18cc7a-fa8f-11e2-8e56-9f72c6160288;81f3edcc-8dbe-9d81-d14d-458ddd94793e
2000-T.24.fol.43v;af18cc7a-fa8f-11e2-8e56-9f72c6160288;062dee29-0159-993d-93e2-8f191c33f454
2000-T.24.fol.44v;af18cc7a-fa8f-11e2-8e56-9f72c6160288;aba754fd-3bc6-928b-e23a-c9b58b3dc852
2000-T.24.fol.47v;af18cc7a-fa8f-11e2-8e56-9f72c6160288;ef9079c4-7018-2d0b-1bc4-01b9080d0108
2000-T.25;af18cc7a-fa8f-11e2-8e56-9f72c6160288;3724bdbb-f46d-7669-7fe7-7397c0006083
2000-T.25.fol.01r;af18cc7a-fa8f-11e2-8e56-9f72c6160288;b01c0d6d-e48d-950f-0b12-bf68a76aeb5f
2000-T.25.fol.03r;af18cc7a-fa8f-11e2-8e56-9f72c6160288;59928aea-422c-cd63-f8ab-53de204fcbee
2000-T.25.fol.04r;af18cc7a-fa8f-11e2-8e56-9f72c6160288;81289827-7e69-e54a-1dd8-017dc18b9e32
2000-T.25.fol.05r;af18cc7a-fa8f-11e2-8e56-9f72c6160288;7007fba3-f319-0ff3-df94-5311e2268216
2000-T.25.fol.05v;af18cc7a-fa8f-11e2-8e56-9f72c6160288;feebd023-0816-a464-3565-1635cfba7dec
2000-T.25.fol.10r;af18cc7a-fa8f-11e2-8e56-9f72c6160288;88099af7-bd5b-6a12-78f7-7daf2de1b90c
2000-T.25.fol.16v;af18cc7a-fa8f-11e2-8e56-9f72c6160288;0a5c9f04-b8dd-2f0e-d64c-04b6e1fe5db2
2000-T.25.fol.20v;af18cc7a-fa8f-11e2-8e56-9f72c6160288;89d67dcb-e7bc-aa6d-4836-61a7654a3492
2000-T.25.fol.21v;af18cc7a-fa8f-11e2-8e56-9f72c6160288;29817b07-f680-5177-dbb3-19020e269a34
2000-T.25.fol.23r;af18cc7a-fa8f-11e2-8e56-9f72c6160288;7fbdc9fe-2fc5-3c17-3542-b7057c86a1cf
2000-T.25.fol.23v;af18cc7a-fa8f-11e2-8e56-9f72c6160288;757682ef-1a3f-73aa-7d9e-00209c01c3e9
2000-T.25.fol.24v;af18cc7a-fa8f-11e2-8e56-9f72c6160288;c0442370-9dc3-ae35-9504-54c76cf7c438
2000-T.25.fol.25v;af18cc7a-fa8f-11e2-8e56-9f72c6160288;452e0bf0-aeff-87a3-05d7-5fc79fd32596
2000-T.25.fol.26r;af18cc7a-fa8f-11e2-8e56-9f72c6160288;452e0bf0-aeff-87a3-05d7-5fc79fd32596
2000-T.25.fol.27r;af18cc7a-fa8f-11e2-8e56-9f72c6160288;ebafd2a5-1a39-af16-b404-81d4dde2b898
2000-T.25.fol.28r;af18cc7a-fa8f-11e2-8e56-9f72c6160288;1553dee7-a5bf-7c37-f439-64bfa676869c
2000-T.25.fol.30r;af18cc7a-fa8f-11e2-8e56-9f72c6160288;2b9b6173-7ab2-f47a-97ae-abccd7449e3f
2000-T.25.fol.31r;af18cc7a-fa8f-11e2-8e56-9f72c6160288;e7b6d84e-dc65-079d-69fa-a93e7018cb2f
2000-T.25.fol.38r;af18cc7a-fa8f-11e2-8e56-9f72c6160288;e7b6d84e-dc65-079d-69fa-a93e7018cb2f
2000-T.25.fol.38v;af18cc7a-fa8f-11e2-8e56-9f72c6160288;21779895-8bb2-c8fd-5744-856140cf2507
2000-T.25.fol.40v;af18cc7a-fa8f-11e2-8e56-9f72c6160288;09ff438d-83cb-bc76-03ff-842ae6ec7199
2000-T.26;af18cc7a-fa8f-11e2-8e56-9f72c6160288;4261f3ba-9725-b742-5948-6438de015caa
2000-T.26.fol.01r;af18cc7a-fa8f-11e2-8e56-9f72c6160288;1b161ab6-272a-7f2d-01e5-ac0aa98b26d4
2000-T.26.fol.02r;af18cc7a-fa8f-11e2-8e56-9f72c6160288;113a996a-398e-9585-91a6-8b7f1ceccc6f
2000-T.26.fol.03r;af18cc7a-fa8f-11e2-8e56-9f72c6160288;cc45d98e-044b-bc0a-3d11-68b9cdddc8bf
2000-T.26.fol.04r;af18cc7a-fa8f-11e2-8e56-9f72c6160288;a3065a4a-d001-19f3-cd63-2f86a1dca406
2000-T.26.fol.05r;af18cc7a-fa8f-11e2-8e56-9f72c6160288;138163de-dd7e-1290-4229-917d355dd118
2000-T.26.fol.05v;af18cc7a-fa8f-11e2-8e56-9f72c6160288;ba8182eb-def9-248b-5a33-c884de23b12f
2000-T.26.fol.06r;af18cc7a-fa8f-11e2-8e56-9f72c6160288;ba8182eb-def9-248b-5a33-c884de23b12f
2000-T.26.fol.06v;af18cc7a-fa8f-11e2-8e56-9f72c6160288;8199fe93-d818-78c7-576c-6ba36791a3cc
2000-T.26.fol.07r;af18cc7a-fa8f-11e2-8e56-9f72c6160288;8199fe93-d818-78c7-576c-6ba36791a3cc
2000-T.26.fol.08r;af18cc7a-fa8f-11e2-8e56-9f72c6160288;0dd8f850-2c57-dd2c-bce6-0d00c650307f
2000-T.26.fol.09r;af18cc7a-fa8f-11e2-8e56-9f72c6160288;404957ed-5e83-5376-50e3-12281062dc60
2000-T.26.fol.10r;af18cc7a-fa8f-11e2-8e56-9f72c6160288;de3e0268-5cc8-112f-066c-5cf74cb7fcf9
2000-T.26.fol.10v;af18cc7a-fa8f-11e2-8e56-9f72c6160288;3c76e41e-8bd1-daec-f8d1-208948fe01b2
2000-T.26.fol.12v;af18cc7a-fa8f-11e2-8e56-9f72c6160288;96dde5a7-99cc-c223-a660-14dbc4442d40
2000-T.26.fol.16r;af18cc7a-fa8f-11e2-8e56-9f72c6160288;a4a95030-cd20-aaae-90ee-856bd31870d6
2000-T.27;af18cc7a-fa8f-11e2-8e56-9f72c6160288;38dc257e-9196-15a9-2718-19168757a227
2000-T.27.fol.01r;af18cc7a-fa8f-11e2-8e56-9f72c6160288;565324fe-f0b5-5836-4071-8b0cec305ebe
2000-T.27.fol.02r;af18cc7a-fa8f-11e2-8e56-9f72c6160288;503cc784-ac1d-0833-96ca-ff597b5af507
2000-T.27.fol.03r;af18cc7a-fa8f-11e2-8e56-9f72c6160288;57d20750-41bb-cca8-7941-291600c06080
2000-T.27.fol.04r;af18cc7a-fa8f-11e2-8e56-9f72c6160288;4fa40a13-a21a-2dce-30cd-2d78d4fd9510
2000-T.27.fol.05r;af18cc7a-fa8f-11e2-8e56-9f72c6160288;a0813d00-2bdc-a3dc-780d-f057f6a5a05e
2000-T.27.fol.06r;af18cc7a-fa8f-11e2-8e56-9f72c6160288;0b2ece13-f7d8-4fff-a986-6b7535858e50
2000-T.27.fol.07r;af18cc7a-fa8f-11e2-8e56-9f72c6160288;325f983b-e14b-ae29-6129-fc01efaf5046
2000-T.27.fol.08r;af18cc7a-fa8f-11e2-8e56-9f72c6160288;88aa0b15-1898-c089-1ea7-de529bb3ff63
2000-T.27.fol.08v;af18cc7a-fa8f-11e2-8e56-9f72c6160288;f501c6ed-edda-ebd8-d373-29c48a365b92
2000-T.27.fol.09r;af18cc7a-fa8f-11e2-8e56-9f72c6160288;f501c6ed-edda-ebd8-d373-29c48a365b92
2000-T.27.fol.10r;af18cc7a-fa8f-11e2-8e56-9f72c6160288;ad0c287f-433b-e17e-8fcf-1c2cf44a972d
2000-T.27.fol.11r;af18cc7a-fa8f-11e2-8e56-9f72c6160288;a980d7f9-1a23-b372-0087-ba4586d31fa5
2000-T.27.fol.12r;af18cc7a-fa8f-11e2-8e56-9f72c6160288;ef4ed727-55e4-b9bc-b677-3b2df6e628ed
2000-T.27.fol.15v;af18cc7a-fa8f-11e2-8e56-9f72c6160288;5a79fa11-4523-b144-d2d7-4f1ee7417dea
2000-T.27.fol.16v;af18cc7a-fa8f-11e2-8e56-9f72c6160288;2dec2b22-e699-436a-eff7-e540d2b51deb
2000-T.27.fol.17v;af18cc7a-fa8f-11e2-8e56-9f72c6160288;27f68474-0780-ee4b-885f-fff9a061c545
2000-T.27.fol.18v;af18cc7a-fa8f-11e2-8e56-9f72c6160288;048d3cab-3425-d96e-cc2d-69330bffd2c3
2000-T.27.fol.19v;af18cc7a-fa8f-11e2-8e56-9f72c6160288;8d2a7cb8-4924-ea59-5d86-e9d535dccade
2000-T.27.fol.20v;af18cc7a-fa8f-11e2-8e56-9f72c6160288;1d8f314e-8faa-15e5-d920-297b79c9ce92
2000-T.27.fol.21v;af18cc7a-fa8f-11e2-8e56-9f72c6160288;1d8f314e-8faa-15e5-d920-297b79c9ce92
2000-T.27.fol.22v;af18cc7a-fa8f-11e2-8e56-9f72c6160288;70a94b95-a4ed-4f9a-613a-62fae1a25ce7
2000-T.27.fol.23v;af18cc7a-fa8f-11e2-8e56-9f72c6160288;da2285cb-f783-897f-8e26-89c4460521d7
2000-T.27.fol.24v;af18cc7a-fa8f-11e2-8e56-9f72c6160288;f8ea011c-1b2e-e2a0-c4da-2eade8b25326
2000-T.27.fol.25v;af18cc7a-fa8f-11e2-8e56-9f72c6160288;230f58d9-2854-57f4-3c78-eeeb28ca5151
2000-T.27.fol.26v;af18cc7a-fa8f-11e2-8e56-9f72c6160288;5102fa37-e2c6-7185-8efc-260b91669344
2000-T.27.fol.27v;af18cc7a-fa8f-11e2-8e56-9f72c6160288;d4cd0654-63a1-609b-38e1-9f188635e7b1
2000-T.28;af18cc7a-fa8f-11e2-8e56-9f72c6160288;d8637dca-5269-4dfe-7218-8faf422115a6
2000-T.28.fol.01r;af18cc7a-fa8f-11e2-8e56-9f72c6160288;3e2edd6c-5d6e-63c1-addc-0e432980338d
2000-T.28.fol.02r;af18cc7a-fa8f-11e2-8e56-9f72c6160288;6f5118fd-0946-7a9b-4bc4-06e83451e33e
2000-T.28.fol.03r;af18cc7a-fa8f-11e2-8e56-9f72c6160288;83828d5a-7d99-a943-29f1-4f290e4ae277
2000-T.28.fol.04r;af18cc7a-fa8f-11e2-8e56-9f72c6160288;c40194ee-72d9-f8ea-e9f4-60e8fee419cf
2000-T.28.fol.05r;af18cc7a-fa8f-11e2-8e56-9f72c6160288;62e93eaf-56ba-4047-5b8d-bb3cb17f26ca
2000-T.28.fol.06r;af18cc7a-fa8f-11e2-8e56-9f72c6160288;08e7aef3-b7b9-ceee-6f61-4c6627d5094c
2000-T.28.fol.07v;af18cc7a-fa8f-11e2-8e56-9f72c6160288;dd402c0e-aab4-7ad9-b5fd-7e7adc2627d7
2000-T.28.fol.08v;af18cc7a-fa8f-11e2-8e56-9f72c6160288;63fdbce5-868c-59ff-9fc4-182d09ed0691
2000-T.28.fol.09v;af18cc7a-fa8f-11e2-8e56-9f72c6160288;215f915d-b106-308f-179a-c8cd21828117
2000-T.28.fol.10v;af18cc7a-fa8f-11e2-8e56-9f72c6160288;a10d748d-105a-6a41-e51c-14484cb00b57
2000-T.28.fol.11v;af18cc7a-fa8f-11e2-8e56-9f72c6160288;30ad3e4f-968d-4975-345f-dd5aa32f51e1
2000-T.28.fol.12v;af18cc7a-fa8f-11e2-8e56-9f72c6160288;cc14df28-35ae-5070-b3da-6c5ec635c6c1
2000-T.28.fol.13r;af18cc7a-fa8f-11e2-8e56-9f72c6160288;4bddb86e-8adc-de2e-05c2-6077f103642d
2000-T.28.fol.14r;af18cc7a-fa8f-11e2-8e56-9f72c6160288;694c5ec5-408b-6ac9-9bdd-4c16131380dd
2000-T.28.fol.16r;af18cc7a-fa8f-11e2-8e56-9f72c6160288;a25848b7-e3bf-0c71-7c20-aecd846ae852
2000-T.28.fol.16v;af18cc7a-fa8f-11e2-8e56-9f72c6160288;05d9b658-a8bf-d479-67f2-a962d6ffcd9c
2000-T.28.fol.19v;af18cc7a-fa8f-11e2-8e56-9f72c6160288;592b6788-5522-909b-1082-abf7a6a9d399
2000-T.28.fol.20v;af18cc7a-fa8f-11e2-8e56-9f72c6160288;27542355-e107-c814-40ba-425a136afa3e
2000-T.28.fol.21v;af18cc7a-fa8f-11e2-8e56-9f72c6160288;ce6547d5-b727-b1fc-cb84-ea86cc2b95b2
2000-T.28.fol.22v;af18cc7a-fa8f-11e2-8e56-9f72c6160288;a0821b74-a10c-577f-9c77-549335f97c6d
2000-T.28.fol.23v;af18cc7a-fa8f-11e2-8e56-9f72c6160288;43f23e88-b4fc-2624-fdbc-9730e2bc1b37
2000-T.28.fol.24v;af18cc7a-fa8f-11e2-8e56-9f72c6160288;691bd4b4-f75a-4d28-ad85-796575eabfb5
2000-T.28.fol.25v;af18cc7a-fa8f-11e2-8e56-9f72c6160288;ab3ad484-c6a4-653e-bc0d-5f59e3d1717e
2000-T.28.fol.26v;af18cc7a-fa8f-11e2-8e56-9f72c6160288;dabcc1d1-060e-6a09-c95d-d408ec82b5d9
2000-T.28.fol.27v;af18cc7a-fa8f-11e2-8e56-9f72c6160288;95feb998-ab5c-68ff-2c01-d9c2cef59368
2000-T.29;af18cc7a-fa8f-11e2-8e56-9f72c6160288;2c797900-7333-3cbc-291e-55adb3a95f30
2000-T.3;af18cc7a-fa8f-11e2-8e56-9f72c6160288;df00a659-129b-b78a-378e-0c22e2116dc5
2000-T.30;af18cc7a-fa8f-11e2-8e56-9f72c6160288;c5f4cdda-2ca3-1e83-05f5-8ff4e00f7ef0
2000-T.31;af18cc7a-fa8f-11e2-8e56-9f72c6160288;ce5f926e-5cef-189f-f56a-dfa45d3924cd
2000-T.32;af18cc7a-fa8f-11e2-8e56-9f72c6160288;e261311c-daa5-127b-547d-da52deabc8a6
2000-T.33;af18cc7a-fa8f-11e2-8e56-9f72c6160288;6fcf4c1d-557a-d4af-ad24-0770033b13cd
2000-T.4A;af18cc7a-fa8f-11e2-8e56-9f72c6160288;94eb81ea-f00a-af94-1932-a85894bac36e
2000-T.4B;af18cc7a-fa8f-11e2-8e56-9f72c6160288;68b33832-4850-79d2-9269-a1370fbd06a2
2000-T.5;af18cc7a-fa8f-11e2-8e56-9f72c6160288;95e77741-64d3-6646-87ff-09463cb1bbfc
2000-T.6;af18cc7a-fa8f-11e2-8e56-9f72c6160288;0171979e-8a63-70a6-9270-8184dddee880
2000-T.7;af18cc7a-fa8f-11e2-8e56-9f72c6160288;6e4d365a-497f-819c-c132-62f0b89942e1
2000-T.8;af18cc7a-fa8f-11e2-8e56-9f72c6160288;818459fc-24a4-10b1-fe4e-5cc912b335e2
2000-T.9;af18cc7a-fa8f-11e2-8e56-9f72c6160288;fea62979-0fb1-be6b-c49b-0b2c170577c9
2001;af18cc7a-fa8f-11e2-8e56-9f72c6160288;8a9f0656-f839-7f82-f9e2-5725c3d02f85
2001-T.1;af18cc7a-fa8f-11e2-8e56-9f72c6160288;8407763b-e9ee-e906-b270-c7a8b0534df6
2001-T.10;af18cc7a-fa8f-11e2-8e56-9f72c6160288;c2338c88-9937-3dcd-119b-406fc2042ff6
2001-T.11;af18cc7a-fa8f-11e2-8e56-9f72c6160288;8deb5cca-a85a-c0fc-854c-288d98a5b5fb
2001-T.12;af18cc7a-fa8f-11e2-8e56-9f72c6160288;0f11ebef-06b3-0e9e-3613-66dee7a586ad
2001-T.13;af18cc7a-fa8f-11e2-8e56-9f72c6160288;6538d6e2-16e9-6d00-65e8-d068524062fb
2001-T.14;af18cc7a-fa8f-11e2-8e56-9f72c6160288;91f4db8b-398a-b1bf-dead-e5ea1b316191
2001-T.15;af18cc7a-fa8f-11e2-8e56-9f72c6160288;f4030e02-748d-39b9-91ce-e6719ba37115
2001-T.16;af18cc7a-fa8f-11e2-8e56-9f72c6160288;7f51acd0-d489-ee62-fd23-8270d647911a
2001-T.17;af18cc7a-fa8f-11e2-8e56-9f72c6160288;aaf1cf08-13f8-402a-72cb-8658e25ef48f
2001-T.18;af18cc7a-fa8f-11e2-8e56-9f72c6160288;bf408ca6-569e-833b-825d-12404d3e5e1e
2001-T.19;af18cc7a-fa8f-11e2-8e56-9f72c6160288;3604452a-f20e-e8b7-f7b0-dbb65e28446f
2001-T.2;af18cc7a-fa8f-11e2-8e56-9f72c6160288;87de0154-9ffa-62c9-b13d-e75d63569f48
2001-T.20;af18cc7a-fa8f-11e2-8e56-9f72c6160288;3bf0d43b-c3e8-d676-ea9d-ff22e91cd7c3
2001-T.20.fol.01r;af18cc7a-fa8f-11e2-8e56-9f72c6160288;478486d8-5d0d-bf8d-3ce2-d223a9100a39
2001-T.20.fol.01v;af18cc7a-fa8f-11e2-8e56-9f72c6160288;e8393162-c3c7-7b31-1cc5-77a9825a1aba
2001-T.20.fol.02r;af18cc7a-fa8f-11e2-8e56-9f72c6160288;c9f6464e-8d47-397e-11e5-eb01c09b8746
2001-T.20.fol.02v;af18cc7a-fa8f-11e2-8e56-9f72c6160288;18be72cf-e41a-3211-b2e7-3c4a14dfc86b
2001-T.20.fol.03r;af18cc7a-fa8f-11e2-8e56-9f72c6160288;f0b4aa0d-1cbc-cba4-e122-549530bdb14c
2001-T.20.fol.03v;af18cc7a-fa8f-11e2-8e56-9f72c6160288;c88981b0-4aed-3d80-f3b9-a95972da0c0d
2001-T.20.fol.04r;af18cc7a-fa8f-11e2-8e56-9f72c6160288;b54b396c-8ea8-1e74-0792-3ab05378c18e
2001-T.20.fol.04v;af18cc7a-fa8f-11e2-8e56-9f72c6160288;05f4c03b-2826-11c5-80e5-8cfa118c6f3d
2001-T.20.fol.05r;af18cc7a-fa8f-11e2-8e56-9f72c6160288;1ee50ac6-fa3b-e4a5-5d3e-d1b7d6660b60
2001-T.20.fol.05v;af18cc7a-fa8f-11e2-8e56-9f72c6160288;1c5d77e6-88cd-2843-b8e9-a7a2af0bbf79
2001-T.20.fol.06r;af18cc7a-fa8f-11e2-8e56-9f72c6160288;c4f6250c-0d74-1112-a236-118873cc737b
2001-T.20.fol.06v;af18cc7a-fa8f-11e2-8e56-9f72c6160288;6f4618a0-9c5d-b04f-6013-4308f7631770
2001-T.20.fol.07r;af18cc7a-fa8f-11e2-8e56-9f72c6160288;6f4618a0-9c5d-b04f-6013-4308f7631770
2001-T.20.fol.07v;af18cc7a-fa8f-11e2-8e56-9f72c6160288;bf28e08d-5cd4-e5e2-3680-2ae34c7342df
2001-T.20.fol.08r;af18cc7a-fa8f-11e2-8e56-9f72c6160288;0a8c59f9-3d10-5932-aeea-db81367b6e22
2001-T.20.fol.08v;af18cc7a-fa8f-11e2-8e56-9f72c6160288;abd7e4de-831b-f8c2-9ec6-d8d14ea32bd6
2001-T.20.fol.09r;af18cc7a-fa8f-11e2-8e56-9f72c6160288;57596987-883e-35c9-c6c9-0caf03d39372
2001-T.20.fol.09v;af18cc7a-fa8f-11e2-8e56-9f72c6160288;4d780183-b237-2b21-6556-a4c328107c93
2001-T.20.fol.10r;af18cc7a-fa8f-11e2-8e56-9f72c6160288;ee971bae-6f21-4753-24b9-547c55665f4c
2001-T.20.fol.10v;af18cc7a-fa8f-11e2-8e56-9f72c6160288;8bb22ad2-172a-b4a9-d954-ea747ada58d7
2001-T.20.fol.11r;af18cc7a-fa8f-11e2-8e56-9f72c6160288;9d6515bd-5f3a-7cca-c950-656ba11df2c2
2001-T.20.fol.11v;af18cc7a-fa8f-11e2-8e56-9f72c6160288;c6d8ab1c-acca-ace3-b718-6003e7381bfb
2001-T.20.fol.12r;af18cc7a-fa8f-11e2-8e56-9f72c6160288;957c8c7d-2c46-63de-e7ff-f669d2d112e7
2001-T.20.fol.12v;af18cc7a-fa8f-11e2-8e56-9f72c6160288;89b4bc11-dc8e-eaa4-5bbb-1a3a6335124f
2001-T.20.fol.13r;af18cc7a-fa8f-11e2-8e56-9f72c6160288;9cf00ded-bf0f-2336-cdb2-b899ecd43ea3
2001-T.20.fol.13v;af18cc7a-fa8f-11e2-8e56-9f72c6160288;aa776ff3-34ec-448b-f635-564ff0bca44a
2001-T.20.fol.14r;af18cc7a-fa8f-11e2-8e56-9f72c6160288;7bf08d46-2d4c-9226-a3c2-0889254acc56
2001-T.20.fol.14v;af18cc7a-fa8f-11e2-8e56-9f72c6160288;b0cfe685-62c8-b6f2-7cf0-d67d3e81f8f1
2001-T.20.fol.15r;af18cc7a-fa8f-11e2-8e56-9f72c6160288;fe699b81-7a3c-d88e-c6b9-b8f4441e4401
2001-T.20.fol.15v;af18cc7a-fa8f-11e2-8e56-9f72c6160288;29d8c989-3446-183e-390b-c14115e8e4e4
2001-T.20.fol.16r;af18cc7a-fa8f-11e2-8e56-9f72c6160288;7545eb96-40cc-55d0-167b-e0c576204854
2001-T.20.fol.16v;af18cc7a-fa8f-11e2-8e56-9f72c6160288;adc3a7a0-f413-cb8b-fcfd-6c6e42a5f8df
2001-T.20.fol.17r;af18cc7a-fa8f-11e2-8e56-9f72c6160288;7ba9826e-3c87-9b49-e2b3-5a1158e48bb5
2001-T.20.fol.17v;af18cc7a-fa8f-11e2-8e56-9f72c6160288;8077a79f-e952-9716-1ece-a8a3639068aa
2001-T.20.fol.18r;af18cc7a-fa8f-11e2-8e56-9f72c6160288;ab2a30bc-3dc6-a3ed-41ee-8b311d753206
2001-T.20.fol.18v;af18cc7a-fa8f-11e2-8e56-9f72c6160288;194b076f-017c-ff69-ef41-f8fcc54051a5
2001-T.20.fol.19r;af18cc7a-fa8f-11e2-8e56-9f72c6160288;a14afc18-a4b4-a5db-bf51-93a573133aab
2001-T.20.fol.19v;af18cc7a-fa8f-11e2-8e56-9f72c6160288;2709a284-8a40-ddde-54a1-4df50a73feea
2001-T.20.fol.20r;af18cc7a-fa8f-11e2-8e56-9f72c6160288;c24735c4-a464-5f63-4def-e753f6ec7ef4
2001-T.20.fol.20v;af18cc7a-fa8f-11e2-8e56-9f72c6160288;63efb01e-9432-efc0-3564-6465fb1f743d
2001-T.20.fol.21r;af18cc7a-fa8f-11e2-8e56-9f72c6160288;d9d9e92b-3e86-41ed-a4d3-6c1f80ef70df
2001-T.20.fol.21v;af18cc7a-fa8f-11e2-8e56-9f72c6160288;7b800ecf-25cc-df56-46b5-c8efc2dc4e1c
2001-T.20.fol.22r;af18cc7a-fa8f-11e2-8e56-9f72c6160288;7b800ecf-25cc-df56-46b5-c8efc2dc4e1c
2001-T.20.fol.22v;af18cc7a-fa8f-11e2-8e56-9f72c6160288;9e23d5ce-1c48-97ea-e7ba-d5520d843737
2001-T.20.fol.23r;af18cc7a-fa8f-11e2-8e56-9f72c6160288;d35d1aab-f4e8-37f5-989a-4e467959c48f
2001-T.20.fol.23v;af18cc7a-fa8f-11e2-8e56-9f72c6160288;a63558d3-48d1-c061-d11e-7086d2d05849
2001-T.20.fol.24r;af18cc7a-fa8f-11e2-8e56-9f72c6160288;4e21f5f3-6e58-b147-d202-ef29d7e0a102
2001-T.20.fol.24v;af18cc7a-fa8f-11e2-8e56-9f72c6160288;8d0ca2d3-4289-6a99-0c4b-f297f2ba73b5
2001-T.20.fol.25r;af18cc7a-fa8f-11e2-8e56-9f72c6160288;f7a9f425-5bdb-1dbb-7082-ac410c3f83db
2001-T.20.fol.25v;af18cc7a-fa8f-11e2-8e56-9f72c6160288;2ccd941a-0b2e-452a-c4b0-fac065d3843e
2001-T.20.fol.26r;af18cc7a-fa8f-11e2-8e56-9f72c6160288;cd9acc85-17c8-9853-6574-aedeabbaff26
2001-T.20.fol.26v;af18cc7a-fa8f-11e2-8e56-9f72c6160288;98396a25-559c-6a33-8cf7-81f85679032c
2001-T.20.fol.27r;af18cc7a-fa8f-11e2-8e56-9f72c6160288;a8c4e841-8b89-22b6-3fcf-4bccb1df0d22
2001-T.20.fol.27v;af18cc7a-fa8f-11e2-8e56-9f72c6160288;23f3e87a-6c82-f64d-a11d-684ba2c049ee
2001-T.20.fol.28r;af18cc7a-fa8f-11e2-8e56-9f72c6160288;1e3b5f0c-bbc7-1e12-7667-d4531433c6d1
2001-T.20.fol.28v;af18cc7a-fa8f-11e2-8e56-9f72c6160288;617ddae7-8866-32ef-1159-455cd6ba3046
2001-T.20.fol.29r;af18cc7a-fa8f-11e2-8e56-9f72c6160288;21e9bf2d-bdfa-e72a-e7e6-cd11ed2f0381
2001-T.20.fol.29v;af18cc7a-fa8f-11e2-8e56-9f72c6160288;3ee286ed-e37e-ff3a-be22-122f292bb962
2001-T.20.fol.30r;af18cc7a-fa8f-11e2-8e56-9f72c6160288;09260221-e9bd-c4b8-9ae7-3a0532e9b8dc
2001-T.20.fol.30v;af18cc7a-fa8f-11e2-8e56-9f72c6160288;afa679ec-cb94-041f-a3d9-9fb9967d2db7
2001-T.20.fol.31r;af18cc7a-fa8f-11e2-8e56-9f72c6160288;f5d83ea3-fb05-d347-76d7-92943ccca6af
2001-T.20.fol.31v;af18cc7a-fa8f-11e2-8e56-9f72c6160288;c41bd818-fc0a-a9d9-a23b-0836ba2bf9b8
2001-T.20.fol.32r;af18cc7a-fa8f-11e2-8e56-9f72c6160288;f9d52ff2-4d17-11e3-465b-0dd3e4953298
2001-T.20.fol.32v;af18cc7a-fa8f-11e2-8e56-9f72c6160288;84ef7acc-3c6f-7ccf-c72f-6c8129b9276f
2001-T.20.fol.33r;af18cc7a-fa8f-11e2-8e56-9f72c6160288;84ef7acc-3c6f-7ccf-c72f-6c8129b9276f
2001-T.20.fol.33v;af18cc7a-fa8f-11e2-8e56-9f72c6160288;32f385be-f271-c84b-4ac3-073751995408
2001-T.20.fol.34r;af18cc7a-fa8f-11e2-8e56-9f72c6160288;6cb0ab79-384a-2588-2f93-58e7c2ef78ff
2001-T.20.fol.34v;af18cc7a-fa8f-11e2-8e56-9f72c6160288;abe2a1d7-32c6-0eb1-7645-90bf8e90c261
2001-T.20.fol.35r;af18cc7a-fa8f-11e2-8e56-9f72c6160288;cd2bedb8-ed1e-7cbd-5e76-3cb07ec76b28
2001-T.20.fol.35v;af18cc7a-fa8f-11e2-8e56-9f72c6160288;07b5b20c-1d3c-7012-7b4c-9f435e24b9a4
2001-T.20.fol.36r;af18cc7a-fa8f-11e2-8e56-9f72c6160288;78afc498-d73d-d1ec-29be-ea36de27e5e4
2001-T.20.fol.36v;af18cc7a-fa8f-11e2-8e56-9f72c6160288;0dfd5e74-78cf-444e-cf13-8c913d5d34e4
2001-T.21;af18cc7a-fa8f-11e2-8e56-9f72c6160288;d2dec3af-6cda-d956-3b5b-5f220c242362
2001-T.22;af18cc7a-fa8f-11e2-8e56-9f72c6160288;7abc2978-c81e-cb41-4cd2-193aa46600f7
2001-T.22.fol.003r;af18cc7a-fa8f-11e2-8e56-9f72c6160288;74423507-6147-e0e6-18d2-4c09fd4df54f
2001-T.22.fol.005r;af18cc7a-fa8f-11e2-8e56-9f72c6160288;aee21bcb-e2c7-36fd-62c9-b303cb766e9a
2001-T.22.fol.007r;af18cc7a-fa8f-11e2-8e56-9f72c6160288;a248743a-a9b0-98c1-6a7f-9a99099e02b5
2001-T.22.fol.008r;af18cc7a-fa8f-11e2-8e56-9f72c6160288;cd850732-3d70-3a3f-032f-bf8238288fd1
2001-T.22.fol.010r;af18cc7a-fa8f-11e2-8e56-9f72c6160288;4a4badb9-0819-d274-226d-a4a5c858555c
2001-T.22.fol.011r;af18cc7a-fa8f-11e2-8e56-9f72c6160288;efc5dbad-d465-6bf0-c231-35b08c881c55
2001-T.22.fol.013r;af18cc7a-fa8f-11e2-8e56-9f72c6160288;850ae37a-d62a-9dab-8ff1-1b414869aeea
2001-T.22.fol.015r;af18cc7a-fa8f-11e2-8e56-9f72c6160288;f1ea2f60-cf9b-85f9-86e6-a3505e84803b
2001-T.22.fol.017r;af18cc7a-fa8f-11e2-8e56-9f72c6160288;a4528811-052f-f5f5-494f-abb0e7d6059d
2001-T.22.fol.019r;af18cc7a-fa8f-11e2-8e56-9f72c6160288;821a7ee5-6c63-b819-24fb-0c24589153f3
2001-T.22.fol.020r;af18cc7a-fa8f-11e2-8e56-9f72c6160288;ec706de7-8058-05d0-14bf-c8261d8248ce
2001-T.22.fol.022r;af18cc7a-fa8f-11e2-8e56-9f72c6160288;5bd0953c-70d7-3f88-431c-f5fcb1226bea
2001-T.22.fol.024r;af18cc7a-fa8f-11e2-8e56-9f72c6160288;0d66b9be-0bf1-0f9a-7166-dd5101964122
2001-T.22.fol.026r;af18cc7a-fa8f-11e2-8e56-9f72c6160288;e091e803-a3a5-2228-ea13-4edaf75c00a8
2001-T.22.fol.027r;af18cc7a-fa8f-11e2-8e56-9f72c6160288;a130ccc4-453b-4659-daf8-ca64ba84ee2b
2001-T.22.fol.029r;af18cc7a-fa8f-11e2-8e56-9f72c6160288;f155cba2-e13f-35b8-1d8c-0304913a9758
2001-T.22.fol.031r;af18cc7a-fa8f-11e2-8e56-9f72c6160288;1db99d21-d254-dc3c-4c41-43a0528c8a0d
2001-T.22.fol.033r;af18cc7a-fa8f-11e2-8e56-9f72c6160288;5e20f6b0-9a13-d22b-b2a6-c2e60ef727a1
2001-T.22.fol.035r;af18cc7a-fa8f-11e2-8e56-9f72c6160288;4109852e-2e54-54aa-9f14-d0222991014b
2001-T.22.fol.036r;af18cc7a-fa8f-11e2-8e56-9f72c6160288;2216c08d-8876-e991-6404-e96c05712f6a
2001-T.22.fol.038r;af18cc7a-fa8f-11e2-8e56-9f72c6160288;32b8e76d-4ec1-b8f1-f757-44053104bf81
2001-T.22.fol.040r;af18cc7a-fa8f-11e2-8e56-9f72c6160288;5a37f37e-9db0-9881-c219-d7751d796350
2001-T.22.fol.042r;af18cc7a-fa8f-11e2-8e56-9f72c6160288;f1121b17-2171-85ac-9128-f32d7a8f7f25
2001-T.22.fol.043r;af18cc7a-fa8f-11e2-8e56-9f72c6160288;7772bf2c-d45f-4086-ebcc-5359c13773c8
2001-T.22.fol.045r;af18cc7a-fa8f-11e2-8e56-9f72c6160288;d7074df0-8be0-4381-adbb-9c4177783a15
2001-T.22.fol.047r;af18cc7a-fa8f-11e2-8e56-9f72c6160288;7f3c5173-9fda-71dd-224f-8b4ee000889e
2001-T.22.fol.049r;af18cc7a-fa8f-11e2-8e56-9f72c6160288;5259e79a-f385-fb37-3014-2277d68fdb2a
2001-T.22.fol.051r;af18cc7a-fa8f-11e2-8e56-9f72c6160288;bcb08e76-a5d4-e370-61f4-4fbab321423a
2001-T.22.fol.052r;af18cc7a-fa8f-11e2-8e56-9f72c6160288;103bcfe6-b8d6-9767-9c2a-cd236a2c65f2
2001-T.22.fol.054r;af18cc7a-fa8f-11e2-8e56-9f72c6160288;df1a8d6f-93ee-6a94-4195-32f186d27bfc
2001-T.22.fol.056r;af18cc7a-fa8f-11e2-8e56-9f72c6160288;85cc6180-1ce9-c6b9-6a5d-08de8bb9b9e7
2001-T.22.fol.057r;af18cc7a-fa8f-11e2-8e56-9f72c6160288;e331ed0f-28c9-3661-1c19-ff8b9890ba7e
2001-T.22.fol.059r;af18cc7a-fa8f-11e2-8e56-9f72c6160288;5abbe64b-dcb7-1d61-ce95-cabf317c58fe
2001-T.22.fol.061r;af18cc7a-fa8f-11e2-8e56-9f72c6160288;3b5988c7-f331-8677-1e2a-5dc70d787546
2001-T.22.fol.063r;af18cc7a-fa8f-11e2-8e56-9f72c6160288;20654488-c898-f83a-26f5-fe378086f070
2001-T.22.fol.065r;af18cc7a-fa8f-11e2-8e56-9f72c6160288;802170d2-a7ef-237e-4299-771de716cbaf
2001-T.22.fol.067r;af18cc7a-fa8f-11e2-8e56-9f72c6160288;6dd8ea8b-7598-ecc1-fd43-1b6f145c3007
2001-T.22.fol.069r;af18cc7a-fa8f-11e2-8e56-9f72c6160288;354ca739-034e-e189-c0cc-8917d9abd1ef
2001-T.22.fol.071r;af18cc7a-fa8f-11e2-8e56-9f72c6160288;369e293e-f762-f82b-f5fe-3d29225ab5f0
2001-T.22.fol.073r;af18cc7a-fa8f-11e2-8e56-9f72c6160288;2e24968d-de81-6414-6747-7dd99870cd1b
2001-T.22.fol.074r;af18cc7a-fa8f-11e2-8e56-9f72c6160288;eac0aa95-3ef9-ed09-5b2c-75eeb5cc3cd3
2001-T.22.fol.076r;af18cc7a-fa8f-11e2-8e56-9f72c6160288;00a4e976-0e0c-6be8-d303-9a0fffac6a3c
2001-T.22.fol.078r;af18cc7a-fa8f-11e2-8e56-9f72c6160288;8f2e61f5-52bc-9d9d-b1db-1e9fd3a09bf4
2001-T.22.fol.080r;af18cc7a-fa8f-11e2-8e56-9f72c6160288;e8dfddaa-7cee-bb25-753f-f66b4730985e
2001-T.22.fol.081r;af18cc7a-fa8f-11e2-8e56-9f72c6160288;01faeb99-9ef8-449b-7d8a-026eeb803ae4
2001-T.22.fol.083r;af18cc7a-fa8f-11e2-8e56-9f72c6160288;7107d1c1-83a6-8c11-c81d-041475a33016
2001-T.22.fol.085r;af18cc7a-fa8f-11e2-8e56-9f72c6160288;f327fe45-cf09-55da-d958-990a7e1543d8
2001-T.22.fol.087r;af18cc7a-fa8f-11e2-8e56-9f72c6160288;0a9c70a0-fbcd-95da-324d-166578090066
2001-T.22.fol.089r;af18cc7a-fa8f-11e2-8e56-9f72c6160288;62f73dd4-c919-20a8-4c9d-84b452cbbe11
2001-T.22.fol.091r;af18cc7a-fa8f-11e2-8e56-9f72c6160288;2dd6662c-f24c-7923-e41c-d0892cfbfae5
2001-T.22.fol.093r;af18cc7a-fa8f-11e2-8e56-9f72c6160288;4e31b8c8-5716-58fd-7502-ee1d36336498
2001-T.22.fol.095r;af18cc7a-fa8f-11e2-8e56-9f72c6160288;f101e609-498b-35a5-48c7-bfe6f96845e6
2001-T.22.fol.097r;af18cc7a-fa8f-11e2-8e56-9f72c6160288;11c3f8b1-e92b-dc9e-1aa6-aadac1c7c3fd
2001-T.22.fol.099r;af18cc7a-fa8f-11e2-8e56-9f72c6160288;6ee3b159-559f-f0dd-2b29-cbf893c4e802
2001-T.22.fol.101r;af18cc7a-fa8f-11e2-8e56-9f72c6160288;7795fba5-675d-d926-869c-b3f78df24148
2001-T.22.fol.103r;af18cc7a-fa8f-11e2-8e56-9f72c6160288;4221dcab-2563-acee-dc89-3da0f03a6084
2001-T.22.fol.105r;af18cc7a-fa8f-11e2-8e56-9f72c6160288;bab03a60-51ba-38f0-e811-9425d5d40ce9
2001-T.22.fol.107r;af18cc7a-fa8f-11e2-8e56-9f72c6160288;971d5c40-2070-7399-e01a-59191aea1f3e
2001-T.22.fol.109r;af18cc7a-fa8f-11e2-8e56-9f72c6160288;f382f2a9-29ee-9f54-0007-0caa25a7f765
2001-T.22.fol.111r;af18cc7a-fa8f-11e2-8e56-9f72c6160288;ca174d7c-2ea5-10e3-e15d-492cdeb5f763
2001-T.22.fol.113r;af18cc7a-fa8f-11e2-8e56-9f72c6160288;cbd770ab-82f0-fb4e-46dc-341efb207b61
2001-T.22.fol.115r;af18cc7a-fa8f-11e2-8e56-9f72c6160288;bdd16d65-55c7-8cc5-00c4-f4c55f4a0967
2001-T.22.fol.117r;af18cc7a-fa8f-11e2-8e56-9f72c6160288;17a8f7b5-1a22-2a5c-4c25-8d935d7643e0
2001-T.22.fol.118r;af18cc7a-fa8f-11e2-8e56-9f72c6160288;a9d87367-b372-72ed-db08-c03ed8aa0037
2001-T.22.fol.120r;af18cc7a-fa8f-11e2-8e56-9f72c6160288;f04d19de-8e28-9d40-1b0c-c66381bdb891
2001-T.22.fol.122r;af18cc7a-fa8f-11e2-8e56-9f72c6160288;f022be69-a968-f0a4-7b7c-b5ec81a61d97
2001-T.22.fol.124r;af18cc7a-fa8f-11e2-8e56-9f72c6160288;8ef41634-40c4-321f-a674-36f8139474c1
2001-T.22.fol.126r;af18cc7a-fa8f-11e2-8e56-9f72c6160288;894cdba9-7366-1415-1329-4a42d0c17663
2001-T.22.fol.128r;af18cc7a-fa8f-11e2-8e56-9f72c6160288;624c4afe-e62e-92e0-1ad9-3b8e1df07c68
2001-T.22.fol.130r;af18cc7a-fa8f-11e2-8e56-9f72c6160288;d19ee746-de1c-a035-e700-825c9c0bf3a1
2001-T.23;af18cc7a-fa8f-11e2-8e56-9f72c6160288;9f973c3c-23da-e7a3-0907-e7155c8d16d5
2001-T.24;af18cc7a-fa8f-11e2-8e56-9f72c6160288;9ed6f292-2094-b570-0a36-d359e0ceb56d
2001-T.25;af18cc7a-fa8f-11e2-8e56-9f72c6160288;096e564e-1c24-0658-050f-3c49dc902acf
2001-T.26;af18cc7a-fa8f-11e2-8e56-9f72c6160288;c0eef1cb-7218-5ff0-ecd1-b165a7a5d39a
2001-T.27;af18cc7a-fa8f-11e2-8e56-9f72c6160288;cf3af755-cbd7-b0e6-9c64-254780978238
2001-T.28;af18cc7a-fa8f-11e2-8e56-9f72c6160288;f059369f-b294-6606-cd71-791a14de8832
2001-T.29;af18cc7a-fa8f-11e2-8e56-9f72c6160288;4e97ffd3-b82a-e51a-3f8b-a9b2d42245b1
2001-T.3;af18cc7a-fa8f-11e2-8e56-9f72c6160288;36fb1cba-dead-07e4-c867-e59967443a4d
2001-T.30;af18cc7a-fa8f-11e2-8e56-9f72c6160288;c3dcac9a-816a-4974-7f03-08c23b30501a
2001-T.31;af18cc7a-fa8f-11e2-8e56-9f72c6160288;cf218e7e-99cd-1814-2d7d-3c921fe06097
2001-T.4;af18cc7a-fa8f-11e2-8e56-9f72c6160288;06902c91-a29f-4213-433d-c704836fd18c
2001-T.5;af18cc7a-fa8f-11e2-8e56-9f72c6160288;584737b5-97dd-d125-3cfd-d67470eb5bff
2001-T.6;af18cc7a-fa8f-11e2-8e56-9f72c6160288;a5b6186e-e1ed-aa2f-bf10-e36ca488c341
2001-T.7;af18cc7a-fa8f-11e2-8e56-9f72c6160288;56b98c42-0f21-e3e6-8b2f-ff404c4e999f
2001-T.8;af18cc7a-fa8f-11e2-8e56-9f72c6160288;9810ad3c-416b-09b4-fcdc-ba94bc067da9
2001-T.9;af18cc7a-fa8f-11e2-8e56-9f72c6160288;2d5c0e94-a610-2b19-1aa9-3d941edfdb16
2002-OB.5;af18cc7a-fa8f-11e2-8e56-9f72c6160288;6b68a9c1-9ba4-1bb1-e032-5b611e450999
2002-T.1;af18cc7a-fa8f-11e2-8e56-9f72c6160288;ad65ea02-769d-e66b-c7a6-780e201e4ade
2002-T.10;af18cc7a-fa8f-11e2-8e56-9f72c6160288;f318c634-8346-8db4-927c-6d3923269872
2002-T.11;af18cc7a-fa8f-11e2-8e56-9f72c6160288;3fb73a6b-35af-ebeb-fac0-528c8ee6c95f
2002-T.12;af18cc7a-fa8f-11e2-8e56-9f72c6160288;29873e42-6dc2-f02d-c8a0-6ac2d37d10a8
2002-T.13;af18cc7a-fa8f-11e2-8e56-9f72c6160288;9e605140-1ad6-6e16-6651-0c0b3119d5c0
2002-T.14;af18cc7a-fa8f-11e2-8e56-9f72c6160288;2279f8bb-163b-bde2-a9e6-00f5142e648c
2002-T.15;af18cc7a-fa8f-11e2-8e56-9f72c6160288;1add059b-5cc5-ef0f-ab5e-d5a2628471be
2002-T.16;af18cc7a-fa8f-11e2-8e56-9f72c6160288;98fe4903-84ef-4a34-2c96-2d9a12db71b2
2002-T.17;af18cc7a-fa8f-11e2-8e56-9f72c6160288;ac7dfdeb-3a5c-7761-90e0-705ed29acb0a
2002-T.18;af18cc7a-fa8f-11e2-8e56-9f72c6160288;36de8f50-126c-5708-5741-71d5d74b0fe9
2002-T.19;af18cc7a-fa8f-11e2-8e56-9f72c6160288;ea5b1a2e-3397-91cc-8d42-c482a9c2125a
2002-T.2;af18cc7a-fa8f-11e2-8e56-9f72c6160288;3f9776fc-e500-42d3-7b3c-a51e5bf38ebb
2002-T.20;af18cc7a-fa8f-11e2-8e56-9f72c6160288;a2addbf6-0d60-3b24-2588-e3f06ad34ffb
2002-T.21;af18cc7a-fa8f-11e2-8e56-9f72c6160288;00227ed7-8cd1-cd0c-7879-6790d3e7c6a4
2002-T.22;af18cc7a-fa8f-11e2-8e56-9f72c6160288;228f972f-d77a-6351-032b-08a0c62cd243
2002-T.23;af18cc7a-fa8f-11e2-8e56-9f72c6160288;a9d55502-22dc-b1f7-0609-f51097a014b1
2002-T.24;af18cc7a-fa8f-11e2-8e56-9f72c6160288;9c7969c3-b1ab-116e-916c-d1f6b99b38bf
2002-T.24A;af18cc7a-fa8f-11e2-8e56-9f72c6160288;f23bff55-affe-acfa-b6b6-8be896e68b6c
2002-T.25;af18cc7a-fa8f-11e2-8e56-9f72c6160288;43d17929-d7d3-df36-731f-bc16f5f7be5e
2002-T.26;af18cc7a-fa8f-11e2-8e56-9f72c6160288;c5a74929-82f9-45ac-825e-ea35f7edfb21
2002-T.27;af18cc7a-fa8f-11e2-8e56-9f72c6160288;5e8faacd-a002-d60b-2082-c0210367dba7
2002-T.28;af18cc7a-fa8f-11e2-8e56-9f72c6160288;477d9416-27be-935a-d070-c3bae597ee95
2002-T.29;af18cc7a-fa8f-11e2-8e56-9f72c6160288;023013e8-8961-e290-258b-b33413b4f157
2002-T.3;af18cc7a-fa8f-11e2-8e56-9f72c6160288;732bbf95-e6b1-e11b-3f51-45b39aaf1db9
2002-T.30;af18cc7a-fa8f-11e2-8e56-9f72c6160288;22a65e90-8e17-fd03-c686-8d1116099e46
2002-T.31;af18cc7a-fa8f-11e2-8e56-9f72c6160288;b1173349-3027-9735-2e17-2e3420e42c26
2002-T.31a;af18cc7a-fa8f-11e2-8e56-9f72c6160288;3ded250f-aaa8-e7fa-eb8d-d30dfcd70dbb
2002-T.32;af18cc7a-fa8f-11e2-8e56-9f72c6160288;747f75a3-13ca-5971-e5a7-937af63cd520
2002-T.33;af18cc7a-fa8f-11e2-8e56-9f72c6160288;287cdb42-726b-321d-1172-e48eb3c48b1e
2002-T.34;af18cc7a-fa8f-11e2-8e56-9f72c6160288;84803ad9-0fca-4f45-08c1-813dd91b0c73
2002-T.35;af18cc7a-fa8f-11e2-8e56-9f72c6160288;e6a1884c-01d8-dfa4-8b6b-926ad98aaff8
2002-T.36;af18cc7a-fa8f-11e2-8e56-9f72c6160288;116938ce-331e-71f1-aa36-5a55a6f086c3
2002-T.37;af18cc7a-fa8f-11e2-8e56-9f72c6160288;50520a92-1b42-0be2-1b6b-667ebab4d969
2002-T.38;af18cc7a-fa8f-11e2-8e56-9f72c6160288;3b345c8d-3652-25cf-5486-794482bb3fe9
2002-T.39;af18cc7a-fa8f-11e2-8e56-9f72c6160288;bea65edf-b420-ddcf-72de-236b58c23077
2002-T.4;af18cc7a-fa8f-11e2-8e56-9f72c6160288;6e0e22d2-61b4-c9f3-3a0f-506a1a1d537b
2002-T.40;af18cc7a-fa8f-11e2-8e56-9f72c6160288;0bd5e73e-d466-9156-6689-b1ef07860984
2002-T.5;af18cc7a-fa8f-11e2-8e56-9f72c6160288;2bd3d227-436f-f030-9bdd-024982e0304f
2002-T.6;af18cc7a-fa8f-11e2-8e56-9f72c6160288;bf377818-39a1-c6f8-a92d-f5efe03e95f2
2002-T.7;af18cc7a-fa8f-11e2-8e56-9f72c6160288;4aaa4d81-2325-9531-ec7c-94ebe1139ea9
2002-T.8;af18cc7a-fa8f-11e2-8e56-9f72c6160288;1e054b62-ee94-f662-757f-e931fb164ebb
2002-T.9;af18cc7a-fa8f-11e2-8e56-9f72c6160288;bfeec68e-4efc-292f-6c60-5fb628f5dc72
2003-A.475;af18cc7a-fa8f-11e2-8e56-9f72c6160288;3718661c-d5c1-abed-db8b-9c0d30384782
2003-T.1;af18cc7a-fa8f-11e2-8e56-9f72c6160288;2f6efdd8-cd64-8276-1dfc-776e1d824cfb
2003-T.10;af18cc7a-fa8f-11e2-8e56-9f72c6160288;6b6f94d6-d920-7fc6-7323-305183d0e004
2003-T.11;af18cc7a-fa8f-11e2-8e56-9f72c6160288;887fbabf-018a-1186-9fbd-fa8aeb6f2db0
2003-T.12;af18cc7a-fa8f-11e2-8e56-9f72c6160288;30a5b42b-d3a7-0241-19e2-791d238106bf
2003-T.13;af18cc7a-fa8f-11e2-8e56-9f72c6160288;153963d2-8358-aaf8-a90f-15f0c270fd68
2003-T.14;af18cc7a-fa8f-11e2-8e56-9f72c6160288;754c4e67-d775-63c3-57b9-d83b9325ff17
2003-T.15;af18cc7a-fa8f-11e2-8e56-9f72c6160288;83abf033-9b5f-90e7-5538-85b48d1b9447
2003-T.16;af18cc7a-fa8f-11e2-8e56-9f72c6160288;e560338e-3bd4-ba5e-6397-7ad7a3a400a4
2003-T.17;af18cc7a-fa8f-11e2-8e56-9f72c6160288;12c85754-3d84-292d-d041-cbf1b0793df9
2003-T.18;af18cc7a-fa8f-11e2-8e56-9f72c6160288;e6ee6f18-4dfe-d9f6-24b2-69891fa5d3bd
2003-T.19;af18cc7a-fa8f-11e2-8e56-9f72c6160288;3d5ad9e1-0589-fcfa-d8c4-8e0f91d77c8e
2003-T.2;af18cc7a-fa8f-11e2-8e56-9f72c6160288;8f1a07f2-c255-3505-9c81-c79a159a0df7
2003-T.20;af18cc7a-fa8f-11e2-8e56-9f72c6160288;f7ea4c57-9c88-fdb0-19bd-6b16f7a192ac
2003-T.21;af18cc7a-fa8f-11e2-8e56-9f72c6160288;d9813b48-a3de-dca6-01e1-33b762959ad4
2003-T.22;af18cc7a-fa8f-11e2-8e56-9f72c6160288;256fb690-28e0-1acf-aef2-85e5179f4665
2003-T.23;af18cc7a-fa8f-11e2-8e56-9f72c6160288;6e826688-b6dc-e16f-7e8c-4896fd756b91
2003-T.24;af18cc7a-fa8f-11e2-8e56-9f72c6160288;84047ef2-6af4-b5d8-ba8e-537fdc151538
2003-T.25;af18cc7a-fa8f-11e2-8e56-9f72c6160288;9dd85f81-bac6-2e79-0d6d-afa360c55ba0
2003-T.26;af18cc7a-fa8f-11e2-8e56-9f72c6160288;f02e0c02-7329-ee70-78a5-207a449b3785
2003-T.27;af18cc7a-fa8f-11e2-8e56-9f72c6160288;365be0c0-416f-15f4-7bfc-cffce5829ad5
2003-T.28;af18cc7a-fa8f-11e2-8e56-9f72c6160288;ff268120-d804-88a9-fc4f-ccd09716f571
2003-T.29;af18cc7a-fa8f-11e2-8e56-9f72c6160288;0051617e-314e-0584-3e53-a27e6d71dd12
2003-T.3;af18cc7a-fa8f-11e2-8e56-9f72c6160288;d7ef458c-9c61-06d2-e8e5-d959ac9b2359
2003-T.30;af18cc7a-fa8f-11e2-8e56-9f72c6160288;eb2e4404-f221-b6ce-1bbc-dc8ac559ad1d
2003-T.31;af18cc7a-fa8f-11e2-8e56-9f72c6160288;9f6d5fdb-2fd2-a7e1-505a-d0291363ee40
2003-T.32;af18cc7a-fa8f-11e2-8e56-9f72c6160288;cc4aa070-159e-fdec-7747-94c6e4bf48b8
2003-T.33;af18cc7a-fa8f-11e2-8e56-9f72c6160288;99136253-f4af-e7ea-d581-cdaa8013054d
2003-T.34;af18cc7a-fa8f-11e2-8e56-9f72c6160288;db7d31de-46a3-0220-8016-4d7fbc67240f
2003-T.35;af18cc7a-fa8f-11e2-8e56-9f72c6160288;69a23f47-8ff9-7ca2-7e7b-faab61896e0f
2003-T.36;af18cc7a-fa8f-11e2-8e56-9f72c6160288;7a19066f-2772-ef1c-3f1e-5480451bc7df
2003-T.37;af18cc7a-fa8f-11e2-8e56-9f72c6160288;ca4c55de-617b-4435-5a64-ecf09db76a3c
2003-T.38;af18cc7a-fa8f-11e2-8e56-9f72c6160288;b50c08c5-8fca-9500-c8f5-a08a0a283147
2003-T.4;af18cc7a-fa8f-11e2-8e56-9f72c6160288;afb36122-2f3c-f05d-0681-929b79d4da1b
2003-T.40;af18cc7a-fa8f-11e2-8e56-9f72c6160288;b87967c7-b755-2107-06c1-1857c027ae33
2003-T.41;af18cc7a-fa8f-11e2-8e56-9f72c6160288;fc862745-6c47-cf0b-612f-73188b858e15
2003-T.42;af18cc7a-fa8f-11e2-8e56-9f72c6160288;f2dce2a0-371e-5a30-f1e3-c9aad20876cd
2003-T.43;af18cc7a-fa8f-11e2-8e56-9f72c6160288;5b62a493-0186-759c-8bce-6f4257baf303
2003-T.44;af18cc7a-fa8f-11e2-8e56-9f72c6160288;d3d2ecb2-f176-004e-1ddf-636550e271e3
2003-T.45;af18cc7a-fa8f-11e2-8e56-9f72c6160288;394f0d79-63b7-d405-fdc1-0cda6e5b837c
2003-T.46;af18cc7a-fa8f-11e2-8e56-9f72c6160288;195f276e-9638-0643-fa9b-5b2e5f03f4a6
2003-T.5;af18cc7a-fa8f-11e2-8e56-9f72c6160288;7bbef526-2827-2e10-ba04-de1384a5d661
2003-T.6;af18cc7a-fa8f-11e2-8e56-9f72c6160288;38124db0-567f-cb9b-cb1a-39abef845bf7
2003-T.7;af18cc7a-fa8f-11e2-8e56-9f72c6160288;3c9138fd-b67d-0942-2d1c-da3249f6410e
2003-T.8;af18cc7a-fa8f-11e2-8e56-9f72c6160288;57aa9b1f-361d-c645-9e5b-8a88f9e1ab7c
2003-T.9;af18cc7a-fa8f-11e2-8e56-9f72c6160288;26bdc314-8b6c-26fe-4c1a-873881a52d1e
2004;af18cc7a-fa8f-11e2-8e56-9f72c6160288;fab1e492-f5b3-6272-b8df-f7add7a39779
2004-T.1;af18cc7a-fa8f-11e2-8e56-9f72c6160288;edb14fdd-9944-bf2e-acaf-9f5b8ff6f635
2004-T.10;af18cc7a-fa8f-11e2-8e56-9f72c6160288;65a2994f-71fb-1416-6142-64f5cd483344
2004-T.11;af18cc7a-fa8f-11e2-8e56-9f72c6160288;ec223163-2e2b-a15e-54d3-d9335828faa8
2004-T.12;af18cc7a-fa8f-11e2-8e56-9f72c6160288;2267a93e-5462-70ac-30fe-90d99e4be0a1
2004-T.13;af18cc7a-fa8f-11e2-8e56-9f72c6160288;25e381a0-41a9-7389-c8c0-7109eb076792
2004-T.14;af18cc7a-fa8f-11e2-8e56-9f72c6160288;c3b9e882-762e-0c1b-e1e1-3b1764c5e4f7
2004-T.15;af18cc7a-fa8f-11e2-8e56-9f72c6160288;9d470e30-d3d3-62d0-f9af-be0dfcd43354
2004-T.16;af18cc7a-fa8f-11e2-8e56-9f72c6160288;6f7f78d0-6121-e438-102e-8ca7c80eccb3
2004-T.17;af18cc7a-fa8f-11e2-8e56-9f72c6160288;18917199-94fb-504c-8246-270753a29090
2004-T.18;af18cc7a-fa8f-11e2-8e56-9f72c6160288;d4dd42d5-64e7-ebd8-49e2-9c0bbd80b762
2004-T.19;af18cc7a-fa8f-11e2-8e56-9f72c6160288;cfec706c-ef25-40dc-eb2b-ee53916d09b1
2004-T.2;af18cc7a-fa8f-11e2-8e56-9f72c6160288;768acd40-37b2-0be7-2c6a-f0ccb4ff16e1
2004-T.20;af18cc7a-fa8f-11e2-8e56-9f72c6160288;523114f2-ccaf-f824-7c8f-e5b8e589277d
2004-T.21;af18cc7a-fa8f-11e2-8e56-9f72c6160288;87ba6580-d69d-db40-c17a-2495bcdaf539
2004-T.22;af18cc7a-fa8f-11e2-8e56-9f72c6160288;d8f706d6-95f4-5aaa-6cd6-49a48cb85b3a
2004-T.23;af18cc7a-fa8f-11e2-8e56-9f72c6160288;50546970-80da-bd50-7652-d8708c5eab6e
2004-T.24;af18cc7a-fa8f-11e2-8e56-9f72c6160288;2cf79bae-cdf1-0d53-7f34-5387def8d65a
2004-T.25;af18cc7a-fa8f-11e2-8e56-9f72c6160288;5f69e100-ab63-1534-2ebd-afca5fb7c4f0
2004-T.26;af18cc7a-fa8f-11e2-8e56-9f72c6160288;2a59a30d-a5ef-77e1-d3fc-01ad12b80651
2004-T.27;af18cc7a-fa8f-11e2-8e56-9f72c6160288;cc2394eb-e0ce-b64a-9d9b-adcbf93775dc
2004-T.28;af18cc7a-fa8f-11e2-8e56-9f72c6160288;66b52e0c-c186-cf04-bbf3-dad2ae26070a
2004-T.29;af18cc7a-fa8f-11e2-8e56-9f72c6160288;4b0b896c-5e35-a786-45fd-ddd8fabcef48
2004-T.29.fol.03r;af18cc7a-fa8f-11e2-8e56-9f72c6160288;1a8ff272-94d6-03ca-7640-ecd307d0dd1a
2004-T.29.fol.03v;af18cc7a-fa8f-11e2-8e56-9f72c6160288;19ed600d-43fa-f782-de7c-6f9a91b94ea1
2004-T.29.fol.04r;af18cc7a-fa8f-11e2-8e56-9f72c6160288;19ed600d-43fa-f782-de7c-6f9a91b94ea1
2004-T.29.fol.04v;af18cc7a-fa8f-11e2-8e56-9f72c6160288;1adbe34c-a901-f9f9-79b2-cbfb99c7fe53
2004-T.29.fol.05r;af18cc7a-fa8f-11e2-8e56-9f72c6160288;1adbe34c-a901-f9f9-79b2-cbfb99c7fe53
2004-T.29.fol.05v;af18cc7a-fa8f-11e2-8e56-9f72c6160288;c9b5433c-2ed5-335b-087d-4ad621f20b3e
2004-T.29.fol.06r;af18cc7a-fa8f-11e2-8e56-9f72c6160288;c9b5433c-2ed5-335b-087d-4ad621f20b3e
2004-T.29.fol.06v;af18cc7a-fa8f-11e2-8e56-9f72c6160288;c060f97b-928e-0372-f6b6-0d82ea66aa97
2004-T.29.fol.07r;af18cc7a-fa8f-11e2-8e56-9f72c6160288;c060f97b-928e-0372-f6b6-0d82ea66aa97
2004-T.29.fol.08r;af18cc7a-fa8f-11e2-8e56-9f72c6160288;cb6a337e-0043-7ec2-e803-5a9fa605132b
2004-T.29.fol.09r;af18cc7a-fa8f-11e2-8e56-9f72c6160288;be1717e1-062c-a74b-a216-936b42351e44
2004-T.29.fol.10r;af18cc7a-fa8f-11e2-8e56-9f72c6160288;d7e8e941-c6fb-4d29-81ee-7a9c48b1e928
2004-T.29.fol.11r;af18cc7a-fa8f-11e2-8e56-9f72c6160288;392b81d1-4422-0857-59a0-b824608648a8
2004-T.29.fol.12r;af18cc7a-fa8f-11e2-8e56-9f72c6160288;40836a06-d26b-bb58-37e1-6f778412d873
2004-T.29.fol.12v;af18cc7a-fa8f-11e2-8e56-9f72c6160288;d2266d5d-4e93-cf11-2666-cbeebd12595c
2004-T.29.fol.13r;af18cc7a-fa8f-11e2-8e56-9f72c6160288;d2266d5d-4e93-cf11-2666-cbeebd12595c
2004-T.29.fol.14r;af18cc7a-fa8f-11e2-8e56-9f72c6160288;a3f8aa27-9f17-3700-4f13-34d8f91f0e17
2004-T.29.fol.15r;af18cc7a-fa8f-11e2-8e56-9f72c6160288;5074c21f-e700-acf8-afeb-05a50b0ce206
2004-T.29.fol.15v;af18cc7a-fa8f-11e2-8e56-9f72c6160288;1353bf31-63d3-a279-9f17-ea822a3c9798
2004-T.29.fol.16r;af18cc7a-fa8f-11e2-8e56-9f72c6160288;1353bf31-63d3-a279-9f17-ea822a3c9798
2004-T.29.fol.16v;af18cc7a-fa8f-11e2-8e56-9f72c6160288;658de723-f088-e590-4b11-f4404964cad0
2004-T.29.fol.17r;af18cc7a-fa8f-11e2-8e56-9f72c6160288;658de723-f088-e590-4b11-f4404964cad0
2004-T.29.fol.17v;af18cc7a-fa8f-11e2-8e56-9f72c6160288;736a3200-efd6-13d3-043e-759d9c2e0eff
2004-T.29.fol.18r;af18cc7a-fa8f-11e2-8e56-9f72c6160288;736a3200-efd6-13d3-043e-759d9c2e0eff
2004-T.29.fol.18v;af18cc7a-fa8f-11e2-8e56-9f72c6160288;56d50fde-c931-ce4d-ad2d-d5bcb8703999
2004-T.29.fol.19r;af18cc7a-fa8f-11e2-8e56-9f72c6160288;56d50fde-c931-ce4d-ad2d-d5bcb8703999
2004-T.29.fol.19v;af18cc7a-fa8f-11e2-8e56-9f72c6160288;54dc70b1-bd5e-12bc-0630-2d06c440c213
2004-T.29.fol.20r;af18cc7a-fa8f-11e2-8e56-9f72c6160288;54dc70b1-bd5e-12bc-0630-2d06c440c213
2004-T.29.fol.20v;af18cc7a-fa8f-11e2-8e56-9f72c6160288;0ba61e63-2a3c-2a5a-294e-e0e338a77f02
2004-T.29.fol.21r;af18cc7a-fa8f-11e2-8e56-9f72c6160288;0ba61e63-2a3c-2a5a-294e-e0e338a77f02
2004-T.29.fol.22r;af18cc7a-fa8f-11e2-8e56-9f72c6160288;06d2a019-19a3-ffa5-4ce8-379e2fd68121
2004-T.29.fol.23r;af18cc7a-fa8f-11e2-8e56-9f72c6160288;57729bba-d7b3-64b2-a123-f93e88815413
2004-T.29.fol.23v;af18cc7a-fa8f-11e2-8e56-9f72c6160288;6e535589-2335-b1b2-c16d-0464e7ebf13f
2004-T.29.fol.24r;af18cc7a-fa8f-11e2-8e56-9f72c6160288;6e535589-2335-b1b2-c16d-0464e7ebf13f
2004-T.29.fol.24v;af18cc7a-fa8f-11e2-8e56-9f72c6160288;0cc39b17-90d5-ea02-3cd6-77bdc0f2538e
2004-T.29.fol.25r;af18cc7a-fa8f-11e2-8e56-9f72c6160288;0cc39b17-90d5-ea02-3cd6-77bdc0f2538e
2004-T.29.fol.25v;af18cc7a-fa8f-11e2-8e56-9f72c6160288;ab76fa34-eac4-cbed-3590-06c1ee21c5cf
2004-T.29.fol.26v;af18cc7a-fa8f-11e2-8e56-9f72c6160288;582868b8-3807-4d87-944b-8d265d544efb
2004-T.29.fol.27r;af18cc7a-fa8f-11e2-8e56-9f72c6160288;582868b8-3807-4d87-944b-8d265d544efb
2004-T.29.fol.28r;af18cc7a-fa8f-11e2-8e56-9f72c6160288;86566568-43c8-16ec-dcda-4872f5c2c14c
2004-T.29.fol.28v;af18cc7a-fa8f-11e2-8e56-9f72c6160288;720efea4-bb51-e6a8-32e9-115a97245d5f
2004-T.29.fol.29r;af18cc7a-fa8f-11e2-8e56-9f72c6160288;720efea4-bb51-e6a8-32e9-115a97245d5f
2004-T.29.fol.29v;af18cc7a-fa8f-11e2-8e56-9f72c6160288;f3780d36-3aee-c8b5-5f52-09df487e9f9c
2004-T.29.fol.30r;af18cc7a-fa8f-11e2-8e56-9f72c6160288;f3780d36-3aee-c8b5-5f52-09df487e9f9c
2004-T.29.fol.30v;af18cc7a-fa8f-11e2-8e56-9f72c6160288;f2dd42cc-ed41-5bff-5c66-198898bcb193
2004-T.29.fol.31r;af18cc7a-fa8f-11e2-8e56-9f72c6160288;f2dd42cc-ed41-5bff-5c66-198898bcb193
2004-T.29.fol.32r;af18cc7a-fa8f-11e2-8e56-9f72c6160288;05cd5b1f-a8ac-049f-8c81-9ef61422d87d
2004-T.29.fol.33r;af18cc7a-fa8f-11e2-8e56-9f72c6160288;e7b55a94-9d3a-a9b2-d58b-d277d0f36abc
2004-T.29.fol.34v;af18cc7a-fa8f-11e2-8e56-9f72c6160288;11cefb61-2739-94ef-602f-9add0d104a42
2004-T.29.fol.35r;af18cc7a-fa8f-11e2-8e56-9f72c6160288;11cefb61-2739-94ef-602f-9add0d104a42
2004-T.29.fol.35v;af18cc7a-fa8f-11e2-8e56-9f72c6160288;a14de344-972b-bed7-4889-5e0c2f1487bb
2004-T.29.fol.36r;af18cc7a-fa8f-11e2-8e56-9f72c6160288;a14de344-972b-bed7-4889-5e0c2f1487bb
2004-T.3;af18cc7a-fa8f-11e2-8e56-9f72c6160288;64b9e6dc-c2f9-d680-8fea-b0368fb0d830
2004-T.30;af18cc7a-fa8f-11e2-8e56-9f72c6160288;69caca82-8aed-59e1-30ea-907100415413
2004-T.31;af18cc7a-fa8f-11e2-8e56-9f72c6160288;ee7cad5d-d6b6-28eb-1b35-1520f114fcb0
2004-T.32;af18cc7a-fa8f-11e2-8e56-9f72c6160288;f61e0293-bba8-0603-eeed-ca5a5aa363ff
2004-T.33;af18cc7a-fa8f-11e2-8e56-9f72c6160288;0ed7860b-9f83-82d0-9303-ff6dff54050f
2004-T.34;af18cc7a-fa8f-11e2-8e56-9f72c6160288;33f52bcb-8c54-bd6f-183f-a8e7a0c7c6da
2004-T.35;af18cc7a-fa8f-11e2-8e56-9f72c6160288;4c6a9f05-3dd5-05c1-3ecb-ee8ea8d6ac23
2004-T.36;af18cc7a-fa8f-11e2-8e56-9f72c6160288;cea28711-f189-5ab0-42f3-a08a3702e4c0
2004-T.37;af18cc7a-fa8f-11e2-8e56-9f72c6160288;9f7b3f5a-1c4c-c1ba-f0b1-15bd20a00bf5
2004-T.38;af18cc7a-fa8f-11e2-8e56-9f72c6160288;edaabac0-8d8d-471e-f1a5-b7c599abe370
2004-T.39;af18cc7a-fa8f-11e2-8e56-9f72c6160288;4de5207c-0a80-3586-0491-ddd32ccdd8fd
2004-T.4;af18cc7a-fa8f-11e2-8e56-9f72c6160288;4ba9443e-67e4-b2ff-1dce-3690acd711af
2004-T.40;af18cc7a-fa8f-11e2-8e56-9f72c6160288;db0eacc6-4f3b-9f60-0686-06bb51008594
2004-T.41;af18cc7a-fa8f-11e2-8e56-9f72c6160288;91a3c2f4-4f6b-5570-f124-a26c0a0ea7a0
2004-T.42;af18cc7a-fa8f-11e2-8e56-9f72c6160288;23e69215-0245-0572-9cb3-95e714faa427
2004-T.43;af18cc7a-fa8f-11e2-8e56-9f72c6160288;32baa2a6-e1ba-5d82-06e8-30399e1cb256
2004-T.44;af18cc7a-fa8f-11e2-8e56-9f72c6160288;82446aff-9e63-a3fe-4530-f60d77c893c0
2004-T.45;af18cc7a-fa8f-11e2-8e56-9f72c6160288;d75258e1-563e-a150-400e-71cb243cec8c
2004-T.46;af18cc7a-fa8f-11e2-8e56-9f72c6160288;a9ef21b3-511d-9032-aa4c-47e4bac2b820
2004-T.47;af18cc7a-fa8f-11e2-8e56-9f72c6160288;7e9bc8b8-ec7f-d4ab-fbaa-bdfd51d17469
2004-T.48;af18cc7a-fa8f-11e2-8e56-9f72c6160288;5e20ede5-b543-d094-256d-8e3adc6db8f9
2004-T.49;af18cc7a-fa8f-11e2-8e56-9f72c6160288;0c80d0bb-6ce6-8fea-247c-5b3f6a93c1b8
2004-T.5;af18cc7a-fa8f-11e2-8e56-9f72c6160288;aefe7d31-8131-290f-02c0-ee5cb02f9c5c
2004-T.50;af18cc7a-fa8f-11e2-8e56-9f72c6160288;753842e6-4f56-f4cb-a955-5bad01fea72c
2004-T.51;af18cc7a-fa8f-11e2-8e56-9f72c6160288;672a84d9-88be-9f78-b1b3-ed3995fa0e9b
2004-T.52;af18cc7a-fa8f-11e2-8e56-9f72c6160288;60953788-4fb7-f5d9-b8d0-42753a374c49
2004-T.53;af18cc7a-fa8f-11e2-8e56-9f72c6160288;bc732126-146f-d114-cb0f-da6a656d8087
2004-T.54;af18cc7a-fa8f-11e2-8e56-9f72c6160288;aa9eb19f-2027-3b26-b27d-7858bc067385
2004-T.6;af18cc7a-fa8f-11e2-8e56-9f72c6160288;43f48991-f096-4a18-3947-02d29f5f1134
2004-T.7;af18cc7a-fa8f-11e2-8e56-9f72c6160288;820c568d-2366-179f-9be5-1908d608c147
2004-T.7.fol.01r;af18cc7a-fa8f-11e2-8e56-9f72c6160288;4874c2a8-3559-e239-e73b-0e82f17c7fb3
2004-T.7.fol.02r;af18cc7a-fa8f-11e2-8e56-9f72c6160288;cb002e46-c158-df9f-ddc0-e0e1a78c2095
2004-T.7.fol.03r;af18cc7a-fa8f-11e2-8e56-9f72c6160288;25b1e407-a112-1ea9-9c3f-f6fae40544ef
2004-T.7.fol.04r;af18cc7a-fa8f-11e2-8e56-9f72c6160288;7ee5bc69-acb4-4a79-f4c1-ca552106bede
2004-T.7.fol.05r;af18cc7a-fa8f-11e2-8e56-9f72c6160288;6292dc92-0658-cdc0-a2e6-952e5ee1bd63
2004-T.7.fol.06r;af18cc7a-fa8f-11e2-8e56-9f72c6160288;5bea2321-df3f-7de4-6ffe-e993774422ce
2004-T.7.fol.07r;af18cc7a-fa8f-11e2-8e56-9f72c6160288;fe966fbb-8b5b-bfdf-6846-ce9524f909c4
2004-T.7.fol.08r;af18cc7a-fa8f-11e2-8e56-9f72c6160288;dc15039a-8fb9-6b0f-557f-ef3b9dd1b677
2004-T.7.fol.09r;af18cc7a-fa8f-11e2-8e56-9f72c6160288;96e878a3-9795-f633-9d0e-4b160ff837b5
2004-T.7.fol.11r;af18cc7a-fa8f-11e2-8e56-9f72c6160288;4564393b-cbae-4ae5-db44-371b88eae28f
2004-T.7.fol.12r;af18cc7a-fa8f-11e2-8e56-9f72c6160288;18448ed0-060c-b9d9-2de8-a039e226acd6
2004-T.7.fol.13r;af18cc7a-fa8f-11e2-8e56-9f72c6160288;876b49f2-a41c-400e-cfaf-9bdda3952501
2004-T.7.fol.14r;af18cc7a-fa8f-11e2-8e56-9f72c6160288;6ade4b81-5ce6-789e-bfdd-e2f4c118b810
2004-T.7.fol.15r;af18cc7a-fa8f-11e2-8e56-9f72c6160288;3919dc11-745e-f544-10a4-df356cb2e77f
2004-T.7.fol.16r;af18cc7a-fa8f-11e2-8e56-9f72c6160288;0658cb2c-41bc-4ff2-bca6-e7d371aca20f
2004-T.7.fol.17r;af18cc7a-fa8f-11e2-8e56-9f72c6160288;8c006e34-f60e-b876-afa1-1674b895136c
2004-T.7.fol.18r;af18cc7a-fa8f-11e2-8e56-9f72c6160288;d66eb386-2359-ce4e-26bf-e96a73239023
2004-T.7.fol.19r;af18cc7a-fa8f-11e2-8e56-9f72c6160288;684bd1e9-0b54-a5e1-ff4c-c674beae6429
2004-T.7.fol.20r;af18cc7a-fa8f-11e2-8e56-9f72c6160288;cdd2f5c8-6d0d-bd25-4fd5-c3c4fec68a75
2004-T.7.fol.21r;af18cc7a-fa8f-11e2-8e56-9f72c6160288;a4e804d8-1b1c-3fd9-9508-49ba4c00272a
2004-T.7.fol.22r;af18cc7a-fa8f-11e2-8e56-9f72c6160288;9eca6925-cf37-e2f2-4b08-fe8887cac0a0
2004-T.7.fol.23r;af18cc7a-fa8f-11e2-8e56-9f72c6160288;3c7c3783-0460-69e1-b132-975550af0764
2004-T.7.fol.24r;af18cc7a-fa8f-11e2-8e56-9f72c6160288;26023cdf-44f5-4188-24da-d8e86d6317b2
2004-T.8;af18cc7a-fa8f-11e2-8e56-9f72c6160288;51d14236-f2d8-9b3d-01ec-1f30320e2bfe
2004-T.9;af18cc7a-fa8f-11e2-8e56-9f72c6160288;0135e038-a48f-e294-5a14-b2ceaf92d426
2005;af18cc7a-fa8f-11e2-8e56-9f72c6160288;59935b75-5d05-1a75-8580-ab4e501c6bca
2005-T.1;af18cc7a-fa8f-11e2-8e56-9f72c6160288;95c40d9b-7c02-85e4-13ad-c1a12b1802f2
2005-T.10;af18cc7a-fa8f-11e2-8e56-9f72c6160288;3dae922f-db4e-4f58-648c-65bb348c804f
2005-T.11;af18cc7a-fa8f-11e2-8e56-9f72c6160288;9455b58a-0b93-c185-f644-1b577bfda6c4
2005-T.12;af18cc7a-fa8f-11e2-8e56-9f72c6160288;463e29b4-7b08-cf4a-d79e-6f39430e5858
2005-T.13;af18cc7a-fa8f-11e2-8e56-9f72c6160288;8af3ae04-306d-e28f-c9ae-031b91a65485
2005-T.14;af18cc7a-fa8f-11e2-8e56-9f72c6160288;cb78c00d-906d-2e94-8c43-163216b6fbbb
2005-T.15;af18cc7a-fa8f-11e2-8e56-9f72c6160288;dc8e25c9-ecd3-6f92-d466-ab212b005caa
2005-T.16;af18cc7a-fa8f-11e2-8e56-9f72c6160288;b13be404-48d7-35c6-9ab5-bcd536b07a26
2005-T.17;af18cc7a-fa8f-11e2-8e56-9f72c6160288;b5cd67a2-282c-1494-4cd9-7389153a0a54
2005-T.18;af18cc7a-fa8f-11e2-8e56-9f72c6160288;8f5a7861-8107-8201-1f9d-198e6142e217
2005-T.19;af18cc7a-fa8f-11e2-8e56-9f72c6160288;0bb97d98-952d-7878-3663-b0c4ec98ec04
2005-T.2;af18cc7a-fa8f-11e2-8e56-9f72c6160288;56c2435b-d725-fd71-75a2-16965ce3f65f
2005-T.20;af18cc7a-fa8f-11e2-8e56-9f72c6160288;4ddb29ce-0ca7-fd2a-02b3-5de64f7c38b4
2005-T.21;af18cc7a-fa8f-11e2-8e56-9f72c6160288;858d3ce7-15ce-2bc9-3724-216d0a7895e7
2005-T.22;af18cc7a-fa8f-11e2-8e56-9f72c6160288;4b33c52b-70a8-95a0-083d-f51babad4776
2005-T.23;af18cc7a-fa8f-11e2-8e56-9f72c6160288;91451c4a-7bfc-b874-80fa-ead7d9579c85
2005-T.24;af18cc7a-fa8f-11e2-8e56-9f72c6160288;91c699bd-43c9-6c74-1417-93d54f19e804
2005-T.3;af18cc7a-fa8f-11e2-8e56-9f72c6160288;4053a1e9-75a8-6639-bf49-b09a7e46b61f
2005-T.4;af18cc7a-fa8f-11e2-8e56-9f72c6160288;990f21ea-2591-2cc6-8621-a6d880d29448
2005-T.5;af18cc7a-fa8f-11e2-8e56-9f72c6160288;f6c4068a-74ae-f212-adb7-87de588f970b
2005-T.6;af18cc7a-fa8f-11e2-8e56-9f72c6160288;89b7877b-a331-cd0a-b759-93648d3e0c93
2005-T.7;af18cc7a-fa8f-11e2-8e56-9f72c6160288;57273978-ca06-157d-2e1a-752d33a5eb59
2005-T.8;af18cc7a-fa8f-11e2-8e56-9f72c6160288;508b98be-41bc-d149-e72b-059962859ccf
2005-T.9;af18cc7a-fa8f-11e2-8e56-9f72c6160288;1a428555-727d-302d-7037-861859517e12
2006;af18cc7a-fa8f-11e2-8e56-9f72c6160288;d31f0ec1-5d13-c29a-1962-7600e01476bd
2006-T.1;af18cc7a-fa8f-11e2-8e56-9f72c6160288;1faac493-278d-1831-d9fc-2cc58f79f5a8
2006-T.10;af18cc7a-fa8f-11e2-8e56-9f72c6160288;c846697c-74dd-f7e9-f11f-3223e8caed8f
2006-T.11;af18cc7a-fa8f-11e2-8e56-9f72c6160288;84fae06b-28d7-e0b6-4166-d079bf0af68f
2006-T.12;af18cc7a-fa8f-11e2-8e56-9f72c6160288;50d23ddd-fd71-b625-7ce0-8b017790d8d4
2006-T.13;af18cc7a-fa8f-11e2-8e56-9f72c6160288;dd5284c3-d270-68ff-aa35-35c1d71a1e82
2006-T.14;af18cc7a-fa8f-11e2-8e56-9f72c6160288;490a8536-5e14-4ff4-e778-9eb0375554e4
2006-T.15;af18cc7a-fa8f-11e2-8e56-9f72c6160288;7c4109ad-814d-cffe-2f3d-f816062c78dd
2006-T.16;af18cc7a-fa8f-11e2-8e56-9f72c6160288;cabd01bd-88d7-ff30-273a-877d2bc05482
2006-T.17;af18cc7a-fa8f-11e2-8e56-9f72c6160288;e5fed6e1-c76c-716a-6df5-3cfb3e43218e
2006-T.18;af18cc7a-fa8f-11e2-8e56-9f72c6160288;609f1660-7940-36f3-6801-0fb7b832f011
2006-T.19;af18cc7a-fa8f-11e2-8e56-9f72c6160288;820df351-105a-be9a-eda9-6c8eb39d0bc2
2006-T.2;af18cc7a-fa8f-11e2-8e56-9f72c6160288;576f433c-0e20-2e74-d971-8af7289286e7
2006-T.20;af18cc7a-fa8f-11e2-8e56-9f72c6160288;8047ca80-8af6-f298-e8bf-2729d9c63969
2006-T.21;af18cc7a-fa8f-11e2-8e56-9f72c6160288;7c29cf9b-548a-1a2b-d86d-453629833970
2006-T.22;af18cc7a-fa8f-11e2-8e56-9f72c6160288;3e4b0842-6bb8-08ca-7af2-95ce461052e6
2006-T.23;af18cc7a-fa8f-11e2-8e56-9f72c6160288;43a971ae-52ee-bb3b-e217-c7e4569ff423
2006-T.24;af18cc7a-fa8f-11e2-8e56-9f72c6160288;a6837643-e799-f204-2698-83605213bb88
2006-T.25;af18cc7a-fa8f-11e2-8e56-9f72c6160288;1687c7a1-539f-3714-b7a4-b9d608b9b565
2006-T.26;af18cc7a-fa8f-11e2-8e56-9f72c6160288;1323566f-3edd-efea-6cb2-47369017208a
2006-T.27;af18cc7a-fa8f-11e2-8e56-9f72c6160288;f3bbb32e-f5bc-6a68-cc3b-ebc07e3221b7
2006-T.28;af18cc7a-fa8f-11e2-8e56-9f72c6160288;0f0cc931-8f61-6764-540f-0eb43be2f89d
2006-T.29;af18cc7a-fa8f-11e2-8e56-9f72c6160288;a292af3a-a226-7f68-6d9f-cfb7f135d51d
2006-T.3;af18cc7a-fa8f-11e2-8e56-9f72c6160288;ea0d1bb9-ac23-dfea-0964-4d618f6adc57
2006-T.30;af18cc7a-fa8f-11e2-8e56-9f72c6160288;5db3cefc-4293-39fc-81ad-c44b92e6f7af
2006-T.30(1);af18cc7a-fa8f-11e2-8e56-9f72c6160288;1cc4d16a-fe39-1b06-c4d2-e1f38d2b8315
2006-T.31;af18cc7a-fa8f-11e2-8e56-9f72c6160288;94084115-99f2-66e0-a6a6-5582cf7d37c0
2006-T.32;af18cc7a-fa8f-11e2-8e56-9f72c6160288;543a4b4e-9c77-2cc5-dc03-fabe2a70dd73
2006-T.33;af18cc7a-fa8f-11e2-8e56-9f72c6160288;f64005cd-e323-9f38-31c8-1b2c9e34462f
2006-T.34;af18cc7a-fa8f-11e2-8e56-9f72c6160288;f435159d-2aad-7a04-73b4-0395faf40650
2006-T.35;af18cc7a-fa8f-11e2-8e56-9f72c6160288;26f6ab9c-74ae-90a9-5e01-948cc51c9649
2006-T.36;af18cc7a-fa8f-11e2-8e56-9f72c6160288;02f5c61a-ad9e-aae5-0835-894c94ff1f8d
2006-T.37;af18cc7a-fa8f-11e2-8e56-9f72c6160288;f4e54021-9890-fb97-f901-29c9314cc7e5
2006-T.38;af18cc7a-fa8f-11e2-8e56-9f72c6160288;82ef3dac-cdd1-2ce2-a7a1-47b6667c1e59
2006-T.39;af18cc7a-fa8f-11e2-8e56-9f72c6160288;1589f01f-ff13-99eb-5dce-dcca7d08a085
2006-T.40;af18cc7a-fa8f-11e2-8e56-9f72c6160288;c80eea7c-9c86-27af-1800-b393d5df45e7
2006-T.41;af18cc7a-fa8f-11e2-8e56-9f72c6160288;d987063f-a358-d02f-89b7-3af7b54b7329
2006-T.42;af18cc7a-fa8f-11e2-8e56-9f72c6160288;78a62a7b-e4c8-021d-4728-bda1b874a6a3
2006-T.43;af18cc7a-fa8f-11e2-8e56-9f72c6160288;d9a4060d-bd3d-88c9-bebe-ef7e49c3c8a0
2006-T.44;af18cc7a-fa8f-11e2-8e56-9f72c6160288;1600e8bd-5069-7c01-788d-ce14d9edba5d
2006-T.4A;af18cc7a-fa8f-11e2-8e56-9f72c6160288;f95b8145-7e37-a988-bb0f-aabcf4c4b112
2006-T.4B;af18cc7a-fa8f-11e2-8e56-9f72c6160288;c79c9ebb-ba2f-b390-83d5-966c656e27b0
2006-T.5;af18cc7a-fa8f-11e2-8e56-9f72c6160288;3af18bcd-bc08-b05c-fcc4-f5dc422c5275
2006-T.6;af18cc7a-fa8f-11e2-8e56-9f72c6160288;a4848a2a-ba95-e8d0-c6b3-08acc9ef9151
2006-T.7;af18cc7a-fa8f-11e2-8e56-9f72c6160288;0051dabf-e817-9040-14cd-5e74c73b0c3a
2006-T.8;af18cc7a-fa8f-11e2-8e56-9f72c6160288;17cc2b47-d054-4e6d-c71d-53ab42da5840
2006-T.9;af18cc7a-fa8f-11e2-8e56-9f72c6160288;6f2ad4ae-c7f7-1ce3-c58b-ebd2d3b9bc51
2007 (lost);af18cc7a-fa8f-11e2-8e56-9f72c6160288;
2007-OB.3(2);af18cc7a-fa8f-11e2-8e56-9f72c6160288;db8ada88-3057-c233-f0a6-3236f2e3022c
2007-OB.3(3);af18cc7a-fa8f-11e2-8e56-9f72c6160288;ee5dbb9c-aaa6-cd8a-5e44-7c13fbe10766
2007-OB.3(7);af18cc7a-fa8f-11e2-8e56-9f72c6160288;8cd2252d-f46e-c3d0-b882-0deab3674751
2007-T.1;af18cc7a-fa8f-11e2-8e56-9f72c6160288;2d0f0ab5-a7d7-64a7-0998-6f55655f4768
2007-T.10;af18cc7a-fa8f-11e2-8e56-9f72c6160288;4dec53c3-e7e4-c4a0-a4a4-beb98a8c496c
2007-T.11;af18cc7a-fa8f-11e2-8e56-9f72c6160288;fd1a4e88-0517-3042-ec8b-1e56d096123d
2007-T.12;af18cc7a-fa8f-11e2-8e56-9f72c6160288;81ff1ce8-11e8-8c03-8e16-5638f5abd220
2007-T.13;af18cc7a-fa8f-11e2-8e56-9f72c6160288;dce6c248-d8e9-6082-192f-3d52366aa1c5
2007-T.14;af18cc7a-fa8f-11e2-8e56-9f72c6160288;41e85830-a5cd-f120-000f-b82b6799e6e3
2007-T.15;af18cc7a-fa8f-11e2-8e56-9f72c6160288;44a393fd-a8c4-6c02-620c-0375d31dcefc
2007-T.16;af18cc7a-fa8f-11e2-8e56-9f72c6160288;4a9c2b2a-750f-12b7-1902-17cf414d070f
2007-T.17;af18cc7a-fa8f-11e2-8e56-9f72c6160288;979b47f9-37b1-6b8e-8f87-ce8226c3318e
2007-T.18;af18cc7a-fa8f-11e2-8e56-9f72c6160288;5803c629-0ce3-9711-debf-22725545e346
2007-T.19;af18cc7a-fa8f-11e2-8e56-9f72c6160288;2b6156a2-fb82-f0b5-8e2f-a7a5ecfdf4f1
2007-T.2;af18cc7a-fa8f-11e2-8e56-9f72c6160288;1ee33d79-6cd6-88ba-d826-ffc83cf16c87
2007-T.20;af18cc7a-fa8f-11e2-8e56-9f72c6160288;b92bee4c-5ea2-0324-c2f6-b90d408d3b09
2007-T.21;af18cc7a-fa8f-11e2-8e56-9f72c6160288;8fc517c4-1d2d-6735-2b7a-82f3c2d42e75
2007-T.22;af18cc7a-fa8f-11e2-8e56-9f72c6160288;c0b7f458-e08f-e574-3077-5e5de83168e6
2007-T.23;af18cc7a-fa8f-11e2-8e56-9f72c6160288;83cf9634-5e2e-a5ef-fa0b-0362cbcb02b9
2007-T.24;af18cc7a-fa8f-11e2-8e56-9f72c6160288;2f6aa4eb-f8a2-bd3b-df13-ea6d0c30ffcd
2007-T.25;af18cc7a-fa8f-11e2-8e56-9f72c6160288;5ae6aa37-b39f-6d01-3d82-bd0f293e9418
2007-T.26;af18cc7a-fa8f-11e2-8e56-9f72c6160288;291421ff-08b5-e9d5-5c06-75dc49f0f6d0
2007-T.27;af18cc7a-fa8f-11e2-8e56-9f72c6160288;346fe155-1039-f245-8cc0-82dab1ae8b79
2007-T.28;af18cc7a-fa8f-11e2-8e56-9f72c6160288;b7cffeb6-ae47-5dfd-aec0-4db85d9db829
2007-T.29;af18cc7a-fa8f-11e2-8e56-9f72c6160288;adebeb8f-d525-548d-01d5-40f1dc86230a
2007-T.3;af18cc7a-fa8f-11e2-8e56-9f72c6160288;0031621e-c6a8-fd47-7015-9d83dae5813b
2007-T.30;af18cc7a-fa8f-11e2-8e56-9f72c6160288;c8c278d4-215a-ee5f-6668-904b5efd2305
2007-T.31;af18cc7a-fa8f-11e2-8e56-9f72c6160288;ac061ec5-23cd-3d95-17fc-2e29649b30c7
2007-T.32;af18cc7a-fa8f-11e2-8e56-9f72c6160288;799b9b93-5c90-4b5d-9124-81a7995b7a31
2007-T.33;af18cc7a-fa8f-11e2-8e56-9f72c6160288;2742c8fe-d615-5f21-998b-c4f359c8af8a
2007-T.34;af18cc7a-fa8f-11e2-8e56-9f72c6160288;3649ef27-d1ea-3861-43c1-7ba84631eae1
2007-T.35;af18cc7a-fa8f-11e2-8e56-9f72c6160288;76287c89-b8ee-03ef-9083-0bb4eb176aca
2007-T.36;af18cc7a-fa8f-11e2-8e56-9f72c6160288;48171f7a-53d4-b021-615d-1581f27aebaf
2007-T.37;af18cc7a-fa8f-11e2-8e56-9f72c6160288;dd041b04-7397-e008-9b66-3b212191e9b4
2007-T.38;af18cc7a-fa8f-11e2-8e56-9f72c6160288;3c4906c1-ba76-86f0-69a3-05dbd4c82cf5
2007-T.39;af18cc7a-fa8f-11e2-8e56-9f72c6160288;fb63513f-cdc2-0952-fd02-c9bfd88f701d
2007-T.4;af18cc7a-fa8f-11e2-8e56-9f72c6160288;43fc92dd-77c0-c1fd-1b24-c670a70cd8ab
2007-T.40;af18cc7a-fa8f-11e2-8e56-9f72c6160288;227be51b-353a-187b-7534-acab2e45e6ed
2007-T.41;af18cc7a-fa8f-11e2-8e56-9f72c6160288;e14f7bfe-c6de-9a08-f74f-dc650f6e6271
2007-T.42;af18cc7a-fa8f-11e2-8e56-9f72c6160288;6aec3733-afc9-9256-9575-ece8e848ec5b
2007-T.43;af18cc7a-fa8f-11e2-8e56-9f72c6160288;251e588d-6422-1ca2-8b1e-86eec38fde5c
2007-T.5;af18cc7a-fa8f-11e2-8e56-9f72c6160288;257e5b7f-3605-9b9c-a7f6-f3a527c3421e
2007-T.6;af18cc7a-fa8f-11e2-8e56-9f72c6160288;cc0270aa-dd05-53f8-5698-49e526f0ce57
2007-T.7;af18cc7a-fa8f-11e2-8e56-9f72c6160288;1d33fea1-051c-94cd-b748-7a28098b5a1b
2007-T.8;af18cc7a-fa8f-11e2-8e56-9f72c6160288;835fdf14-5110-20b4-cfaa-ce6f0116b890
2007-T.9;af18cc7a-fa8f-11e2-8e56-9f72c6160288;8b99688e-70dd-f0e6-8614-c57c1c6b8ae8
2008;af18cc7a-fa8f-11e2-8e56-9f72c6160288;abab0298-fdd5-dfb1-ec3b-fa0e8d933845
2008-D.2;af18cc7a-fa8f-11e2-8e56-9f72c6160288;1755a947-5eeb-77b5-d029-2b8f683bf101
2008-D.36;af18cc7a-fa8f-11e2-8e56-9f72c6160288;f318645a-1297-6ead-4200-eac1b5e45b76
2008-D.37;af18cc7a-fa8f-11e2-8e56-9f72c6160288;5398f7e1-fcc4-c172-8eae-cb289d8eb7ee
2008-D.38;af18cc7a-fa8f-11e2-8e56-9f72c6160288;5ea2a99e-382a-d7c5-1338-8e1f43e755c9
2008-D.39;af18cc7a-fa8f-11e2-8e56-9f72c6160288;3b35d2ec-a1a7-aa4a-0d4b-e2434fffc8ef
2008-D.40;af18cc7a-fa8f-11e2-8e56-9f72c6160288;6dfd11cf-9c99-f2e4-d154-82440d8229fc
2008-D.41;af18cc7a-fa8f-11e2-8e56-9f72c6160288;8663bcd4-8f0e-9d2e-0940-90ed1c984040
2008-D.42;af18cc7a-fa8f-11e2-8e56-9f72c6160288;38ac9add-dbb0-2666-4935-ee0c96ef9b7b
2008-D.43;af18cc7a-fa8f-11e2-8e56-9f72c6160288;a21ec5bb-84d9-9130-ea6a-f89d275278f1
2008-D.44;af18cc7a-fa8f-11e2-8e56-9f72c6160288;9e8f3b97-06c0-d8c1-c632-94aa241c00ac
2008-D.45;af18cc7a-fa8f-11e2-8e56-9f72c6160288;8177a8aa-6639-f1d8-d9f9-3263bcfc43b1
2008-D.46;af18cc7a-fa8f-11e2-8e56-9f72c6160288;a57f53d7-f65a-5297-4465-46eecdc977f8
2008-D.47;af18cc7a-fa8f-11e2-8e56-9f72c6160288;7bcb4831-8950-42de-ffe9-3888e9b32652
2008-D.48;af18cc7a-fa8f-11e2-8e56-9f72c6160288;ad0de4e3-0752-332c-bc79-49e2fe5e79ac
2008-D.49;af18cc7a-fa8f-11e2-8e56-9f72c6160288;3a11f914-0eef-1b73-7105-300d27ae4fda
2008-D.50;af18cc7a-fa8f-11e2-8e56-9f72c6160288;a3c217d1-4e7b-8cdf-3071-4771498e9bbd
2008-D.51;af18cc7a-fa8f-11e2-8e56-9f72c6160288;093469c5-4d87-d63e-adb5-9b49000416a7
2008-D.52;af18cc7a-fa8f-11e2-8e56-9f72c6160288;b7a66eb5-26b9-c918-acdc-a1b77186fffd
2008-D.53;af18cc7a-fa8f-11e2-8e56-9f72c6160288;2a71e78d-204c-bb67-730f-7a29fa8a6a05
2008-T.1;af18cc7a-fa8f-11e2-8e56-9f72c6160288;4a2325c2-1c0b-0c3a-b83b-6077ef389b77
2008-T.10;af18cc7a-fa8f-11e2-8e56-9f72c6160288;85202510-b66f-902f-25db-dd0447c3c35c
2008-T.11;af18cc7a-fa8f-11e2-8e56-9f72c6160288;427b0cbc-c93a-04a9-77cc-0c55ba2484ed
2008-T.12;af18cc7a-fa8f-11e2-8e56-9f72c6160288;15ff6e4d-3f6c-6e39-6285-3521d13a17ea
2008-T.13;af18cc7a-fa8f-11e2-8e56-9f72c6160288;fb637852-7e62-0665-bd87-e38bb503f308
2008-T.14;af18cc7a-fa8f-11e2-8e56-9f72c6160288;31255b86-f65f-6c6b-0582-b0a2b6bc19e2
2008-T.15;af18cc7a-fa8f-11e2-8e56-9f72c6160288;daa8e642-e11e-7b4f-115d-98b161343e5f
2008-T.16;af18cc7a-fa8f-11e2-8e56-9f72c6160288;1ea054d7-ed61-6df0-bbbe-98769f39f55e
2008-T.17;af18cc7a-fa8f-11e2-8e56-9f72c6160288;a03c8e83-ef3e-ab95-d46a-6fe3e271f07a
2008-T.18;af18cc7a-fa8f-11e2-8e56-9f72c6160288;b6578a2a-355c-82cc-701d-9d6caae0f47d
2008-T.19;af18cc7a-fa8f-11e2-8e56-9f72c6160288;edb5005a-3973-d307-b22f-1e6ae0e45577
2008-T.2;af18cc7a-fa8f-11e2-8e56-9f72c6160288;5d994625-52fa-8ded-a737-8dcb8c9f04f1
2008-T.20;af18cc7a-fa8f-11e2-8e56-9f72c6160288;6655ecf2-3e50-9fa0-d186-aece6c2783ef
2008-T.21;af18cc7a-fa8f-11e2-8e56-9f72c6160288;552e9239-d6a3-db94-7c49-131d368914d0
2008-T.22;af18cc7a-fa8f-11e2-8e56-9f72c6160288;2eb177bc-d2e3-121d-2b93-0c2094ddb74c
2008-T.23;af18cc7a-fa8f-11e2-8e56-9f72c6160288;7d4bcc05-bbb2-b3d3-3d1d-374ad4ebacb3
2008-T.24;af18cc7a-fa8f-11e2-8e56-9f72c6160288;12a67773-0fdd-7b91-a0ee-7d9a77f4f7a4
2008-T.25;af18cc7a-fa8f-11e2-8e56-9f72c6160288;f22f48e5-f8ae-4236-dc4a-cbe3552f2175
2008-T.26;af18cc7a-fa8f-11e2-8e56-9f72c6160288;ad4393b4-d6ac-ff10-12f8-c6fbc155d3e0
2008-T.27;af18cc7a-fa8f-11e2-8e56-9f72c6160288;b2431b8e-3b43-729d-bda0-7c24d0605ba0
2008-T.28;af18cc7a-fa8f-11e2-8e56-9f72c6160288;4a389aad-7885-24df-2cfd-2c424e90b7b6
2008-T.29;af18cc7a-fa8f-11e2-8e56-9f72c6160288;e4e54ceb-9117-4aad-3824-6c648ee88ae9
2008-T.3;af18cc7a-fa8f-11e2-8e56-9f72c6160288;1669cedf-edf9-a3b0-00bb-4c977d6773a9
2008-T.30;af18cc7a-fa8f-11e2-8e56-9f72c6160288;2df56dfe-6fc8-1f28-cc3b-ac4bbf7218de
2008-T.31;af18cc7a-fa8f-11e2-8e56-9f72c6160288;5e88a83a-33ee-8d6d-cbd9-f067b8c6d5da
2008-T.32;af18cc7a-fa8f-11e2-8e56-9f72c6160288;d9c759c1-bfdd-19ea-da61-c371086013a8
2008-T.33;af18cc7a-fa8f-11e2-8e56-9f72c6160288;e38d8818-7a4b-1a3b-ef2a-232429b362e0
2008-T.34;af18cc7a-fa8f-11e2-8e56-9f72c6160288;a5657327-60b3-58fe-4bfc-40524f65f32e
2008-T.35;af18cc7a-fa8f-11e2-8e56-9f72c6160288;d5c1810b-570c-e3d8-b0f2-0360200b2680
2008-T.36;af18cc7a-fa8f-11e2-8e56-9f72c6160288;812d5505-497f-2303-7f2d-81d33dc9df29
2008-T.37;af18cc7a-fa8f-11e2-8e56-9f72c6160288;01945732-dd77-0845-02f9-392f9b5d8354
2008-T.38;af18cc7a-fa8f-11e2-8e56-9f72c6160288;408b9a85-dcb1-4cf3-7b3d-2ffb7d960eb6
2008-T.39;af18cc7a-fa8f-11e2-8e56-9f72c6160288;57b4e9fc-0ce7-770a-25df-9b6db0744c4b
2008-T.4;af18cc7a-fa8f-11e2-8e56-9f72c6160288;6db301bd-136d-dd05-f2db-5355d0b030c3
2008-T.5;af18cc7a-fa8f-11e2-8e56-9f72c6160288;06f9661f-bca9-02a3-a4a1-6d9e74b03d68
2008-T.6;af18cc7a-fa8f-11e2-8e56-9f72c6160288;e60c8f28-b8ce-1ea9-009b-74b99fdcc7dc
2008-T.7;af18cc7a-fa8f-11e2-8e56-9f72c6160288;665ce99e-1e58-a435-7202-7991b1808230
2008-T.8;af18cc7a-fa8f-11e2-8e56-9f72c6160288;6ebccfa1-e3bf-c395-e68f-56e291daf97e
2008-T.9;af18cc7a-fa8f-11e2-8e56-9f72c6160288;786e8ba1-feb7-51b4-58d1-5e2beb4cca86
2009;af18cc7a-fa8f-11e2-8e56-9f72c6160288;37432c84-4281-8097-8755-70a7017c1938
2009-T.1;af18cc7a-fa8f-11e2-8e56-9f72c6160288;9b357f37-66df-4fe1-9346-338360f82cd5
2009-T.10;af18cc7a-fa8f-11e2-8e56-9f72c6160288;b47cee2c-b203-517e-21b9-797886045794
2009-T.11;af18cc7a-fa8f-11e2-8e56-9f72c6160288;1080a10e-4dd3-ce8d-d5c5-8949e966490e
2009-T.12;af18cc7a-fa8f-11e2-8e56-9f72c6160288;70a85556-975a-7b88-5a55-633246756adf
2009-T.13;af18cc7a-fa8f-11e2-8e56-9f72c6160288;b702f2ae-3bf0-da2d-3c1a-7284033f9dde
2009-T.14;af18cc7a-fa8f-11e2-8e56-9f72c6160288;677d7df6-b5b0-bffc-0930-cc7f67d2b0be
2009-T.15;af18cc7a-fa8f-11e2-8e56-9f72c6160288;5b7a31d2-ac46-9bf2-24b3-0a51024b7e71
2009-T.16;af18cc7a-fa8f-11e2-8e56-9f72c6160288;6cf6e35c-bb3c-bb25-0ade-eb3f36d30dab
2009-T.17;af18cc7a-fa8f-11e2-8e56-9f72c6160288;3692d50e-c458-ab68-1a02-cbf5443b339b
2009-T.18;af18cc7a-fa8f-11e2-8e56-9f72c6160288;7560268f-7dae-50c3-b4dd-20c6e78fb59f
2009-T.19;af18cc7a-fa8f-11e2-8e56-9f72c6160288;f5fb187e-0568-c82c-b2ca-e65d2355c3af
2009-T.2;af18cc7a-fa8f-11e2-8e56-9f72c6160288;bf489c63-65c1-c672-f2ff-476d8cce4bf9
2009-T.20;af18cc7a-fa8f-11e2-8e56-9f72c6160288;db36ada9-46a7-716b-8a61-abcb8dc049c8
2009-T.20.fol.01r;af18cc7a-fa8f-11e2-8e56-9f72c6160288;db36ada9-46a7-716b-8a61-abcb8dc049c8
2009-T.20.fol.02r;af18cc7a-fa8f-11e2-8e56-9f72c6160288;e50c6167-a7fa-8703-9987-97175709b62a
2009-T.20.fol.02v;af18cc7a-fa8f-11e2-8e56-9f72c6160288;f9969d25-0022-3b2b-20f1-76829ead6902
2009-T.20.fol.03r;af18cc7a-fa8f-11e2-8e56-9f72c6160288;c36d1a93-ce17-4410-ddfc-618153df4edd
2009-T.20.fol.03v;af18cc7a-fa8f-11e2-8e56-9f72c6160288;9df2995a-c24f-49c2-4d67-383f7f515228
2009-T.20.fol.04r;af18cc7a-fa8f-11e2-8e56-9f72c6160288;6357afa9-d3ee-b683-3d9c-1869cd0be18c
2009-T.20.fol.05r;af18cc7a-fa8f-11e2-8e56-9f72c6160288;d76158cf-62a6-7ba0-1da6-42ed02e1f020
2009-T.20.fol.06r;af18cc7a-fa8f-11e2-8e56-9f72c6160288;fb0fb76a-7989-c22f-d008-c178eb39cae9
2009-T.20.fol.06v;af18cc7a-fa8f-11e2-8e56-9f72c6160288;14188dd5-6249-8abb-0207-6dd6b319bcb3
2009-T.20.fol.07r;af18cc7a-fa8f-11e2-8e56-9f72c6160288;4ad46cd6-251d-49e8-abab-ed3397deb07b
2009-T.20.fol.08r;af18cc7a-fa8f-11e2-8e56-9f72c6160288;e83efead-c5fd-9a06-bdcc-5a8d89d8ec77
2009-T.20.fol.08v;af18cc7a-fa8f-11e2-8e56-9f72c6160288;9539b538-dcba-318b-bb9d-ad7470e83b64
2009-T.20.fol.09r;af18cc7a-fa8f-11e2-8e56-9f72c6160288;c06d8e1e-9431-770c-5b54-a094583e7d1f
2009-T.20.fol.09v;af18cc7a-fa8f-11e2-8e56-9f72c6160288;2d2485cb-cfd0-8b71-8f40-de1b69e4b061
2009-T.20.fol.10r;af18cc7a-fa8f-11e2-8e56-9f72c6160288;4000b8dd-4b8e-c842-91c8-e7484822404d
2009-T.20.fol.10v;af18cc7a-fa8f-11e2-8e56-9f72c6160288;cdd7fa3a-11bf-5467-6938-176ad0d69be7
2009-T.20.fol.11r;af18cc7a-fa8f-11e2-8e56-9f72c6160288;195efdae-89e9-c8f5-4bc4-b3479a2c5a5d
2009-T.20.fol.11v;af18cc7a-fa8f-11e2-8e56-9f72c6160288;9fc62b56-1d17-25a2-0574-77e29e83159b
2009-T.20.fol.12r;af18cc7a-fa8f-11e2-8e56-9f72c6160288;d3c83a99-dcf2-f9c9-4021-51e2c42e16a3
2009-T.20.fol.12v.fol13r;af18cc7a-fa8f-11e2-8e56-9f72c6160288;181e7343-c305-cac9-d976-579a67da58b0
2009-T.20.fol.14r;af18cc7a-fa8f-11e2-8e56-9f72c6160288;ec48846e-a98b-ea87-9365-fc9655d23ea7
2009-T.20.fol.14v.fol.15r;af18cc7a-fa8f-11e2-8e56-9f72c6160288;c5ae8588-55fc-2b1c-e8c7-a2c2c4970c25
2009-T.20.fol.15v.fol.16r;af18cc7a-fa8f-11e2-8e56-9f72c6160288;e88b0489-0bcb-95a3-bc7a-59956ca5436f
2009-T.20.fol.17r;af18cc7a-fa8f-11e2-8e56-9f72c6160288;fb1e5fdb-6ac1-fb52-ac2a-81a33c9beb42
2009-T.20.fol.17v.fol.18r;af18cc7a-fa8f-11e2-8e56-9f72c6160288;f025bacd-a93f-8a22-81c8-a31554ca0a23
2009-T.20.fol.18v.fol.19r;af18cc7a-fa8f-11e2-8e56-9f72c6160288;23d40809-1c63-a94b-7dc9-0349f5ee896f
2009-T.20.fol.20r;af18cc7a-fa8f-11e2-8e56-9f72c6160288;b30485f7-7b2b-0869-5944-90ebac164e2b
2009-T.20.fol.21r;af18cc7a-fa8f-11e2-8e56-9f72c6160288;8467e55c-5b59-7650-45d3-4664e71f508e
2009-T.20.fol.21v.fol.22r;af18cc7a-fa8f-11e2-8e56-9f72c6160288;e8e79d15-f3c7-3c64-d649-7682e9c40d26
2009-T.20.fol.23r;af18cc7a-fa8f-11e2-8e56-9f72c6160288;58de90da-edb5-1cce-7b10-b265fa7732a4
2009-T.20.fol.24r;af18cc7a-fa8f-11e2-8e56-9f72c6160288;57b970f4-b4f9-91c4-115b-8d1d42b55ea0
2009-T.20.fol.25r;af18cc7a-fa8f-11e2-8e56-9f72c6160288;12b721c1-14e2-931a-2218-1b66b3fb0a0a
2009-T.20.fol.26r;af18cc7a-fa8f-11e2-8e56-9f72c6160288;8ff81c6f-6371-5705-627c-0c8626f07019
2009-T.20.fol.27r;af18cc7a-fa8f-11e2-8e56-9f72c6160288;a2112f39-c51b-72e9-b004-4b05cf27fd48
2009-T.20.fol.27v;af18cc7a-fa8f-11e2-8e56-9f72c6160288;766d649d-afcd-e205-c06f-d9bdc1103f09
2009-T.20.fol.28r;af18cc7a-fa8f-11e2-8e56-9f72c6160288;af17cd75-14e1-61d3-c554-201108453abe
2009-T.20.fol.28v.fol.29r;af18cc7a-fa8f-11e2-8e56-9f72c6160288;9348e052-341b-8763-4700-118789ff603a
2009-T.20.fol.29v.fol.30r;af18cc7a-fa8f-11e2-8e56-9f72c6160288;60111434-3b44-e371-8f64-8c45cc39be44
2009-T.20.fol.30v;af18cc7a-fa8f-11e2-8e56-9f72c6160288;bea24b79-142a-e6e4-6046-9744848da667
2009-T.20.fol.31r;af18cc7a-fa8f-11e2-8e56-9f72c6160288;432fd465-de73-b70b-49ec-88247f1c0484
2009-T.20.fol.31v;af18cc7a-fa8f-11e2-8e56-9f72c6160288;d9fefcb8-0c5b-b295-5e67-cf6116ea33f3
2009-T.20.fol.33r;af18cc7a-fa8f-11e2-8e56-9f72c6160288;e6c47085-240e-8699-a747-4a32bcd78640
2009-T.20.fol.33v.fol.34r;af18cc7a-fa8f-11e2-8e56-9f72c6160288;a4b21ec9-b839-3740-3518-5a053c854ad5
2009-T.20.fol.35r;af18cc7a-fa8f-11e2-8e56-9f72c6160288;50a32dfb-cb4f-223e-d0c4-8fb6c05f46bb
2009-T.20.fol.36r;af18cc7a-fa8f-11e2-8e56-9f72c6160288;a11997b1-8e60-8077-374b-1535b535863d
2009-T.20.fol.37r;af18cc7a-fa8f-11e2-8e56-9f72c6160288;2abc1e8c-2e14-606b-8dfb-3d63fe0a198c
2009-T.20.fol.38r;af18cc7a-fa8f-11e2-8e56-9f72c6160288;bc0cf2bc-6ad7-9b2d-109e-76f3e20febdc
2009-T.20.fol.38v.fol.39r;af18cc7a-fa8f-11e2-8e56-9f72c6160288;667895c5-03ba-aea3-bbc9-df0aba20ae04
2009-T.20.fol.40r;af18cc7a-fa8f-11e2-8e56-9f72c6160288;9f2b7e7c-3492-2a3a-5d4e-17aa0c523bbd
2009-T.20.fol.41r;af18cc7a-fa8f-11e2-8e56-9f72c6160288;5b84fc93-b119-f03b-54db-f94a1c2bb2ad
2009-T.20.fol.42r;af18cc7a-fa8f-11e2-8e56-9f72c6160288;6eabd958-a4fa-03f4-aea5-a270c06441c1
2009-T.20.fol.42v;af18cc7a-fa8f-11e2-8e56-9f72c6160288;b3900d9d-c5a1-f877-d8e9-b9dbaa282ed6
2009-T.20.fol.43v.fol.44.r;af18cc7a-fa8f-11e2-8e56-9f72c6160288;ca312546-13c4-1aff-6923-743a7b480a4e
2009-T.20.fol.45r;af18cc7a-fa8f-11e2-8e56-9f72c6160288;772e0b28-1965-402d-e501-6f6b3fbd4457
2009-T.20.fol.46r;af18cc7a-fa8f-11e2-8e56-9f72c6160288;63ebd19e-0033-fd6c-2d9c-cbf20f703c6b
2009-T.20.fol.47r;af18cc7a-fa8f-11e2-8e56-9f72c6160288;2ebc6aa0-34cd-1690-fc1d-1d03aef9c9c0
2009-T.21;af18cc7a-fa8f-11e2-8e56-9f72c6160288;d446accf-cfe3-d680-bf5d-4a466c1a28b1
2009-T.22;af18cc7a-fa8f-11e2-8e56-9f72c6160288;1c157411-b4e5-f409-2ecb-399e389a9476
2009-T.23;af18cc7a-fa8f-11e2-8e56-9f72c6160288;3cc43013-7973-1677-4b91-7b35611f5790
2009-T.24;af18cc7a-fa8f-11e2-8e56-9f72c6160288;890af9f1-a79b-100b-b55a-ec87c685cfed
2009-T.25;af18cc7a-fa8f-11e2-8e56-9f72c6160288;bc1f2962-3a04-7573-0f5f-7e335fe4d096
2009-T.26;af18cc7a-fa8f-11e2-8e56-9f72c6160288;4c9f8f55-90dc-7bb8-ef9a-a12ff1244883
2009-T.27;af18cc7a-fa8f-11e2-8e56-9f72c6160288;ad2099c0-4312-8280-7641-958556ebe6eb
2009-T.28;af18cc7a-fa8f-11e2-8e56-9f72c6160288;21cc8840-a22b-d0e2-c271-5ffc3b1bb08c
2009-T.29;af18cc7a-fa8f-11e2-8e56-9f72c6160288;fb49ecbd-a979-5af1-93b6-6e2eb5c30435
2009-T.3;af18cc7a-fa8f-11e2-8e56-9f72c6160288;3b3714f7-d85c-1df5-190e-b0b54c2dbc9f
2009-T.30;af18cc7a-fa8f-11e2-8e56-9f72c6160288;27c1234d-c251-4f6e-737d-efa2f50232ca
2009-T.31(1);af18cc7a-fa8f-11e2-8e56-9f72c6160288;35d5b8f9-8c66-09d0-1a2c-640ffda2d4f5
2009-T.31(10);af18cc7a-fa8f-11e2-8e56-9f72c6160288;75b69cf5-2cb3-6d18-7824-288358a73846
2009-T.31(11);af18cc7a-fa8f-11e2-8e56-9f72c6160288;7ee2522d-af99-770f-2860-6bc043dc27cc
2009-T.31(12);af18cc7a-fa8f-11e2-8e56-9f72c6160288;6fd662de-55ff-0ece-291f-948f77c4018b
2009-T.31(13);af18cc7a-fa8f-11e2-8e56-9f72c6160288;9acdb389-2919-996b-080a-038d64afd5a8
2009-T.31(14);af18cc7a-fa8f-11e2-8e56-9f72c6160288;0b668542-c9cf-882f-962c-c47399aa8628
2009-T.31(15);af18cc7a-fa8f-11e2-8e56-9f72c6160288;ecab8b5b-2e60-e8c0-6926-a8e7afc6fcaa
2009-T.31(16);af18cc7a-fa8f-11e2-8e56-9f72c6160288;1318e8ef-c88a-c8e0-85ab-62e76a846279
2009-T.31(17);af18cc7a-fa8f-11e2-8e56-9f72c6160288;cdede5fd-6413-b08f-2ac9-0da259246509
2009-T.31(18);af18cc7a-fa8f-11e2-8e56-9f72c6160288;eb0e7c0a-8209-392b-5121-424b3c76ae57
2009-T.31(19);af18cc7a-fa8f-11e2-8e56-9f72c6160288;1267b946-ff04-dd8e-6f88-54daa2fb24f1
2009-T.31(2);af18cc7a-fa8f-11e2-8e56-9f72c6160288;151db8ae-6fe0-e9c6-f934-4d0c25a7925a
2009-T.31(20);af18cc7a-fa8f-11e2-8e56-9f72c6160288;0c891cf6-5d26-ebc4-04dc-0a63df37a5ae
2009-T.31(21);af18cc7a-fa8f-11e2-8e56-9f72c6160288;81febbbc-0b75-2720-f939-6e7bf34f54fa
2009-T.31(22);af18cc7a-fa8f-11e2-8e56-9f72c6160288;b40fdbea-a2b8-79bd-dae3-67d9cbc8389d
2009-T.31(23);af18cc7a-fa8f-11e2-8e56-9f72c6160288;db3b2fc8-8ae8-9c4a-1776-9e965be18a39
2009-T.31(23A);af18cc7a-fa8f-11e2-8e56-9f72c6160288;892f95ca-6b16-8071-62b5-b3841f6570ca
2009-T.31(24);af18cc7a-fa8f-11e2-8e56-9f72c6160288;476e0541-f994-91a6-eba1-c3a043d207a9
2009-T.31(25);af18cc7a-fa8f-11e2-8e56-9f72c6160288;0d437acc-a0df-4460-eba7-e11382379924
2009-T.31(26);af18cc7a-fa8f-11e2-8e56-9f72c6160288;afa09c15-5eb5-f2b6-d710-14ce71e611af
2009-T.31(27);af18cc7a-fa8f-11e2-8e56-9f72c6160288;864c90ba-74c6-aee7-3b44-422c24830f27
2009-T.31(28);af18cc7a-fa8f-11e2-8e56-9f72c6160288;099550d2-2ede-cae1-68b3-82017f712838
2009-T.31(3);af18cc7a-fa8f-11e2-8e56-9f72c6160288;d189a95e-a449-e322-ce70-18b7d9bec880
2009-T.31(4);af18cc7a-fa8f-11e2-8e56-9f72c6160288;ce150074-9017-7806-653b-033b74e1651a
2009-T.31(5);af18cc7a-fa8f-11e2-8e56-9f72c6160288;3b8e19a6-2a39-e1d8-11d5-58cb2f4e553e
2009-T.31(6);af18cc7a-fa8f-11e2-8e56-9f72c6160288;5c9b3cf3-573d-09d2-2536-b46a50ac1872
2009-T.31(7);af18cc7a-fa8f-11e2-8e56-9f72c6160288;d6e8426e-fcdd-9035-a769-5c9a32604884
2009-T.31(8);af18cc7a-fa8f-11e2-8e56-9f72c6160288;cf6e67f1-ea93-1c0f-87fb-a47d5f6376c3
2009-T.31(9);af18cc7a-fa8f-11e2-8e56-9f72c6160288;1b064e28-d0e8-2bf4-c36b-f5084dfcc0f2
2009-T.4;af18cc7a-fa8f-11e2-8e56-9f72c6160288;2dfb323d-014c-464b-d754-782c079b784a
2009-T.5;af18cc7a-fa8f-11e2-8e56-9f72c6160288;f3196182-59fd-aff4-c03b-59673ebbcf94
2009-T.6;af18cc7a-fa8f-11e2-8e56-9f72c6160288;56bf4129-669c-e97d-f9c9-f9db82595b15
2009-T.7;af18cc7a-fa8f-11e2-8e56-9f72c6160288;4ddb0c95-f4ea-e8b0-f297-afa86f389e80
2009-T.8;af18cc7a-fa8f-11e2-8e56-9f72c6160288;39e4525d-cf53-d4e8-3b19-83b0b36ed04a
2009-T.9;af18cc7a-fa8f-11e2-8e56-9f72c6160288;0f0621f9-fb52-662f-d541-fc252e45eda1
2010;af18cc7a-fa8f-11e2-8e56-9f72c6160288;7a7850a5-e3d0-986e-79d7-336da5b8e49e
2010-T.1;af18cc7a-fa8f-11e2-8e56-9f72c6160288;33a566d4-89a9-a0cd-edb9-4d8a283a74b9
2010-T.10;af18cc7a-fa8f-11e2-8e56-9f72c6160288;b3242e5e-7e9b-56c5-68b3-8c49c93d3437
2010-T.11;af18cc7a-fa8f-11e2-8e56-9f72c6160288;6ceff574-a165-74cb-accb-7a1761f68a12
2010-T.12;af18cc7a-fa8f-11e2-8e56-9f72c6160288;593fbcab-8bc1-e4c2-3182-8f01fe8f9799
2010-T.13;af18cc7a-fa8f-11e2-8e56-9f72c6160288;13ebe994-3b07-2ec7-f5af-8b1e53cc81e0
2010-T.14;af18cc7a-fa8f-11e2-8e56-9f72c6160288;05ca4fc8-0e47-80b5-676c-ed463dacd74c
2010-T.15;af18cc7a-fa8f-11e2-8e56-9f72c6160288;4544e97d-406f-fc9c-794a-ddfbf7950e7f
2010-T.16;af18cc7a-fa8f-11e2-8e56-9f72c6160288;0e5e47e4-349f-c43c-587f-6a7b0c3d8580
2010-T.17;af18cc7a-fa8f-11e2-8e56-9f72c6160288;95b67132-b9d1-d06c-de67-397d92a73d43
2010-T.18;af18cc7a-fa8f-11e2-8e56-9f72c6160288;89136483-75fa-e859-ff11-ee8cbe3eecb4
2010-T.19;af18cc7a-fa8f-11e2-8e56-9f72c6160288;8a2431ca-7bbf-707f-423c-2fdf3f3ecd87
2010-T.2;af18cc7a-fa8f-11e2-8e56-9f72c6160288;8d476194-7d49-2c71-1dbe-d112bccab1a2
2010-T.20;af18cc7a-fa8f-11e2-8e56-9f72c6160288;21e765f2-b580-d758-94c8-96e164ed2e59
2010-T.21;af18cc7a-fa8f-11e2-8e56-9f72c6160288;c7fcb15f-57b6-a1f3-0b7e-6e7c4a78a014
2010-T.22(1);af18cc7a-fa8f-11e2-8e56-9f72c6160288;09dfc9f9-109f-161c-091c-7af9d624e2af
2010-T.22(10);af18cc7a-fa8f-11e2-8e56-9f72c6160288;500e2182-1c2f-bc9c-e96c-fdd52e11d843
2010-T.22(11);af18cc7a-fa8f-11e2-8e56-9f72c6160288;13264434-62c3-ca94-9cff-c86a56815bcb
2010-T.22(12);af18cc7a-fa8f-11e2-8e56-9f72c6160288;2d2c6f13-d183-2055-9e90-d99863df2522
2010-T.22(13);af18cc7a-fa8f-11e2-8e56-9f72c6160288;7dd7c0a5-716e-c38b-b69c-b99ffd559c79
2010-T.22(2);af18cc7a-fa8f-11e2-8e56-9f72c6160288;7e48dd8f-fe70-3a01-216e-339d4bc0a795
2010-T.22(3);af18cc7a-fa8f-11e2-8e56-9f72c6160288;12fa4321-31c6-bbc9-c6a6-2fffff91a8ae
2010-T.22(4);af18cc7a-fa8f-11e2-8e56-9f72c6160288;a7707b06-4801-6752-d54b-d01d62ca50c6
2010-T.22(5);af18cc7a-fa8f-11e2-8e56-9f72c6160288;4bea512a-7a4c-875c-c210-e129bab7d320
2010-T.22(6);af18cc7a-fa8f-11e2-8e56-9f72c6160288;b3524990-a1ad-1a1f-5bcc-735a54b3a41d
2010-T.22(7);af18cc7a-fa8f-11e2-8e56-9f72c6160288;b1ffeb87-dc45-5e0a-0497-205ddafb50ab
2010-T.22(8);af18cc7a-fa8f-11e2-8e56-9f72c6160288;0e4b5a4e-cb6e-0a78-a71b-3057be096bf6
2010-T.22(9);af18cc7a-fa8f-11e2-8e56-9f72c6160288;4f772c2c-02b7-e740-7669-a58e6f22cb89
2010-T.3;af18cc7a-fa8f-11e2-8e56-9f72c6160288;fa602bb2-899c-f564-6eaf-4cbbcc30b2f2
2010-T.4;af18cc7a-fa8f-11e2-8e56-9f72c6160288;d818f66d-4a5d-18e7-638d-a5be1f9413af
2010-T.5;af18cc7a-fa8f-11e2-8e56-9f72c6160288;ee2af91d-8247-d868-8f22-cb158081ff82
2010-T.6;af18cc7a-fa8f-11e2-8e56-9f72c6160288;e73298fa-dd98-8ba7-b88d-a25874f4df1e
2010-T.7;af18cc7a-fa8f-11e2-8e56-9f72c6160288;aa7e86cf-fede-1b02-dcfc-5e33d8d6f283
2010-T.8;af18cc7a-fa8f-11e2-8e56-9f72c6160288;2a0a7220-dc9a-aba6-5c6f-701956e275db
2010-T.9;af18cc7a-fa8f-11e2-8e56-9f72c6160288;e3352428-1e46-31a7-4c55-600e415b912e
2011;af18cc7a-fa8f-11e2-8e56-9f72c6160288;182ab6d8-1edd-0107-fd9b-407fcd54a1ed
2011-T.1;af18cc7a-fa8f-11e2-8e56-9f72c6160288;cd7b8658-0456-d06b-72fd-1e407f1727ce
2011-T.10;af18cc7a-fa8f-11e2-8e56-9f72c6160288;af35cd8c-bf42-a286-0aa7-82d275098cb0
2011-T.11;af18cc7a-fa8f-11e2-8e56-9f72c6160288;b4771731-6e68-8b9f-969b-2e461c2aee1b
2011-T.12;af18cc7a-fa8f-11e2-8e56-9f72c6160288;da296901-cf69-1099-25a9-524e896f580d
2011-T.13;af18cc7a-fa8f-11e2-8e56-9f72c6160288;027fa8fe-0d47-39d5-b8e4-8f8f26210681
2011-T.14;af18cc7a-fa8f-11e2-8e56-9f72c6160288;ff64e265-d413-4a3a-0b77-c05993b26feb
2011-T.15;af18cc7a-fa8f-11e2-8e56-9f72c6160288;cc4167d9-bf01-ba7c-a545-45cace44d3dc
2011-T.16;af18cc7a-fa8f-11e2-8e56-9f72c6160288;a8a0558b-a308-921c-2198-5fe4d4c7c599
2011-T.17;af18cc7a-fa8f-11e2-8e56-9f72c6160288;595eacc6-0a30-7f5f-4bbe-d920290207b4
2011-T.18;af18cc7a-fa8f-11e2-8e56-9f72c6160288;1d5c821a-9d50-0a37-a537-1fd68bd2c397
2011-T.19;af18cc7a-fa8f-11e2-8e56-9f72c6160288;affb0e6f-d6c7-994b-be47-d425b922dc12
2011-T.2;af18cc7a-fa8f-11e2-8e56-9f72c6160288;59de8faa-643c-f8e9-493f-51f9751bf03b
2011-T.20;af18cc7a-fa8f-11e2-8e56-9f72c6160288;92926c8f-6908-8def-6cae-e6a10bfb83d7
2011-T.21;af18cc7a-fa8f-11e2-8e56-9f72c6160288;e9456257-fa53-6ece-da0c-6d38f4c775d2
2011-T.22;af18cc7a-fa8f-11e2-8e56-9f72c6160288;1f59bf59-8160-8a31-3012-db0e7f10db00
2011-T.23;af18cc7a-fa8f-11e2-8e56-9f72c6160288;04ce7618-2674-415f-b14b-e9abd355d2c5
2011-T.24;af18cc7a-fa8f-11e2-8e56-9f72c6160288;482a3c22-8541-4522-172b-d46cb57843e0
2011-T.25;af18cc7a-fa8f-11e2-8e56-9f72c6160288;0ee119d4-78db-451b-4ab1-8bb70b481e80
2011-T.26;af18cc7a-fa8f-11e2-8e56-9f72c6160288;155ca222-d3d0-9470-a036-31319d708f41
2011-T.27;af18cc7a-fa8f-11e2-8e56-9f72c6160288;53dd5c4b-03ec-2242-58d5-58b67876308b
2011-T.28;af18cc7a-fa8f-11e2-8e56-9f72c6160288;997c7672-d80a-caaa-12f8-adf277c8d40d
2011-T.29;af18cc7a-fa8f-11e2-8e56-9f72c6160288;55cb03e3-6f2a-98f0-a58f-7a00acc3b613
2011-T.3;af18cc7a-fa8f-11e2-8e56-9f72c6160288;28240766-5033-586b-b1eb-954c877c039f
2011-T.30;af18cc7a-fa8f-11e2-8e56-9f72c6160288;bc1ee12a-47af-7acf-6409-f818919c0efc
2011-T.31;af18cc7a-fa8f-11e2-8e56-9f72c6160288;beedfdca-4e95-6a24-81f8-9d9c0f510878
2011-T.32;af18cc7a-fa8f-11e2-8e56-9f72c6160288;0ee99fd7-8447-91d3-6095-a9c31dea0216
2011-T.33;af18cc7a-fa8f-11e2-8e56-9f72c6160288;94db4a38-0470-9a8d-d8e2-5cb651267970
2011-T.34;af18cc7a-fa8f-11e2-8e56-9f72c6160288;8feac69e-59ea-2dfa-9e2b-b0a8a41efb48
2011-T.35;af18cc7a-fa8f-11e2-8e56-9f72c6160288;8a25dbcb-2cba-ec3e-6006-22e56ba9434f
2011-T.36;af18cc7a-fa8f-11e2-8e56-9f72c6160288;209e1f3c-0589-4443-496e-fd042190f3fb
2011-T.37;af18cc7a-fa8f-11e2-8e56-9f72c6160288;92395510-108d-e4df-1615-a26345dd2212
2011-T.38;af18cc7a-fa8f-11e2-8e56-9f72c6160288;1ce23348-b991-9dc6-8a3c-0bff858e6a1f
2011-T.39;af18cc7a-fa8f-11e2-8e56-9f72c6160288;c4fbd37b-62e1-0e53-6de8-e9c4c89ce52b
2011-T.4;af18cc7a-fa8f-11e2-8e56-9f72c6160288;d5a0a7e5-18f7-4ce1-0a2b-368417640c9b
2011-T.40;af18cc7a-fa8f-11e2-8e56-9f72c6160288;74c33257-b5cd-7145-5c0a-77aca0bb42eb
2011-T.41;af18cc7a-fa8f-11e2-8e56-9f72c6160288;464d049a-d6b6-96a7-3708-ee9d0103b728
2011-T.42;af18cc7a-fa8f-11e2-8e56-9f72c6160288;f7af0f39-b196-462e-d282-0b42c8d148df
2011-T.43;af18cc7a-fa8f-11e2-8e56-9f72c6160288;4d8d67f3-a2ab-1fbe-55e3-e329f728144a
2011-T.44;af18cc7a-fa8f-11e2-8e56-9f72c6160288;05e1f8e9-d5a7-7033-49f0-660b5c618e5d
2011-T.5;af18cc7a-fa8f-11e2-8e56-9f72c6160288;9bdd804f-69e9-826f-fe5d-59d6b1e5609b
2011-T.6;af18cc7a-fa8f-11e2-8e56-9f72c6160288;04e2f5bd-4c0f-aa72-0e45-82455d9b8ffa
2011-T.7;af18cc7a-fa8f-11e2-8e56-9f72c6160288;3ccba129-9bb4-123c-8c0d-b11fbac1228d
2011-T.8;af18cc7a-fa8f-11e2-8e56-9f72c6160288;884a474b-95b7-27b1-d9fb-4fc8bcdf3efc
2011-T.9;af18cc7a-fa8f-11e2-8e56-9f72c6160288;7c63b2aa-fa79-9116-94c0-b04717855e1b
2012 (lost);af18cc7a-fa8f-11e2-8e56-9f72c6160288;99d8c1dd-7681-eab2-9f8a-e971a2ed640d
2012-T.1;af18cc7a-fa8f-11e2-8e56-9f72c6160288;fbaad619-fe47-f5ff-ce32-85f2eb647f5f
2012-T.10;af18cc7a-fa8f-11e2-8e56-9f72c6160288;fe524e87-3f09-8fff-c3f2-7987a644bc9c
2012-T.100;af18cc7a-fa8f-11e2-8e56-9f72c6160288;9884a662-c9a0-2707-6b0b-8c253da610da
2012-T.101;af18cc7a-fa8f-11e2-8e56-9f72c6160288;1b65262f-39a4-ca3a-fece-14a2239f8088
2012-T.102;af18cc7a-fa8f-11e2-8e56-9f72c6160288;ad510933-b836-00e4-8874-b024070e6e5f
2012-T.103;af18cc7a-fa8f-11e2-8e56-9f72c6160288;24ff717f-8c4e-2b64-340d-f9fe2a682d43
2012-T.104;af18cc7a-fa8f-11e2-8e56-9f72c6160288;f0604c10-7dab-dd50-ef60-5ce85fe3449d
2012-T.105;af18cc7a-fa8f-11e2-8e56-9f72c6160288;55f802a5-ea3e-4660-f203-9c2cb82ef511
2012-T.106;af18cc7a-fa8f-11e2-8e56-9f72c6160288;3984b7ea-16fa-810b-1f20-e9b01a66c23d
2012-T.107;af18cc7a-fa8f-11e2-8e56-9f72c6160288;dfc11929-1dcc-7f5b-028c-7fc65aaec2d4
2012-T.108;af18cc7a-fa8f-11e2-8e56-9f72c6160288;a1ed74c1-7ef3-51fb-aa8d-87901960e2f6
2012-T.109;af18cc7a-fa8f-11e2-8e56-9f72c6160288;0b8ee654-69ef-5efc-085f-cc283b32c65c
2012-T.11;af18cc7a-fa8f-11e2-8e56-9f72c6160288;40f885f0-0142-6cbe-0c61-137a2f17e08c
2012-T.110;af18cc7a-fa8f-11e2-8e56-9f72c6160288;2a1daac4-97a8-5160-2f8a-6b0c3234d80d
2012-T.111;af18cc7a-fa8f-11e2-8e56-9f72c6160288;e1aab670-d671-1a5f-847c-94ee508a511d
2012-T.112;af18cc7a-fa8f-11e2-8e56-9f72c6160288;084350b1-53a3-b9a9-b08f-07e2de5da39e
2012-T.113;af18cc7a-fa8f-11e2-8e56-9f72c6160288;6ab0e9b9-98dd-f951-88cf-888b1bd7aa25
2012-T.114;af18cc7a-fa8f-11e2-8e56-9f72c6160288;6cd05a4a-7630-fd99-33dc-f2458ea6149c
2012-T.115;af18cc7a-fa8f-11e2-8e56-9f72c6160288;713e82b2-e8b9-0670-0da1-a56bad59acd3
2012-T.116;af18cc7a-fa8f-11e2-8e56-9f72c6160288;47eb36b7-c035-e776-8ade-f93f0acef218
2012-T.117;af18cc7a-fa8f-11e2-8e56-9f72c6160288;f500984b-d13a-d781-97a9-98dd44209278
2012-T.118;af18cc7a-fa8f-11e2-8e56-9f72c6160288;79682fe7-fed6-d93c-70ae-19e68af86929
2012-T.119;af18cc7a-fa8f-11e2-8e56-9f72c6160288;8187dfbe-e092-73e8-18ef-5d1bf7e96cf7
2012-T.12;af18cc7a-fa8f-11e2-8e56-9f72c6160288;5093bab9-b7bb-1eee-e18f-9424992a5649
2012-T.120;af18cc7a-fa8f-11e2-8e56-9f72c6160288;27f71fb1-d5a7-e48e-78a7-54c446634ee0
2012-T.121;af18cc7a-fa8f-11e2-8e56-9f72c6160288;fef98f2c-1226-ccf1-e205-baf4fbbecad5
2012-T.122;af18cc7a-fa8f-11e2-8e56-9f72c6160288;28f795ee-2045-80a2-5058-996f91039710
2012-T.123;af18cc7a-fa8f-11e2-8e56-9f72c6160288;d897cf68-c7a8-9f4f-5c2c-f8775d4fb091
2012-T.124;af18cc7a-fa8f-11e2-8e56-9f72c6160288;def58ad3-4f42-a8e3-2e44-94a2b5037c2c
2012-T.125;af18cc7a-fa8f-11e2-8e56-9f72c6160288;d1bcb33d-0f9d-8029-ea87-4fee4cdaa804
2012-T.126;af18cc7a-fa8f-11e2-8e56-9f72c6160288;68191887-fb8b-66aa-f92a-28b1292a51d5
2012-T.127;af18cc7a-fa8f-11e2-8e56-9f72c6160288;d403826b-b463-98cb-b288-f9919abb228d
2012-T.13;af18cc7a-fa8f-11e2-8e56-9f72c6160288;8f51a007-cc5c-ef07-541c-d5d262095bd4
2012-T.14;af18cc7a-fa8f-11e2-8e56-9f72c6160288;e4b447f4-0a70-c906-57fd-e6b1eac37777
2012-T.15;af18cc7a-fa8f-11e2-8e56-9f72c6160288;82f5a8fb-5e80-a368-1fc3-d48760163bf8
2012-T.16;af18cc7a-fa8f-11e2-8e56-9f72c6160288;3957ec6c-786f-6a6f-4dde-97838b8a40ff
2012-T.17;af18cc7a-fa8f-11e2-8e56-9f72c6160288;d853998c-8f45-2489-f03a-61fb30b32f02
2012-T.18;af18cc7a-fa8f-11e2-8e56-9f72c6160288;bef13b70-4223-0235-5239-4b0638002d4e
2012-T.19;af18cc7a-fa8f-11e2-8e56-9f72c6160288;78dc1876-a22f-c557-17a5-5408580cf176
2012-T.19A;af18cc7a-fa8f-11e2-8e56-9f72c6160288;63997fc1-3d43-ee53-4bbd-9a7c8e7376b2
2012-T.2;af18cc7a-fa8f-11e2-8e56-9f72c6160288;4f4bcb75-f91b-17b7-8aa4-c10ecae3ccc1
2012-T.20;af18cc7a-fa8f-11e2-8e56-9f72c6160288;df26a703-f90b-5d25-a87c-ad58696f37ea
2012-T.21;af18cc7a-fa8f-11e2-8e56-9f72c6160288;3c7637ea-a98e-418e-8164-5ac9d51e7321
2012-T.22;af18cc7a-fa8f-11e2-8e56-9f72c6160288;bed4610f-ccf9-d385-6d59-9773f6eeb26f
2012-T.23;af18cc7a-fa8f-11e2-8e56-9f72c6160288;61cbd1da-ab56-a1a8-e7f1-c3df4140239c
2012-T.24;af18cc7a-fa8f-11e2-8e56-9f72c6160288;11f7f77a-1b34-86c8-d169-10d511ae279e
2012-T.25;af18cc7a-fa8f-11e2-8e56-9f72c6160288;917f7e38-b27f-faa7-74fd-e5c2d71b7395
2012-T.26;af18cc7a-fa8f-11e2-8e56-9f72c6160288;3db0a85f-cd43-9ff8-f6a9-2d823e0edf8e
2012-T.27;af18cc7a-fa8f-11e2-8e56-9f72c6160288;7ee85d60-c3cd-b9cc-2076-ca36ec270aad
2012-T.28;af18cc7a-fa8f-11e2-8e56-9f72c6160288;48220844-7426-5088-6ee4-5e8da809fe2f
2012-T.29;af18cc7a-fa8f-11e2-8e56-9f72c6160288;b0a7bfdc-5542-2cdb-4747-bbc55424de52
2012-T.3;af18cc7a-fa8f-11e2-8e56-9f72c6160288;6f6f57bb-8f7b-a43b-8194-7ccaf7fa8935
2012-T.30;af18cc7a-fa8f-11e2-8e56-9f72c6160288;7ddcb6fe-4e99-4f76-5b8e-c1b60f77f40b
2012-T.31;af18cc7a-fa8f-11e2-8e56-9f72c6160288;10342775-f08b-59bd-9c0a-85dcbb3063e5
2012-T.32;af18cc7a-fa8f-11e2-8e56-9f72c6160288;d42c235e-ed36-7939-1b03-e589be020108
2012-T.33;af18cc7a-fa8f-11e2-8e56-9f72c6160288;956ec600-df1e-89a5-f371-f6e68b3e6e71
2012-T.34;af18cc7a-fa8f-11e2-8e56-9f72c6160288;a0e704fd-a6ca-0787-a1e7-2b5247845ff2
2012-T.35;af18cc7a-fa8f-11e2-8e56-9f72c6160288;5db6fc65-d087-28cd-e8d4-6d5d86accdca
2012-T.36;af18cc7a-fa8f-11e2-8e56-9f72c6160288;e5ae1c7b-2251-ecb9-8d9b-4b699c0ac8c5
2012-T.37;af18cc7a-fa8f-11e2-8e56-9f72c6160288;ebce23ed-e0c1-91a8-db49-f4a5409e6024
2012-T.38;af18cc7a-fa8f-11e2-8e56-9f72c6160288;899de643-492b-d674-0d14-167b9169274e
2012-T.39;af18cc7a-fa8f-11e2-8e56-9f72c6160288;271145c0-0c4b-6848-615c-2a796ad5aded
2012-T.4;af18cc7a-fa8f-11e2-8e56-9f72c6160288;89b0bc9f-d556-aba6-fa45-635c5cd090ed
2012-T.40;af18cc7a-fa8f-11e2-8e56-9f72c6160288;007326bf-a2b1-55b1-1e95-5f0ccfe0cb2a
2012-T.41;af18cc7a-fa8f-11e2-8e56-9f72c6160288;7af855c1-35d2-df7b-aff8-0f32ff92c11f
2012-T.42;af18cc7a-fa8f-11e2-8e56-9f72c6160288;48c0c18b-a19a-17e2-8c5b-2b4d6e6f4061
2012-T.43;af18cc7a-fa8f-11e2-8e56-9f72c6160288;856ed72a-3b5a-f0f3-d058-aba16ebfe01c
2012-T.44;af18cc7a-fa8f-11e2-8e56-9f72c6160288;715a97d7-27b0-7f06-2b62-eaa237c361d9
2012-T.45;af18cc7a-fa8f-11e2-8e56-9f72c6160288;fca10087-dba1-9050-acfd-73ec09079327
2012-T.46;af18cc7a-fa8f-11e2-8e56-9f72c6160288;84f57ff9-ad5f-2939-d732-bb6c9ef4b7bf
2012-T.47;af18cc7a-fa8f-11e2-8e56-9f72c6160288;57d47edc-6167-2c82-3bee-da3b31eca7e2
2012-T.48;af18cc7a-fa8f-11e2-8e56-9f72c6160288;76c9c186-1004-9a61-e4c8-72539a5080e4
2012-T.49;af18cc7a-fa8f-11e2-8e56-9f72c6160288;539d734a-3f6f-151a-104e-d5ee1c98de51
2012-T.5;af18cc7a-fa8f-11e2-8e56-9f72c6160288;24196111-2928-1a17-5d82-a793f747eee1
2012-T.50;af18cc7a-fa8f-11e2-8e56-9f72c6160288;e889cb19-0d3b-f20c-eb38-2ee5dee1fb01
2012-T.51;af18cc7a-fa8f-11e2-8e56-9f72c6160288;06ec0a6e-c2b3-6ad3-cec9-366b4beb3cf7
2012-T.51.fol.10r;af18cc7a-fa8f-11e2-8e56-9f72c6160288;c177eab1-0c19-d969-714e-68d1557d3dfb
2012-T.51.fol.10v.fol.11r;af18cc7a-fa8f-11e2-8e56-9f72c6160288;33047b2e-c068-1851-7145-d3755d4de297
2012-T.51.fol.12r;af18cc7a-fa8f-11e2-8e56-9f72c6160288;59adf918-627d-2082-9075-3419651aefb0
2012-T.51.fol.13r;af18cc7a-fa8f-11e2-8e56-9f72c6160288;5418574f-dc20-f938-0d03-4712add5e45b
2012-T.51.fol.14r;af18cc7a-fa8f-11e2-8e56-9f72c6160288;e0221005-bf88-7196-d221-548d39904228
2012-T.51.fol.15r;af18cc7a-fa8f-11e2-8e56-9f72c6160288;2fbefebf-b6aa-35ca-5c2b-df2641d576e2
2012-T.51.fol.16r;af18cc7a-fa8f-11e2-8e56-9f72c6160288;924323dd-37a2-b33b-d40d-2345846e7def
2012-T.51.fol.17r;af18cc7a-fa8f-11e2-8e56-9f72c6160288;0fef4ff1-f93f-97fc-e123-dfb40e8763f6
2012-T.51.fol.18r;af18cc7a-fa8f-11e2-8e56-9f72c6160288;ddc9778b-cf2a-e15c-7e14-28885a3f8943
2012-T.51.fol.19r;af18cc7a-fa8f-11e2-8e56-9f72c6160288;64452646-f907-fe2e-1ac4-4fa347b5a5dd
2012-T.51.fol.20r;af18cc7a-fa8f-11e2-8e56-9f72c6160288;006fde25-132b-ff52-57f3-e08de9b849bf
2012-T.51.fol.21r;af18cc7a-fa8f-11e2-8e56-9f72c6160288;06e3c736-8211-189b-e6fe-d9b764b116f6
2012-T.51.fol.21v.fol.22r;af18cc7a-fa8f-11e2-8e56-9f72c6160288;c5457161-5d44-5e3e-ea01-41a6873e3832
2012-T.51.fol.23r;af18cc7a-fa8f-11e2-8e56-9f72c6160288;8cddaac6-886b-f78f-58d0-02f835011292
2012-T.51.fol.24r;af18cc7a-fa8f-11e2-8e56-9f72c6160288;98613103-6153-d287-c81d-7912d59a31bd
2012-T.51.fol.25r;af18cc7a-fa8f-11e2-8e56-9f72c6160288;df930003-b59d-e858-d8c1-66c8738efee7
2012-T.51.fol.26r;af18cc7a-fa8f-11e2-8e56-9f72c6160288;93e51632-9cf1-c5fc-e0c4-3e9fd7b73c5a
2012-T.51.fol.27r;af18cc7a-fa8f-11e2-8e56-9f72c6160288;960c6ba1-5192-d33e-57b0-b43149447b34
2012-T.51.fol.28r;af18cc7a-fa8f-11e2-8e56-9f72c6160288;a3954b27-6e23-1968-8f97-4a267a10d5b1
2012-T.51.fol.29r;af18cc7a-fa8f-11e2-8e56-9f72c6160288;bcc3e7e4-eb03-f30e-5152-82cb08926587
2012-T.51.fol.2r;af18cc7a-fa8f-11e2-8e56-9f72c6160288;d7af20dd-3765-8153-5504-6d090b077bbd
2012-T.51.fol.2v.fol.3r;af18cc7a-fa8f-11e2-8e56-9f72c6160288;fdcbeba6-3dee-ac4d-03e5-909439c6d686
2012-T.51.fol.30r;af18cc7a-fa8f-11e2-8e56-9f72c6160288;3c4d72f5-67eb-cb70-3a5f-9d7a569561b7
2012-T.51.fol.31r;af18cc7a-fa8f-11e2-8e56-9f72c6160288;4465969a-d198-b8cf-0953-26b5329c52c2
2012-T.51.fol.31v.fol.32r;af18cc7a-fa8f-11e2-8e56-9f72c6160288;4f7a9003-1e12-37aa-a668-0febdf93c060
2012-T.51.fol.33r;af18cc7a-fa8f-11e2-8e56-9f72c6160288;58639f0a-2377-a5d7-0fab-aca3fa988a66
2012-T.51.fol.34r;af18cc7a-fa8f-11e2-8e56-9f72c6160288;026e9512-a73f-964c-2308-a073d614b110
2012-T.51.fol.35r;af18cc7a-fa8f-11e2-8e56-9f72c6160288;551f05f5-7175-f55f-bfa7-d8d1575c629a
2012-T.51.fol.36r;af18cc7a-fa8f-11e2-8e56-9f72c6160288;eed90e43-f7d9-0098-9330-70aa01b00792
2012-T.51.fol.37r;af18cc7a-fa8f-11e2-8e56-9f72c6160288;9a139e8a-0547-060b-e8e5-8873397cf12e
2012-T.51.fol.38r;af18cc7a-fa8f-11e2-8e56-9f72c6160288;8df7ba17-d784-9a06-4775-56337b8cfccf
2012-T.51.fol.39r;af18cc7a-fa8f-11e2-8e56-9f72c6160288;9ce4ac1f-7ce2-9c67-39e6-2c41de249e6b
2012-T.51.fol.40r;af18cc7a-fa8f-11e2-8e56-9f72c6160288;5dabfe39-17e3-75b7-5f2b-fa56c35f1aa8
2012-T.51.fol.40v.fol.41r;af18cc7a-fa8f-11e2-8e56-9f72c6160288;d8aa171f-d998-4ad2-a40c-61b93f7cc0a5
2012-T.51.fol.41v.fol.42r;af18cc7a-fa8f-11e2-8e56-9f72c6160288;145ddece-b2da-0861-db80-3bc38f9c581a
2012-T.51.fol.43r;af18cc7a-fa8f-11e2-8e56-9f72c6160288;0fb1a0ed-3e45-bb95-a0cf-4775d410e27a
2012-T.51.fol.44r;af18cc7a-fa8f-11e2-8e56-9f72c6160288;41b92eab-9765-484e-c0da-d5086a8fe3e3
2012-T.51.fol.45r;af18cc7a-fa8f-11e2-8e56-9f72c6160288;71592872-9df9-4813-2927-7a2e5038e3d0
2012-T.51.fol.46r;af18cc7a-fa8f-11e2-8e56-9f72c6160288;9b8a3b03-933d-a841-64a6-414f10e48374
2012-T.51.fol.47r;af18cc7a-fa8f-11e2-8e56-9f72c6160288;632d8afa-8742-5296-8b53-5cd6ebb07c42
2012-T.51.fol.48r;af18cc7a-fa8f-11e2-8e56-9f72c6160288;e8b2996f-6e2e-1245-a115-93dd889683f7
2012-T.51.fol.49r;af18cc7a-fa8f-11e2-8e56-9f72c6160288;2e310559-80e7-401b-b3d7-145fb6ade8fd
2012-T.51.fol.4r;af18cc7a-fa8f-11e2-8e56-9f72c6160288;e20f6d39-a0f3-f738-d015-20fb10576d29
2012-T.51.fol.50r;af18cc7a-fa8f-11e2-8e56-9f72c6160288;3f3369bb-2454-f0ee-32d2-aa79accc9b95
2012-T.51.fol.51r;af18cc7a-fa8f-11e2-8e56-9f72c6160288;c27d110d-6596-3c6a-19a0-faf09fb0b6f4
2012-T.51.fol.51v.fol.52r;af18cc7a-fa8f-11e2-8e56-9f72c6160288;f11455c0-9833-0e90-a4c2-940fb5aa5fc9
2012-T.51.fol.52v.fol.53r;af18cc7a-fa8f-11e2-8e56-9f72c6160288;17f04ae8-9d37-9282-0975-a5d23a803e4b
2012-T.51.fol.54r;af18cc7a-fa8f-11e2-8e56-9f72c6160288;128d78c1-5094-687b-2e61-033a99e2f401
2012-T.51.fol.55r;af18cc7a-fa8f-11e2-8e56-9f72c6160288;65fe1734-c740-8a2c-725f-886b58b2b148
2012-T.51.fol.56r;af18cc7a-fa8f-11e2-8e56-9f72c6160288;04842653-d7b2-dc4d-70c6-835bb8c73412
2012-T.51.fol.57r;af18cc7a-fa8f-11e2-8e56-9f72c6160288;9bcfae11-9e75-8268-8e55-bd97945eba3e
2012-T.51.fol.58r;af18cc7a-fa8f-11e2-8e56-9f72c6160288;4b0377d1-b48e-07ef-ecee-3a0a7b4a9288
2012-T.51.fol.59r;af18cc7a-fa8f-11e2-8e56-9f72c6160288;37d4a106-9c8e-f236-64ba-a59fdba321b5
2012-T.51.fol.5r;af18cc7a-fa8f-11e2-8e56-9f72c6160288;112aaecd-a28c-7588-097e-d3df86552d7e
2012-T.51.fol.5v.fol.6r;af18cc7a-fa8f-11e2-8e56-9f72c6160288;90f471d5-92e1-863b-3c15-f0005b68f8ce
2012-T.51.fol.60r;af18cc7a-fa8f-11e2-8e56-9f72c6160288;013021ef-2b77-6e08-4657-5ec7bfbb5248
2012-T.51.fol.61r;af18cc7a-fa8f-11e2-8e56-9f72c6160288;ce8152da-d3c1-39ce-f77c-d55446781784
2012-T.51.fol.62r;af18cc7a-fa8f-11e2-8e56-9f72c6160288;86d6aa34-b57d-4213-ea0b-fee917ba259d
2012-T.51.fol.62v.fol.63r;af18cc7a-fa8f-11e2-8e56-9f72c6160288;185418ce-e013-baba-f474-83cad5dfb5aa
2012-T.51.fol.64r;af18cc7a-fa8f-11e2-8e56-9f72c6160288;e18c8fe6-6f6c-c8bd-07e3-29e83cb3a26f
2012-T.51.fol.65r;af18cc7a-fa8f-11e2-8e56-9f72c6160288;c2980ef6-4331-6e61-b9d0-2def8d65b363
2012-T.51.fol.65v.fol.66r;af18cc7a-fa8f-11e2-8e56-9f72c6160288;01e55102-521d-2c23-b5c9-0ae454ab5bb1
2012-T.51.fol.66v.fol.67r;af18cc7a-fa8f-11e2-8e56-9f72c6160288;2c18cc36-3adf-f060-6626-3c26ad482404
2012-T.51.fol.68r;af18cc7a-fa8f-11e2-8e56-9f72c6160288;37dd2206-b546-91df-a185-158850e6b849
2012-T.51.fol.6v.fol.7r;af18cc7a-fa8f-11e2-8e56-9f72c6160288;546a8d50-c6e7-ff85-0e2f-a948ff06cfca
2012-T.51.fol.7v.fol.8r;af18cc7a-fa8f-11e2-8e56-9f72c6160288;535de216-df8e-b9ba-d63e-ea7b782cce12
2012-T.51.fol.8v.fol.9r;af18cc7a-fa8f-11e2-8e56-9f72c6160288;e285e4d1-9e48-5e66-41df-2b8cacdc0067
2012-T.52;af18cc7a-fa8f-11e2-8e56-9f72c6160288;5a452ac4-a4c1-e65c-62b6-f9d51eb51846
2012-T.52.fol.10r;af18cc7a-fa8f-11e2-8e56-9f72c6160288;26c9fa52-5fcf-f713-e2e9-8a7ed6944c94
2012-T.52.fol.11r;af18cc7a-fa8f-11e2-8e56-9f72c6160288;f47ecd00-fbdc-9961-172a-901d7e3e41a8
2012-T.52.fol.12r;af18cc7a-fa8f-11e2-8e56-9f72c6160288;371051a1-57c6-3420-58e4-43fc0c9da9f6
2012-T.52.fol.13r;af18cc7a-fa8f-11e2-8e56-9f72c6160288;680b8b40-5c9d-7661-ecb1-67253937b3ac
2012-T.52.fol.14r;af18cc7a-fa8f-11e2-8e56-9f72c6160288;6a502d16-7d76-0d55-dfc3-6fdb44c8c7d1
2012-T.52.fol.15r;af18cc7a-fa8f-11e2-8e56-9f72c6160288;0f6f4b8e-ea47-183c-088d-bf34b6c4352f
2012-T.52.fol.15v.fol.16r;af18cc7a-fa8f-11e2-8e56-9f72c6160288;9e75b515-e324-4e16-93b1-9ebb85894d5c
2012-T.52.fol.16v.fol.17r;af18cc7a-fa8f-11e2-8e56-9f72c6160288;2a23ac52-98c7-1549-9e66-fe3b731fa8b7
2012-T.52.fol.17v.fol.18r;af18cc7a-fa8f-11e2-8e56-9f72c6160288;f09343ac-8b03-cfc7-2762-e17b064c1563
2012-T.52.fol.19r;af18cc7a-fa8f-11e2-8e56-9f72c6160288;6812d337-ce58-c064-5b85-f20af44ed16e
2012-T.52.fol.1v;af18cc7a-fa8f-11e2-8e56-9f72c6160288;12e30dc0-2d84-d280-9931-27a089a38510
2012-T.52.fol.20r;af18cc7a-fa8f-11e2-8e56-9f72c6160288;958348d7-7218-29ac-fd0c-1a598a48c0eb
2012-T.52.fol.21r;af18cc7a-fa8f-11e2-8e56-9f72c6160288;de348d74-6636-5b5d-0181-f649293526ca
2012-T.52.fol.22r;af18cc7a-fa8f-11e2-8e56-9f72c6160288;c7f9dd63-c4d0-b238-2142-622660fbcd87
2012-T.52.fol.23r;af18cc7a-fa8f-11e2-8e56-9f72c6160288;9cf98db7-2830-6f34-0a53-d72b3dd42b40
2012-T.52.fol.24r;af18cc7a-fa8f-11e2-8e56-9f72c6160288;ac0b7da5-d7de-aca2-a463-9cda4ef5417c
2012-T.52.fol.25r;af18cc7a-fa8f-11e2-8e56-9f72c6160288;4ba96b29-bfcc-79a4-e193-23bab0f5abfd
2012-T.52.fol.26r;af18cc7a-fa8f-11e2-8e56-9f72c6160288;41dee9b2-2250-9107-3b81-d74c333c6057
2012-T.52.fol.27r;af18cc7a-fa8f-11e2-8e56-9f72c6160288;1606810a-d843-1e07-ab50-6a29c5325ec1
2012-T.52.fol.28r;af18cc7a-fa8f-11e2-8e56-9f72c6160288;4ce44c3d-8976-768c-4448-63b286bc53d5
2012-T.52.fol.29r;af18cc7a-fa8f-11e2-8e56-9f72c6160288;64b14c62-6cc2-29f7-ba11-891249cae5f4
2012-T.52.fol.29v.fol.30r;af18cc7a-fa8f-11e2-8e56-9f72c6160288;23f20fc0-c60d-5b6f-d242-912b88fb0eb0
2012-T.52.fol.2r;af18cc7a-fa8f-11e2-8e56-9f72c6160288;acbdef9a-063a-a899-f7d5-fd0cf3e0b6ef
2012-T.52.fol.31r;af18cc7a-fa8f-11e2-8e56-9f72c6160288;4cab2b50-6c6c-fc3f-3de0-e929313cab3c
2012-T.52.fol.32r;af18cc7a-fa8f-11e2-8e56-9f72c6160288;e0bd05ce-1f49-5878-58f7-e2b5c95a1621
2012-T.52.fol.33r;af18cc7a-fa8f-11e2-8e56-9f72c6160288;ab11d6c1-5ac6-ec5d-0931-3f2410b21a89
2012-T.52.fol.33v.fol.34r;af18cc7a-fa8f-11e2-8e56-9f72c6160288;ee7e1870-d0ed-340b-3427-951953de0d4f
2012-T.52.fol.35r;af18cc7a-fa8f-11e2-8e56-9f72c6160288;6eac6b66-c5f8-b989-e992-7ef68492940e
2012-T.52.fol.36r;af18cc7a-fa8f-11e2-8e56-9f72c6160288;78d340b2-74f0-73c3-654e-96f789108cd2
2012-T.52.fol.37r;af18cc7a-fa8f-11e2-8e56-9f72c6160288;8b39b0a6-35b0-9464-472a-d67f5a087fc5
2012-T.52.fol.38r;af18cc7a-fa8f-11e2-8e56-9f72c6160288;cf88326e-0bbf-b79b-51e4-e0518ada1dc8
2012-T.52.fol.39r;af18cc7a-fa8f-11e2-8e56-9f72c6160288;11b2f07d-a39b-4809-1eaf-fc012896a872
2012-T.52.fol.3r;af18cc7a-fa8f-11e2-8e56-9f72c6160288;d5b1541e-e3a2-877e-50e8-ad9857382393
2012-T.52.fol.40r;af18cc7a-fa8f-11e2-8e56-9f72c6160288;63da4c23-6805-4f7a-8d3e-6710aae63c10
2012-T.52.fol.41r;af18cc7a-fa8f-11e2-8e56-9f72c6160288;900cf505-65df-5bd0-51b3-56b39c81d77b
2012-T.52.fol.42r;af18cc7a-fa8f-11e2-8e56-9f72c6160288;171b7d93-05eb-aeff-7223-52b90db9014a
2012-T.52.fol.43r;af18cc7a-fa8f-11e2-8e56-9f72c6160288;4824f2fe-8a93-26f8-a2bc-f76f06a99c78
2012-T.52.fol.44r;af18cc7a-fa8f-11e2-8e56-9f72c6160288;a1b2eb59-da22-9f35-7426-13c2cd589b93
2012-T.52.fol.45r;af18cc7a-fa8f-11e2-8e56-9f72c6160288;a79a4c76-7b5f-730a-bd03-8f0fb2be2022
2012-T.52.fol.46r;af18cc7a-fa8f-11e2-8e56-9f72c6160288;c682028a-005d-7af8-7dfd-b047951c8f83
2012-T.52.fol.47r;af18cc7a-fa8f-11e2-8e56-9f72c6160288;954caf10-432d-4dd0-68b2-3fa5d20c7525
2012-T.52.fol.48r;af18cc7a-fa8f-11e2-8e56-9f72c6160288;b6a20e7b-6c52-0568-e173-6c7729ddb70c
2012-T.52.fol.49r;af18cc7a-fa8f-11e2-8e56-9f72c6160288;2c160c76-5bb1-9de4-c596-9aa375218dc7
2012-T.52.fol.4r;af18cc7a-fa8f-11e2-8e56-9f72c6160288;1b956921-f03a-e225-a2f5-85216d163207
2012-T.52.fol.50r;af18cc7a-fa8f-11e2-8e56-9f72c6160288;36b4cb4e-322a-0541-14c5-2a8a540ea766
2012-T.52.fol.51r;af18cc7a-fa8f-11e2-8e56-9f72c6160288;e767d516-125b-77fc-03e9-c0f0982d0387
2012-T.52.fol.52r;af18cc7a-fa8f-11e2-8e56-9f72c6160288;8d768aa1-2570-d4fd-3d48-d339a6f5aea3
2012-T.52.fol.52v.fol.53r;af18cc7a-fa8f-11e2-8e56-9f72c6160288;be7e334d-f346-426b-df36-59f8557d7bbd
2012-T.52.fol.54r;af18cc7a-fa8f-11e2-8e56-9f72c6160288;0c44e8f4-13f7-b55d-2185-cf27e2308f50
2012-T.52.fol.55r;af18cc7a-fa8f-11e2-8e56-9f72c6160288;5fc835a0-645e-b689-5ee5-d3dc7d05ee71
2012-T.52.fol.56r;af18cc7a-fa8f-11e2-8e56-9f72c6160288;6f352b78-e20c-6ea2-abb3-33183762191f
2012-T.52.fol.57r;af18cc7a-fa8f-11e2-8e56-9f72c6160288;f947909f-18bd-bce4-5a6a-5fac2cf38764
2012-T.52.fol.58r;af18cc7a-fa8f-11e2-8e56-9f72c6160288;8439b432-b03f-d80a-e385-1b350b09322e
2012-T.52.fol.59r;af18cc7a-fa8f-11e2-8e56-9f72c6160288;29bcbd33-353d-b694-a701-02c41dd1f92e
2012-T.52.fol.5r;af18cc7a-fa8f-11e2-8e56-9f72c6160288;7ab20151-f868-083e-2b7f-b8acb89788ac
2012-T.52.fol.60r;af18cc7a-fa8f-11e2-8e56-9f72c6160288;3e722f5c-bb7d-e3a2-2885-9b5c5bb551f9
2012-T.52.fol.61r;af18cc7a-fa8f-11e2-8e56-9f72c6160288;6334d2ed-2f31-8d44-2fed-23cfec9b33dd
2012-T.52.fol.61v;af18cc7a-fa8f-11e2-8e56-9f72c6160288;31e508e2-67d0-772b-4a6d-7986681c0351
2012-T.52.fol.61v.fol.62r;af18cc7a-fa8f-11e2-8e56-9f72c6160288;b58ec3b7-3b42-6f00-e0dd-4651ec86e44e
2012-T.52.fol.63r;af18cc7a-fa8f-11e2-8e56-9f72c6160288;f8bb211b-98e1-7691-82f8-9ac922786d85
2012-T.52.fol.64r;af18cc7a-fa8f-11e2-8e56-9f72c6160288;9a58be8b-6c26-7f92-855f-e0e929741f33
2012-T.52.fol.65r;af18cc7a-fa8f-11e2-8e56-9f72c6160288;013a9e0d-ad26-8eb1-5f79-ea221c77adb0
2012-T.52.fol.66r;af18cc7a-fa8f-11e2-8e56-9f72c6160288;2b51e136-44dc-282f-b3f0-ef134590a467
2012-T.52.fol.67r;af18cc7a-fa8f-11e2-8e56-9f72c6160288;e7e17663-dfd5-b760-c4a7-d19a3e8be82b
2012-T.52.fol.68r;af18cc7a-fa8f-11e2-8e56-9f72c6160288;d6a63b5a-1743-bd15-f924-759ecf2526c1
2012-T.52.fol.69r;af18cc7a-fa8f-11e2-8e56-9f72c6160288;ff5495f5-097e-30cc-d727-042530526e1d
2012-T.52.fol.6r;af18cc7a-fa8f-11e2-8e56-9f72c6160288;b7ad90b6-8b3f-a6e7-66bd-79dea03a8428
2012-T.52.fol.70r;af18cc7a-fa8f-11e2-8e56-9f72c6160288;ce9ddc55-ead0-92b4-0d93-6f986c9ba5cb
2012-T.52.fol.71r;af18cc7a-fa8f-11e2-8e56-9f72c6160288;91a4a825-58a8-95e6-2d33-ce14ce4c0a0f
2012-T.52.fol.72r;af18cc7a-fa8f-11e2-8e56-9f72c6160288;d0b43537-d797-412f-272a-d0839ad64075
2012-T.52.fol.72v.fol.73r;af18cc7a-fa8f-11e2-8e56-9f72c6160288;ae26a2a4-ca9a-f21d-cbf3-51412d4c06f9
2012-T.52.fol.74r;af18cc7a-fa8f-11e2-8e56-9f72c6160288;dc934d04-ae4d-574f-5e75-70002c97577b
2012-T.52.fol.75r;af18cc7a-fa8f-11e2-8e56-9f72c6160288;985b60b2-a726-53af-b3cf-8b41a06a146e
2012-T.52.fol.76r;af18cc7a-fa8f-11e2-8e56-9f72c6160288;309e82f5-dc60-165c-ccc4-249f59969228
2012-T.52.fol.76v.fol.77r;af18cc7a-fa8f-11e2-8e56-9f72c6160288;ab26fe79-4aed-a91e-e8f2-1bf7a5240a15
2012-T.52.fol.78r;af18cc7a-fa8f-11e2-8e56-9f72c6160288;13848b3a-1c78-4da4-c4e7-7656ff66fbcf
2012-T.52.fol.79r;af18cc7a-fa8f-11e2-8e56-9f72c6160288;07753778-7734-b53d-8edb-b7ad4428b63e
2012-T.52.fol.79v.fol.80r;af18cc7a-fa8f-11e2-8e56-9f72c6160288;e2645d18-f459-892a-ac42-da362aaccccd
2012-T.52.fol.7r;af18cc7a-fa8f-11e2-8e56-9f72c6160288;e73995c6-7bfc-f0eb-7b6d-cc3f37ae20fe
2012-T.52.fol.81r;af18cc7a-fa8f-11e2-8e56-9f72c6160288;768c30c4-2ea7-9657-f8f5-08a10bc61548
2012-T.52.fol.82r;af18cc7a-fa8f-11e2-8e56-9f72c6160288;23ef6f87-1e52-624a-01a7-5b0080c36b2f
2012-T.52.fol.83r;af18cc7a-fa8f-11e2-8e56-9f72c6160288;68ff49a9-fb9b-915f-1d35-045ad12e6f56
2012-T.52.fol.84r;af18cc7a-fa8f-11e2-8e56-9f72c6160288;cb4d8733-3775-b284-ad8b-ef06da041133
2012-T.52.fol.85r;af18cc7a-fa8f-11e2-8e56-9f72c6160288;10113b2e-8451-c3ed-6b6a-e471e0309e80
2012-T.52.fol.86r;af18cc7a-fa8f-11e2-8e56-9f72c6160288;040f94d4-2dec-4076-1188-5870ed763ae4
2012-T.52.fol.87r;af18cc7a-fa8f-11e2-8e56-9f72c6160288;12a3adc1-a3bf-5bfe-1f35-66dc05d7745e
2012-T.52.fol.88r;af18cc7a-fa8f-11e2-8e56-9f72c6160288;60abd73f-e27e-e7b1-4136-b69805748408
2012-T.52.fol.88v.fol.89r;af18cc7a-fa8f-11e2-8e56-9f72c6160288;2c6214c2-301f-23f6-31fd-72c343f37696
2012-T.52.fol.8r;af18cc7a-fa8f-11e2-8e56-9f72c6160288;89138f50-8393-d616-ed65-4476bf163eff
2012-T.52.fol.90r;af18cc7a-fa8f-11e2-8e56-9f72c6160288;af10e9c3-57f4-7c59-bf28-2902df149ebf
2012-T.52.fol.9r;af18cc7a-fa8f-11e2-8e56-9f72c6160288;5ea23bc8-391d-145e-b993-0bd2fcaa6a52
2012-T.53;af18cc7a-fa8f-11e2-8e56-9f72c6160288;d253b0ce-280a-87b5-60f0-99fd8c895eb3
2012-T.54;af18cc7a-fa8f-11e2-8e56-9f72c6160288;03533b64-63a8-4eaf-f533-967d52b90035
2012-T.55;af18cc7a-fa8f-11e2-8e56-9f72c6160288;9aabf417-596e-1003-f85e-73bebea7098a
2012-T.56;af18cc7a-fa8f-11e2-8e56-9f72c6160288;5c0edf51-5ffd-c14f-15bd-c8ac700b2be2
2012-T.57;af18cc7a-fa8f-11e2-8e56-9f72c6160288;535c2e65-041a-be4d-dca0-2ba9ab022bc9
2012-T.58;af18cc7a-fa8f-11e2-8e56-9f72c6160288;60b082ed-736e-9e71-9db4-71da63fe438b
2012-T.59;af18cc7a-fa8f-11e2-8e56-9f72c6160288;49e9a4de-92f6-77d7-56a4-6d0e1d419025
2012-T.6;af18cc7a-fa8f-11e2-8e56-9f72c6160288;d232e416-25ae-ec97-c537-afcbb8da3e20
2012-T.60;af18cc7a-fa8f-11e2-8e56-9f72c6160288;5ebb4ce9-8fad-d87d-3604-d8427c2ead94
2012-T.61;af18cc7a-fa8f-11e2-8e56-9f72c6160288;725a11b1-7117-e279-f6bc-6482811ae57f
2012-T.62;af18cc7a-fa8f-11e2-8e56-9f72c6160288;5a9b1ff4-48a3-fdd7-b2ed-0c47403c1dfb
2012-T.63;af18cc7a-fa8f-11e2-8e56-9f72c6160288;56bd9dab-f720-e78a-cf32-bc7b8a18bc2e
2012-T.64;af18cc7a-fa8f-11e2-8e56-9f72c6160288;51e8dd7e-9c51-9311-1e32-b69b4adb9998
2012-T.65;af18cc7a-fa8f-11e2-8e56-9f72c6160288;0bedf20e-66d1-f63e-755e-c2a59c23b5b0
2012-T.66;af18cc7a-fa8f-11e2-8e56-9f72c6160288;319c5e32-4369-cf23-8b87-b79797dfd620
2012-T.67;af18cc7a-fa8f-11e2-8e56-9f72c6160288;52716518-6936-a58d-9a0a-edca16d69f22
2012-T.68;af18cc7a-fa8f-11e2-8e56-9f72c6160288;15ce1e2c-2709-1a22-872b-a4c80580dda1
2012-T.69;af18cc7a-fa8f-11e2-8e56-9f72c6160288;fd3f46ea-6fb5-5235-6bea-44ce73bde149
2012-T.7;af18cc7a-fa8f-11e2-8e56-9f72c6160288;5b1c4c37-2228-3919-9745-e86f3d815ef3
2012-T.70;af18cc7a-fa8f-11e2-8e56-9f72c6160288;60c6266c-79fe-eb2a-56c2-39e5b9353bc2
2012-T.71;af18cc7a-fa8f-11e2-8e56-9f72c6160288;7a4c5750-65e3-f4e4-b080-8151c4c83404
2012-T.72;af18cc7a-fa8f-11e2-8e56-9f72c6160288;860989d7-d313-93d5-0b53-ec0a564b6ff7
2012-T.73;af18cc7a-fa8f-11e2-8e56-9f72c6160288;4d2f6dcd-c896-4d75-d199-5366051f6371
2012-T.74;af18cc7a-fa8f-11e2-8e56-9f72c6160288;fb467963-91dd-9cd8-ff52-ba6341dfdac0
2012-T.75;af18cc7a-fa8f-11e2-8e56-9f72c6160288;9dd6f633-fa82-cd25-02e8-0118dd579a1e
2012-T.76;af18cc7a-fa8f-11e2-8e56-9f72c6160288;8abe9ab8-276a-8e55-1546-17048dd26079
2012-T.78;af18cc7a-fa8f-11e2-8e56-9f72c6160288;44672c6b-a2d9-2e58-7793-b23d4853c675
2012-T.79;af18cc7a-fa8f-11e2-8e56-9f72c6160288;3bc21136-bb8e-d2a6-d21b-affa3ccafdd4
2012-T.8;af18cc7a-fa8f-11e2-8e56-9f72c6160288;b0405411-73e6-1d3e-027b-b5096e688463
2012-T.80;af18cc7a-fa8f-11e2-8e56-9f72c6160288;74c6ff54-2f1f-0ca1-07c1-5fee0800b19f
2012-T.81;af18cc7a-fa8f-11e2-8e56-9f72c6160288;b210d840-5d2a-1c7c-f091-18b2384b3db1
2012-T.82;af18cc7a-fa8f-11e2-8e56-9f72c6160288;57677733-a2eb-fc2a-1ec5-171b8210a9ad
2012-T.83;af18cc7a-fa8f-11e2-8e56-9f72c6160288;8a8208c4-1765-57f5-770b-8b01c6ba964d
2012-T.84;af18cc7a-fa8f-11e2-8e56-9f72c6160288;7186233e-9b3d-805e-30d3-1b96d569f4ce
2012-T.85;af18cc7a-fa8f-11e2-8e56-9f72c6160288;fbc00c19-cd6e-2d8f-57eb-314df58d08c7
2012-T.86;af18cc7a-fa8f-11e2-8e56-9f72c6160288;619d38c6-bc03-508c-efbe-5fa62a7000c6
2012-T.87;af18cc7a-fa8f-11e2-8e56-9f72c6160288;1da7efc5-abe6-d8cf-831f-45be766529d1
2012-T.88;af18cc7a-fa8f-11e2-8e56-9f72c6160288;95ef5d75-83ff-86cf-da28-21fcabdaf232
2012-T.89;af18cc7a-fa8f-11e2-8e56-9f72c6160288;f1de309e-d3bd-0a68-7d26-1bc9a77767e1
2012-T.9;af18cc7a-fa8f-11e2-8e56-9f72c6160288;5ae0627e-8615-473e-20ac-699dfa466098
2012-T.90;af18cc7a-fa8f-11e2-8e56-9f72c6160288;837cfe83-7076-2bea-ea54-b5e491f7f171
2012-T.91;af18cc7a-fa8f-11e2-8e56-9f72c6160288;3e39cffc-f61f-db6c-2c5a-f81cbd39a1cf
2012-T.92;af18cc7a-fa8f-11e2-8e56-9f72c6160288;99a57b7a-c746-2a61-294d-4d976a06f7f3
2012-T.93;af18cc7a-fa8f-11e2-8e56-9f72c6160288;eefa2508-843b-bd06-f941-ff0b56feed26
2012-T.94;af18cc7a-fa8f-11e2-8e56-9f72c6160288;362640a9-8d69-3384-452a-8ca9875d3186
2012-T.95;af18cc7a-fa8f-11e2-8e56-9f72c6160288;a6f7d4f2-de21-9230-9313-32a96df47257
2012-T.96;af18cc7a-fa8f-11e2-8e56-9f72c6160288;c2de8f52-d15d-a09c-9ccb-dfb91f7f23d0
2012-T.97;af18cc7a-fa8f-11e2-8e56-9f72c6160288;cd07ecca-3cad-29da-23ea-9fbceba3c7d8
2012-T.98;af18cc7a-fa8f-11e2-8e56-9f72c6160288;775c89ee-0080-471d-137b-a69a11325f92
2012-T.99;af18cc7a-fa8f-11e2-8e56-9f72c6160288;6a8f7ff1-0323-c09e-4259-e3e92bfb1439
2013;af18cc7a-fa8f-11e2-8e56-9f72c6160288;22d4d1e1-c4c5-c1c4-ecb5-2190e10457cd
2013-T.1;af18cc7a-fa8f-11e2-8e56-9f72c6160288;89d94730-d7f1-248d-f971-6ff77fe0ab98
2013-T.10;af18cc7a-fa8f-11e2-8e56-9f72c6160288;58ba8496-b389-06bc-d554-f35ba4316921
2013-T.11;af18cc7a-fa8f-11e2-8e56-9f72c6160288;83f01376-7c29-b75d-1975-bbb878ba11f1
2013-T.12;af18cc7a-fa8f-11e2-8e56-9f72c6160288;d5e6556c-92e3-830e-191c-175908a0f5d5
2013-T.13;af18cc7a-fa8f-11e2-8e56-9f72c6160288;9a130418-636b-959a-e1b9-f0839ff33873
2013-T.14;af18cc7a-fa8f-11e2-8e56-9f72c6160288;20c68f8d-3c40-0580-84a6-f8080c2b76d9
2013-T.15;af18cc7a-fa8f-11e2-8e56-9f72c6160288;b109b1e4-4a08-915b-65f6-c64c738824c1
2013-T.16;af18cc7a-fa8f-11e2-8e56-9f72c6160288;e0fea5b6-cd39-23b4-ffe9-8eb4ec23ba77
2013-T.17;af18cc7a-fa8f-11e2-8e56-9f72c6160288;0d277bdb-89e3-6640-ad64-0760721a933e
2013-T.18;af18cc7a-fa8f-11e2-8e56-9f72c6160288;9c2922d2-9bed-1bab-109a-24f86c1470dd
2013-T.19;af18cc7a-fa8f-11e2-8e56-9f72c6160288;9c8e58ac-4266-48ed-a834-46598a51cade
2013-T.2;af18cc7a-fa8f-11e2-8e56-9f72c6160288;83f45268-c97c-8bcc-4370-de18ccfc61f3
2013-T.20;af18cc7a-fa8f-11e2-8e56-9f72c6160288;d6892027-a608-b378-4c7c-598066a39dc2
2013-T.21;af18cc7a-fa8f-11e2-8e56-9f72c6160288;f625657d-480f-aef5-86fc-1bedaf72b53b
2013-T.22;af18cc7a-fa8f-11e2-8e56-9f72c6160288;a1a9cc75-46a3-b45c-17dc-0a2b5ebfc545
2013-T.23;af18cc7a-fa8f-11e2-8e56-9f72c6160288;5b8b14f0-d61e-abaf-1cf8-cc5fb4ab727e
2013-T.24;af18cc7a-fa8f-11e2-8e56-9f72c6160288;280c70b7-5a13-157f-1db9-eb590fd7859d
2013-T.25;af18cc7a-fa8f-11e2-8e56-9f72c6160288;9e27902d-fe13-f4c2-e622-9ebba622ec28
2013-T.26;af18cc7a-fa8f-11e2-8e56-9f72c6160288;4db727b1-c821-2c1a-e3e8-b377d75fb39a
2013-T.27;af18cc7a-fa8f-11e2-8e56-9f72c6160288;9eca01b5-7d6d-c17a-d975-a49c36825d4a
2013-T.28;af18cc7a-fa8f-11e2-8e56-9f72c6160288;b775cb7e-5b18-8a61-ed1a-07cd850a7d8a
2013-T.29;af18cc7a-fa8f-11e2-8e56-9f72c6160288;24ad7d11-ebff-5366-6894-c7f4ecaf64c1
2013-T.3;af18cc7a-fa8f-11e2-8e56-9f72c6160288;f4349dde-077e-25ca-e904-6c056f7c858b
2013-T.30;af18cc7a-fa8f-11e2-8e56-9f72c6160288;ccdde500-944e-9fd0-8ae4-122be1f44fb0
2013-T.31;af18cc7a-fa8f-11e2-8e56-9f72c6160288;eaec2af9-55cd-6ae1-c142-0c8aa787881f
2013-T.32;af18cc7a-fa8f-11e2-8e56-9f72c6160288;94a892a4-c707-7340-c6a9-8e25e8f557c5
2013-T.33;af18cc7a-fa8f-11e2-8e56-9f72c6160288;0f83765f-781a-978d-c108-a08365eed534
2013-T.33a;af18cc7a-fa8f-11e2-8e56-9f72c6160288;bd2584b9-db1d-874b-f583-f19d183c4c3a
2013-T.34;af18cc7a-fa8f-11e2-8e56-9f72c6160288;eca2126e-8cbf-59a4-a26a-cd1c75533429
2013-T.35;af18cc7a-fa8f-11e2-8e56-9f72c6160288;28362de0-ff99-c6d2-a603-175b74fc77f2
2013-T.36;af18cc7a-fa8f-11e2-8e56-9f72c6160288;fb847bcf-27ae-9ee9-c1a9-fd3fa743cc5d
2013-T.37;af18cc7a-fa8f-11e2-8e56-9f72c6160288;88e81de8-9a20-3b71-e50c-699b85346edb
2013-T.38;af18cc7a-fa8f-11e2-8e56-9f72c6160288;ec8e88f8-d86c-4f16-e3c5-3bfaebb13580
2013-T.4;af18cc7a-fa8f-11e2-8e56-9f72c6160288;fe70b69e-ed41-c649-9a34-f6fd9b6f9f09
2013-T.5;af18cc7a-fa8f-11e2-8e56-9f72c6160288;8a56beb0-a6f8-caa4-ba83-a29645a3aa2d
2013-T.6;af18cc7a-fa8f-11e2-8e56-9f72c6160288;e3964eac-3cad-70f9-7bc7-dde6447e2e74
2013-T.7;af18cc7a-fa8f-11e2-8e56-9f72c6160288;0f12e490-618d-c44a-d3a1-82c52c9d648f
2013-T.8;af18cc7a-fa8f-11e2-8e56-9f72c6160288;20bea0e1-e264-40cb-9379-6367fca64c80
2013-T.9;af18cc7a-fa8f-11e2-8e56-9f72c6160288;4dec4ac3-75a7-dd0a-b728-ca958d75fbbf
2014-T.1;af18cc7a-fa8f-11e2-8e56-9f72c6160288;0d707d8b-da72-dd2d-ad9a-e458a485b4b5
2014-T.10;af18cc7a-fa8f-11e2-8e56-9f72c6160288;bd219f88-31ac-176b-f0bb-1e3505479328
2014-T.11;af18cc7a-fa8f-11e2-8e56-9f72c6160288;9cd4c455-34d2-215c-00d1-6b7af99159ff
2014-T.12;af18cc7a-fa8f-11e2-8e56-9f72c6160288;2700b0e7-1ea7-77c1-df67-e3834fb94293
2014-T.13;af18cc7a-fa8f-11e2-8e56-9f72c6160288;f1b69fdc-c888-d9bc-db7c-c0f996c82719
2014-T.14;af18cc7a-fa8f-11e2-8e56-9f72c6160288;a1740299-9d8e-5a59-3d9e-e8173b13f403
2014-T.15;af18cc7a-fa8f-11e2-8e56-9f72c6160288;15ea6e1b-d0ec-decc-46cb-bb1e6de243b7
2014-T.16;af18cc7a-fa8f-11e2-8e56-9f72c6160288;7637b860-6c22-16e5-294f-9c825f999623
2014-T.17;af18cc7a-fa8f-11e2-8e56-9f72c6160288;dc694cfa-1046-2c6f-cbba-d80bd054863c
2014-T.18;af18cc7a-fa8f-11e2-8e56-9f72c6160288;e7453036-0850-26e7-669f-095e81388a77
2014-T.19;af18cc7a-fa8f-11e2-8e56-9f72c6160288;c9ba1059-c9ee-1da8-6821-f97639075012
2014-T.2;af18cc7a-fa8f-11e2-8e56-9f72c6160288;6f08e476-6a99-eb2a-55c9-41350004a1d5
2014-T.20;af18cc7a-fa8f-11e2-8e56-9f72c6160288;029ccc2c-0bc4-faa4-19d3-a0e93de62423
2014-T.21;af18cc7a-fa8f-11e2-8e56-9f72c6160288;dd3d0063-6508-ab15-16c8-a4e221b09386
2014-T.22;af18cc7a-fa8f-11e2-8e56-9f72c6160288;86f94da0-0fef-5b4f-c561-0b9f840d3a41
2014-T.23(1);af18cc7a-fa8f-11e2-8e56-9f72c6160288;f4377a40-0c81-d943-cd95-8e853378ef0b
2014-T.23(2);af18cc7a-fa8f-11e2-8e56-9f72c6160288;088a22c3-394e-6b9a-d798-4686eb428409
2014-T.23(3);af18cc7a-fa8f-11e2-8e56-9f72c6160288;66b26620-af7b-e125-e4d7-821f2d0cec17
2014-T.24;af18cc7a-fa8f-11e2-8e56-9f72c6160288;80ad49ed-32f2-381d-980f-eb502d3c18d7
2014-T.25;af18cc7a-fa8f-11e2-8e56-9f72c6160288;8775e936-3ed5-85cf-89fa-becfd355dc49
2014-T.26;af18cc7a-fa8f-11e2-8e56-9f72c6160288;43dddcf2-8f87-8e49-81a6-9ccd7ba9b540
2014-T.27;af18cc7a-fa8f-11e2-8e56-9f72c6160288;b22ad555-8184-67db-66cb-6b172d48534d
2014-T.28;af18cc7a-fa8f-11e2-8e56-9f72c6160288;69cc617d-e829-25f5-a0e4-25cdbf1aa9a5
2014-T.29;af18cc7a-fa8f-11e2-8e56-9f72c6160288;8246b0b4-383a-c22b-186f-cdff41049557
2014-T.3;af18cc7a-fa8f-11e2-8e56-9f72c6160288;78e18430-3e8b-c175-bf68-179ff0707a14
2014-T.30;af18cc7a-fa8f-11e2-8e56-9f72c6160288;3574cf36-a623-5cd1-79ff-d2ac0f0104ad
2014-T.31;af18cc7a-fa8f-11e2-8e56-9f72c6160288;d009b3ab-0825-8c29-8662-f330e8f4a160
2014-T.32;af18cc7a-fa8f-11e2-8e56-9f72c6160288;479c35f0-60a1-12b4-d81c-358783fc633b
2014-T.33;af18cc7a-fa8f-11e2-8e56-9f72c6160288;4767caf3-483c-473c-7a92-fe650df09661
2014-T.34;af18cc7a-fa8f-11e2-8e56-9f72c6160288;fcaa0efd-395f-f069-7ebb-3135337a5648
2014-T.35;af18cc7a-fa8f-11e2-8e56-9f72c6160288;221f1a1a-34af-4ded-9ca3-789a0ef29568
2014-T.36;af18cc7a-fa8f-11e2-8e56-9f72c6160288;6ce2f4b4-aa85-f2e6-4fbf-56c14d62ecd4
2014-T.37;af18cc7a-fa8f-11e2-8e56-9f72c6160288;f4909f7a-3c51-dfdc-089c-0e53924a6d87
2014-T.38;af18cc7a-fa8f-11e2-8e56-9f72c6160288;1aa1f4b7-fcca-c3e5-27c9-73481d657e5f
2014-T.39;af18cc7a-fa8f-11e2-8e56-9f72c6160288;2a8c3b29-906f-b771-fb41-e576d06e7a70
2014-T.4;af18cc7a-fa8f-11e2-8e56-9f72c6160288;c18b88a4-564e-fa98-14a5-16dcfdcec95a
2014-T.40;af18cc7a-fa8f-11e2-8e56-9f72c6160288;b8ee9613-60e8-426b-fe63-b10cf639d95d
2014-T.41;af18cc7a-fa8f-11e2-8e56-9f72c6160288;6f2d9dc3-259c-c9cd-299e-48c85b0670bb
2014-T.42;af18cc7a-fa8f-11e2-8e56-9f72c6160288;d9630023-874a-731a-23df-dbc90b9a1403
2014-T.43;af18cc7a-fa8f-11e2-8e56-9f72c6160288;1294367a-3b38-94c9-d09b-5acebc42cb20
2014-T.44;af18cc7a-fa8f-11e2-8e56-9f72c6160288;1c8b8ad3-5a67-d577-9880-0f211a3fb01a
2014-T.45;af18cc7a-fa8f-11e2-8e56-9f72c6160288;d905a704-fbc4-23a5-4b9f-e201b1486f36
2014-T.46;af18cc7a-fa8f-11e2-8e56-9f72c6160288;cfe3dcd9-8976-3210-55ba-4efec0b91b5d
2014-T.47;af18cc7a-fa8f-11e2-8e56-9f72c6160288;51e8a142-7a02-603d-f1c2-9d64a7ce2fbd
2014-T.48;af18cc7a-fa8f-11e2-8e56-9f72c6160288;2f6c9802-c26e-ecbb-f474-079a5246a70d
2014-T.49;af18cc7a-fa8f-11e2-8e56-9f72c6160288;246c8de6-8615-97ac-347b-1aedcc731da1
2014-T.5;af18cc7a-fa8f-11e2-8e56-9f72c6160288;ab4bade7-7540-18da-6044-887fdd03cee3
2014-T.50;af18cc7a-fa8f-11e2-8e56-9f72c6160288;df8d026f-ecff-3501-199a-4c9cd94b25e1
2014-T.51;af18cc7a-fa8f-11e2-8e56-9f72c6160288;70b90d92-7e05-45e4-101a-ebe0351f663a
2014-T.52;af18cc7a-fa8f-11e2-8e56-9f72c6160288;ef45c141-9f0d-cac2-b957-b4ac5d61bb01
2014-T.53;af18cc7a-fa8f-11e2-8e56-9f72c6160288;4cb1e97c-e065-858a-477f-f3d77312e6c7
2014-T.54;af18cc7a-fa8f-11e2-8e56-9f72c6160288;1d4205ab-d883-a217-da6b-a301d4d2c4e6
2014-T.55;af18cc7a-fa8f-11e2-8e56-9f72c6160288;1f90fb86-3d6b-03d0-06ba-e1eb7cf56017
2014-T.56;af18cc7a-fa8f-11e2-8e56-9f72c6160288;7d3e4d33-848f-0e01-70ec-4498d726350a
2014-T.57;af18cc7a-fa8f-11e2-8e56-9f72c6160288;e3d3ab74-c19c-10c7-12f5-45cdc448ea91
2014-T.58;af18cc7a-fa8f-11e2-8e56-9f72c6160288;f541dab8-0525-3dda-118b-152bfd19e129
2014-T.59;af18cc7a-fa8f-11e2-8e56-9f72c6160288;605bf0c1-659e-3855-504b-79c633ad4958
2014-T.6;af18cc7a-fa8f-11e2-8e56-9f72c6160288;8cea885d-44d9-c128-5aef-277ac262b92b
2014-T.60;af18cc7a-fa8f-11e2-8e56-9f72c6160288;55e5acc3-ceee-76a7-4948-7ad857d48cf5
2014-T.61;af18cc7a-fa8f-11e2-8e56-9f72c6160288;2e26f7c2-a762-940f-d18b-2fd423c410c2
2014-T.62;af18cc7a-fa8f-11e2-8e56-9f72c6160288;7a5721d6-d9c6-f76f-e4ed-ec6e53ffe811
2014-T.63;af18cc7a-fa8f-11e2-8e56-9f72c6160288;b5ed9e54-abe8-8ec1-0f31-b5e7746e88dd
2014-T.64;af18cc7a-fa8f-11e2-8e56-9f72c6160288;790ba7bd-cf99-ed23-78c5-29ef9e742929
2014-T.65;af18cc7a-fa8f-11e2-8e56-9f72c6160288;adc4e4c4-bea1-08e3-f1ae-3ae6f3c38042
2014-T.66;af18cc7a-fa8f-11e2-8e56-9f72c6160288;79dcf42f-4f31-4a06-a37a-b006a8dbac1f
2014-T.67;af18cc7a-fa8f-11e2-8e56-9f72c6160288;642b3e01-c0d2-d442-2da8-5e9f9985d457
2014-T.7;af18cc7a-fa8f-11e2-8e56-9f72c6160288;b484115c-37c1-e8f3-2038-4d4c1987ac69
2014-T.7.fol.10r;af18cc7a-fa8f-11e2-8e56-9f72c6160288;46ad77d0-70e3-6c01-ca48-346864e8b257
2014-T.7.fol.11r;af18cc7a-fa8f-11e2-8e56-9f72c6160288;7a73f9ed-cc9a-4fe9-4baf-62b45d46287f
2014-T.7.fol.12r;af18cc7a-fa8f-11e2-8e56-9f72c6160288;cbcbcab7-2f01-24bb-ffba-52eb435ce2e4
2014-T.7.fol.13r;af18cc7a-fa8f-11e2-8e56-9f72c6160288;7298d972-a801-95fc-af4a-313dbb65be30
2014-T.7.fol.13v;af18cc7a-fa8f-11e2-8e56-9f72c6160288;c1d20c98-d839-90e3-6576-0a4c9527e403
2014-T.7.fol.14v;af18cc7a-fa8f-11e2-8e56-9f72c6160288;96550a59-c948-1515-fd1a-f7e2aae6568b
2014-T.7.fol.15v;af18cc7a-fa8f-11e2-8e56-9f72c6160288;1aee248f-e7c3-ce35-618c-56719a71c9ac
2014-T.7.fol.16v;af18cc7a-fa8f-11e2-8e56-9f72c6160288;f21b00d5-6293-1147-875d-6d3405119945
2014-T.7.fol.17v;af18cc7a-fa8f-11e2-8e56-9f72c6160288;fe39db16-ac65-9049-d016-d99226916fe7
2014-T.7.fol.18v;af18cc7a-fa8f-11e2-8e56-9f72c6160288;0286200e-8ccc-85c7-5089-694f9092e34f
2014-T.7.fol.19v;af18cc7a-fa8f-11e2-8e56-9f72c6160288;d5f80511-383c-c4c4-41e6-96ec4f4fdd10
2014-T.7.fol.1r;af18cc7a-fa8f-11e2-8e56-9f72c6160288;59d8437f-1abc-54bd-2499-9ca5bcc0bbf4
2014-T.7.fol.20v;af18cc7a-fa8f-11e2-8e56-9f72c6160288;2942330d-ec3a-10bd-fffa-a7280b06a014
2014-T.7.fol.21v;af18cc7a-fa8f-11e2-8e56-9f72c6160288;fa074d88-0823-b63f-4e96-e2d95b5bb419
2014-T.7.fol.22v;af18cc7a-fa8f-11e2-8e56-9f72c6160288;6d9464a6-5fdf-3aed-9055-c1bd43f590ff
2014-T.7.fol.23r;af18cc7a-fa8f-11e2-8e56-9f72c6160288;6d9464a6-5fdf-3aed-9055-c1bd43f590ff
2014-T.7.fol.23v;af18cc7a-fa8f-11e2-8e56-9f72c6160288;df425658-d6c4-b1fd-e273-52cb7d2fdad8
2014-T.7.fol.24r;af18cc7a-fa8f-11e2-8e56-9f72c6160288;df425658-d6c4-b1fd-e273-52cb7d2fdad8
2014-T.7.fol.24v.fol.25r;af18cc7a-fa8f-11e2-8e56-9f72c6160288;bed6b8aa-4c5a-2054-b048-7b789f6c57d2
2014-T.7.fol.26r;af18cc7a-fa8f-11e2-8e56-9f72c6160288;adfa2a3d-cfb4-5620-89d7-0f992ffbd8b2
2014-T.7.fol.27r;af18cc7a-fa8f-11e2-8e56-9f72c6160288;fb97279c-bd09-f6a8-0422-2cda4263b864
2014-T.7.fol.28r;af18cc7a-fa8f-11e2-8e56-9f72c6160288;7b0c4550-438d-30ec-fae7-8bde23ae8d51
2014-T.7.fol.28v;af18cc7a-fa8f-11e2-8e56-9f72c6160288;3a0cfc11-d8b6-7748-9395-9982cd5a2848
2014-T.7.fol.29r;af18cc7a-fa8f-11e2-8e56-9f72c6160288;3a0cfc11-d8b6-7748-9395-9982cd5a2848
2014-T.7.fol.2r;af18cc7a-fa8f-11e2-8e56-9f72c6160288;def2d201-1bad-26fb-8545-dc4e077b9ab8
2014-T.7.fol.31r;af18cc7a-fa8f-11e2-8e56-9f72c6160288;b4888d5a-cb1c-48e3-ce48-738828c96c1e
2014-T.7.fol.32v;af18cc7a-fa8f-11e2-8e56-9f72c6160288;bd6f43e4-3feb-0c38-8416-0efb1f4e3708
2014-T.7.fol.33r;af18cc7a-fa8f-11e2-8e56-9f72c6160288;bd6f43e4-3feb-0c38-8416-0efb1f4e3708
2014-T.7.fol.33v;af18cc7a-fa8f-11e2-8e56-9f72c6160288;d940c7f1-96e9-5e82-24f9-a7ba34e12668
2014-T.7.fol.34r;af18cc7a-fa8f-11e2-8e56-9f72c6160288;d940c7f1-96e9-5e82-24f9-a7ba34e12668
2014-T.7.fol.34v;af18cc7a-fa8f-11e2-8e56-9f72c6160288;16b4a2a0-2046-4217-887b-29c5608752e9
2014-T.7.fol.35r;af18cc7a-fa8f-11e2-8e56-9f72c6160288;16b4a2a0-2046-4217-887b-29c5608752e9
2014-T.7.fol.35v;af18cc7a-fa8f-11e2-8e56-9f72c6160288;1df4698a-ed8e-166d-9542-8f0bc07ebc05
2014-T.7.fol.36v;af18cc7a-fa8f-11e2-8e56-9f72c6160288;44d9f51b-3946-2591-06d0-4a06a90c8336
2014-T.7.fol.38r;af18cc7a-fa8f-11e2-8e56-9f72c6160288;580cc3f3-0a2f-b5d7-0473-4d88cab6fa20
2014-T.7.fol.39r;af18cc7a-fa8f-11e2-8e56-9f72c6160288;d8c6723d-b0c3-fafb-e925-46e2dac4ff77
2014-T.7.fol.39v;af18cc7a-fa8f-11e2-8e56-9f72c6160288;0658e2ad-f741-4b89-1c18-0daf71c7e19d
2014-T.7.fol.3r;af18cc7a-fa8f-11e2-8e56-9f72c6160288;d3b2a46a-f976-b942-d7a9-858e99e1a207
2014-T.7.fol.40r;af18cc7a-fa8f-11e2-8e56-9f72c6160288;0658e2ad-f741-4b89-1c18-0daf71c7e19d
2014-T.7.fol.41r;af18cc7a-fa8f-11e2-8e56-9f72c6160288;0644693f-2cbf-36e8-0ec9-5fe4f165dad1
2014-T.7.fol.42r;af18cc7a-fa8f-11e2-8e56-9f72c6160288;3cbe1b48-7926-9201-a11d-a4774e6ced74
2014-T.7.fol.44r;af18cc7a-fa8f-11e2-8e56-9f72c6160288;fc733788-be4f-f9e2-3f53-5a28ef17a98b
2014-T.7.fol.45r;af18cc7a-fa8f-11e2-8e56-9f72c6160288;4bb19bd8-c528-4f9d-cccf-00042da3d614
2014-T.7.fol.46r;af18cc7a-fa8f-11e2-8e56-9f72c6160288;ef3c9f0e-2609-d856-8e00-8ed8082316bc
2014-T.7.fol.47r;af18cc7a-fa8f-11e2-8e56-9f72c6160288;b7d00fb9-38cd-3c5a-946f-0bfa3ab863f9
2014-T.7.fol.49r;af18cc7a-fa8f-11e2-8e56-9f72c6160288;6b060029-a95a-602a-c14b-a0c19caee7d6
2014-T.7.fol.4r;af18cc7a-fa8f-11e2-8e56-9f72c6160288;3252ab35-b77d-8fb2-20b6-2fc08539dc0b
2014-T.7.fol.51r;af18cc7a-fa8f-11e2-8e56-9f72c6160288;99fda7d9-ce50-6f96-2278-d022ad277c67
2014-T.7.fol.52r;af18cc7a-fa8f-11e2-8e56-9f72c6160288;1ac3e4ed-8966-b70d-6731-70fea408e3aa
2014-T.7.fol.53v;af18cc7a-fa8f-11e2-8e56-9f72c6160288;49ff3eae-c83e-c031-5569-dd1480c18dc0
2014-T.7.fol.54v;af18cc7a-fa8f-11e2-8e56-9f72c6160288;76608d58-847d-b8c0-aba7-e0de94ab78c3
2014-T.7.fol.55r;af18cc7a-fa8f-11e2-8e56-9f72c6160288;76608d58-847d-b8c0-aba7-e0de94ab78c3
2014-T.7.fol.56r;af18cc7a-fa8f-11e2-8e56-9f72c6160288;9d66278d-9017-ecea-b597-a3544eccd3be
2014-T.7.fol.57r;af18cc7a-fa8f-11e2-8e56-9f72c6160288;d482ec43-9081-45e6-c8a1-e82815526683
2014-T.7.fol.58r;af18cc7a-fa8f-11e2-8e56-9f72c6160288;5ca1804b-403b-a0fd-c85b-c5d211a77b1e
2014-T.7.fol.59r;af18cc7a-fa8f-11e2-8e56-9f72c6160288;91886aac-6bf9-f19b-ed50-d157d6373868
2014-T.7.fol.60v;af18cc7a-fa8f-11e2-8e56-9f72c6160288;b59dfb89-839b-31ed-3212-7191a49b91ee
2014-T.7.fol.61r;af18cc7a-fa8f-11e2-8e56-9f72c6160288;b59dfb89-839b-31ed-3212-7191a49b91ee
2014-T.7.fol.61v;af18cc7a-fa8f-11e2-8e56-9f72c6160288;4e7898f8-d071-cfe6-42b9-a13dcb868d58
2014-T.7.fol.63r;af18cc7a-fa8f-11e2-8e56-9f72c6160288;8c3a5cb4-5708-1912-52b4-df956d5dbfb7
2014-T.7.fol.63v;af18cc7a-fa8f-11e2-8e56-9f72c6160288;6cfe0f26-6420-b4c8-938a-cdff2387bdd1
2014-T.7.fol.64v;af18cc7a-fa8f-11e2-8e56-9f72c6160288;4a975ee0-e752-6097-b22d-de23978a7939
2014-T.7.fol.65v;af18cc7a-fa8f-11e2-8e56-9f72c6160288;1ddb9d93-eba7-5df4-9b8e-5c61fe656744
2014-T.7.fol.66v;af18cc7a-fa8f-11e2-8e56-9f72c6160288;6da88333-25e6-7508-20f8-2f0ef0f38d56
2014-T.7.fol.6r;af18cc7a-fa8f-11e2-8e56-9f72c6160288;fe585e94-e61c-f151-f816-270710e985f9
2014-T.7.fol.6v;af18cc7a-fa8f-11e2-8e56-9f72c6160288;82e5a722-371d-5f33-17ec-753afbac050a
2014-T.7.fol.70r;af18cc7a-fa8f-11e2-8e56-9f72c6160288;2df133ff-3497-0df9-dca6-d388b1667dcf
2014-T.7.fol.7v;af18cc7a-fa8f-11e2-8e56-9f72c6160288;caaa17cf-0983-1cf1-def2-25dd97f9b246
2014-T.7.fol.8r;af18cc7a-fa8f-11e2-8e56-9f72c6160288;caaa17cf-0983-1cf1-def2-25dd97f9b246
2014-T.7.fol.9r;af18cc7a-fa8f-11e2-8e56-9f72c6160288;3a5af980-9be1-2625-6540-6915af2880ba
2014-T.7.fol.9v;af18cc7a-fa8f-11e2-8e56-9f72c6160288;46ad77d0-70e3-6c01-ca48-346864e8b257
2014-T.8;af18cc7a-fa8f-11e2-8e56-9f72c6160288;1f859171-3871-dc8b-dc0f-74534d421c4a
2014-T.9;af18cc7a-fa8f-11e2-8e56-9f72c6160288;bdd89903-0708-dc7f-72ce-18587505a7d2
2015-T.1;af18cc7a-fa8f-11e2-8e56-9f72c6160288;f88da75c-b8ac-8859-86f7-9c535323d6c0
2015-T.10;af18cc7a-fa8f-11e2-8e56-9f72c6160288;6b870c20-88bc-c29d-9586-c0a2f1a298d2
2015-T.11;af18cc7a-fa8f-11e2-8e56-9f72c6160288;456c8f8b-1205-6cce-2837-677b4dd486e9
2015-T.12;af18cc7a-fa8f-11e2-8e56-9f72c6160288;d6840a41-6a6d-1b28-2f3f-abbf668af3c5
2015-T.13;af18cc7a-fa8f-11e2-8e56-9f72c6160288;cb10c511-1e31-8eb7-fee2-15989e597893
2015-T.14;af18cc7a-fa8f-11e2-8e56-9f72c6160288;472e693f-10e3-d3c6-38b1-ecaf5f765491
2015-T.15;af18cc7a-fa8f-11e2-8e56-9f72c6160288;18d6156d-1932-c892-8c3f-eee50f9b18c7
2015-T.16;af18cc7a-fa8f-11e2-8e56-9f72c6160288;eb6d672e-1168-bf19-fa5d-218b9c196155
2015-T.17;af18cc7a-fa8f-11e2-8e56-9f72c6160288;64f1b205-bf32-c67c-761f-2736298a8f29
2015-T.18;af18cc7a-fa8f-11e2-8e56-9f72c6160288;32e27b7a-83e7-26ad-d6e4-31c63f58ff3f
2015-T.19;af18cc7a-fa8f-11e2-8e56-9f72c6160288;77954d61-8f63-8389-7696-92e5841bbb1f
2015-T.2;af18cc7a-fa8f-11e2-8e56-9f72c6160288;8bdd1196-1e31-a1d3-99d5-ba8ad6ce2736
2015-T.20;af18cc7a-fa8f-11e2-8e56-9f72c6160288;0ef4e373-ab7f-4750-bc88-c4965f747d17
2015-T.21;af18cc7a-fa8f-11e2-8e56-9f72c6160288;bc922b1b-1dcf-4b50-df18-8d6dc62f95b5
2015-T.22;af18cc7a-fa8f-11e2-8e56-9f72c6160288;572447b4-98b4-6652-ce77-680ab964bab7
2015-T.23;af18cc7a-fa8f-11e2-8e56-9f72c6160288;c9553428-ec7e-051a-176b-5bb5f4688db3
2015-T.24;af18cc7a-fa8f-11e2-8e56-9f72c6160288;360f49bd-9586-045e-c851-6f1f20e7bef5
2015-T.25;af18cc7a-fa8f-11e2-8e56-9f72c6160288;009d21a3-0519-acfb-b575-14cbec7d53fc
2015-T.26;af18cc7a-fa8f-11e2-8e56-9f72c6160288;080ce493-4280-e419-408b-0d44b56f897e
2015-T.27;af18cc7a-fa8f-11e2-8e56-9f72c6160288;c045a61b-d32b-c383-de6c-5dae4460b840
2015-T.3;af18cc7a-fa8f-11e2-8e56-9f72c6160288;b6111f6a-0d57-e571-3ede-8161bb5f1f65
2015-T.4;af18cc7a-fa8f-11e2-8e56-9f72c6160288;9fc79e53-4beb-f66e-d74d-414ce0f6df9e
2015-T.5;af18cc7a-fa8f-11e2-8e56-9f72c6160288;1bc06ec1-966e-e507-2570-34460813bbed
2015-T.6;af18cc7a-fa8f-11e2-8e56-9f72c6160288;7c325a31-35a3-8b91-2a73-04547859cfdb
2015-T.7;af18cc7a-fa8f-11e2-8e56-9f72c6160288;52de5d06-e25d-5e4d-cefa-dc2d993ad134
2015-T.8;af18cc7a-fa8f-11e2-8e56-9f72c6160288;ce6bbe27-472d-a278-477f-1beb9aa955f8
2015-T.9;af18cc7a-fa8f-11e2-8e56-9f72c6160288;e6e63e30-3e6b-068f-6817-cd9b20d9a144
2016-T.1;af18cc7a-fa8f-11e2-8e56-9f72c6160288;12185aa5-a89a-23c2-4059-f68947518932
2016-T.10;af18cc7a-fa8f-11e2-8e56-9f72c6160288;8ac6d82a-25c5-dbeb-6fc5-6aac57071985
2016-T.100;af18cc7a-fa8f-11e2-8e56-9f72c6160288;d8de979f-3a5c-48b0-28c3-192a7dd5a7ee
2016-T.101;af18cc7a-fa8f-11e2-8e56-9f72c6160288;707f6c02-ec4c-81a7-f76e-6ab984199ccf
2016-T.102;af18cc7a-fa8f-11e2-8e56-9f72c6160288;72cecf29-bbd0-8c17-2266-227fb72d8e84
2016-T.103;af18cc7a-fa8f-11e2-8e56-9f72c6160288;1e8ff831-20de-961a-ef4d-786e980665fa
2016-T.104;af18cc7a-fa8f-11e2-8e56-9f72c6160288;bb9af0c5-a360-567d-7192-b8c79d1f122d
2016-T.105;af18cc7a-fa8f-11e2-8e56-9f72c6160288;60317e7a-e57e-369b-bdf0-5c11e7af1a06
2016-T.106;af18cc7a-fa8f-11e2-8e56-9f72c6160288;035bfe8d-e2f2-8d96-8c36-782e36075d98
2016-T.107;af18cc7a-fa8f-11e2-8e56-9f72c6160288;cb99a53f-529f-5718-8a6e-2f408a82c1dc
2016-T.108;af18cc7a-fa8f-11e2-8e56-9f72c6160288;8ee17fff-cb04-0586-34ad-ca73e9163f51
2016-T.109;af18cc7a-fa8f-11e2-8e56-9f72c6160288;4c029dfa-668a-2057-9483-24c62145ac67
2016-T.11;af18cc7a-fa8f-11e2-8e56-9f72c6160288;c7e0637e-7d45-4971-1c4e-74a29a44779a
2016-T.110;af18cc7a-fa8f-11e2-8e56-9f72c6160288;46249879-bdac-492c-6b4d-bb6304ee9986
2016-T.111;af18cc7a-fa8f-11e2-8e56-9f72c6160288;e39191cc-15e0-bad2-890a-b8f191ae76d6
2016-T.112;af18cc7a-fa8f-11e2-8e56-9f72c6160288;9ccdac53-d919-1419-2a88-e1b1a0820b48
2016-T.113;af18cc7a-fa8f-11e2-8e56-9f72c6160288;f0088df1-1826-2c87-234e-404d497c0044
2016-T.114;af18cc7a-fa8f-11e2-8e56-9f72c6160288;22d17766-c90e-3855-0ae0-7af3a055b6bf
2016-T.115;af18cc7a-fa8f-11e2-8e56-9f72c6160288;f4a80189-5928-3176-9b89-91c1e4899f05
2016-T.116;af18cc7a-fa8f-11e2-8e56-9f72c6160288;0f86f8fe-fdaf-0a02-7412-88cd8712512d
2016-T.117;af18cc7a-fa8f-11e2-8e56-9f72c6160288;dbbe9011-7964-0bfc-634f-6e1bb37b1368
2016-T.118;af18cc7a-fa8f-11e2-8e56-9f72c6160288;40f72ab2-dab4-229b-0b80-abf55a346d91
2016-T.119;af18cc7a-fa8f-11e2-8e56-9f72c6160288;d2fcd611-bf51-8482-3cec-dca90c2cd1fe
2016-T.12;af18cc7a-fa8f-11e2-8e56-9f72c6160288;51aeb7ce-1436-8ec8-b43a-54a04e2dd5ca
2016-T.120;af18cc7a-fa8f-11e2-8e56-9f72c6160288;487fbc83-ed65-2ca8-1907-7cdef1d5339d
2016-T.121;af18cc7a-fa8f-11e2-8e56-9f72c6160288;6dc0a693-7abc-1fae-5605-fef718f37c2f
2016-T.122;af18cc7a-fa8f-11e2-8e56-9f72c6160288;8d4f08e9-f182-3c5b-a4f3-e8893d2d6031
2016-T.123;af18cc7a-fa8f-11e2-8e56-9f72c6160288;39af39f2-38ab-1509-afff-b19dc723c482
2016-T.124;af18cc7a-fa8f-11e2-8e56-9f72c6160288;458cce92-ff40-4b62-f40b-c148c2d64b19
2016-T.125;af18cc7a-fa8f-11e2-8e56-9f72c6160288;7574ba80-453f-5bfc-e421-b4edb983f985
2016-T.126;af18cc7a-fa8f-11e2-8e56-9f72c6160288;98dba156-a1ee-9903-b662-c69e53413b75
2016-T.127;af18cc7a-fa8f-11e2-8e56-9f72c6160288;9bd43cb7-d5d0-7baf-2a89-1bcb940bef13
2016-T.128;af18cc7a-fa8f-11e2-8e56-9f72c6160288;638d828e-a6e5-9dff-5bcf-e9222d4c41a3
2016-T.129;af18cc7a-fa8f-11e2-8e56-9f72c6160288;8efb53bd-9021-fa71-fd2a-119eec9b662e
2016-T.13;af18cc7a-fa8f-11e2-8e56-9f72c6160288;ebe22317-be9f-e067-c50f-6376b38be072
2016-T.130;af18cc7a-fa8f-11e2-8e56-9f72c6160288;6f277fc4-c634-9e81-1abf-74412022f5dc
2016-T.131;af18cc7a-fa8f-11e2-8e56-9f72c6160288;a975a87b-861b-06e2-aa02-1d7cd17e6451
2016-T.132;af18cc7a-fa8f-11e2-8e56-9f72c6160288;b9f205ab-90e5-4bc1-4c42-5e582102abdd
2016-T.133;af18cc7a-fa8f-11e2-8e56-9f72c6160288;788fe491-9ec0-80dc-8877-20af2eedf4e0
2016-T.134;af18cc7a-fa8f-11e2-8e56-9f72c6160288;729902e0-5945-a1f3-8cf6-fc907d0b115d
2016-T.135;af18cc7a-fa8f-11e2-8e56-9f72c6160288;d6c13ddb-5023-83c2-6104-50db29ee477b
2016-T.136;af18cc7a-fa8f-11e2-8e56-9f72c6160288;2c5bf6c3-5aaf-0d7f-c846-bfcecd95aa7e
2016-T.137;af18cc7a-fa8f-11e2-8e56-9f72c6160288;7cd90ebb-0849-07a4-0f31-208a7a2d296b
2016-T.138;af18cc7a-fa8f-11e2-8e56-9f72c6160288;6b2691cb-6802-7c83-e4c5-aba3616376b0
2016-T.139;af18cc7a-fa8f-11e2-8e56-9f72c6160288;3196ee74-65fd-eeac-279c-e7f305c38589
2016-T.14;af18cc7a-fa8f-11e2-8e56-9f72c6160288;ee7df753-1b35-758b-3876-cc92540210bf
2016-T.15;af18cc7a-fa8f-11e2-8e56-9f72c6160288;c964b62a-5b65-5736-7308-a5fa1cf91b2d
2016-T.16;af18cc7a-fa8f-11e2-8e56-9f72c6160288;ecff6a67-3d79-bf1f-bd3a-7163f8c92669
2016-T.17;af18cc7a-fa8f-11e2-8e56-9f72c6160288;bd4d614b-269d-c460-5361-2e1b06680895
2016-T.18;af18cc7a-fa8f-11e2-8e56-9f72c6160288;095fd574-ad5d-e165-70f8-e175917ab959
2016-T.18.fol.01r;af18cc7a-fa8f-11e2-8e56-9f72c6160288;d8dfe673-4a46-cd5d-f86c-ffa67947b3f3
2016-T.18.fol.02r;af18cc7a-fa8f-11e2-8e56-9f72c6160288;a42b6adb-cea9-5444-fc3b-8a5616724c58
2016-T.18.fol.03r;af18cc7a-fa8f-11e2-8e56-9f72c6160288;52987b7e-9a50-29bc-d2be-0ee4903479cd
2016-T.18.fol.04r;af18cc7a-fa8f-11e2-8e56-9f72c6160288;ebf6c106-aea3-b4f5-a096-fb42f7245626
2016-T.18.fol.05r;af18cc7a-fa8f-11e2-8e56-9f72c6160288;25d01a74-b5c6-2d63-c1e7-3791620da424
2016-T.18.fol.06r;af18cc7a-fa8f-11e2-8e56-9f72c6160288;e52d6697-fd6d-13e9-2d13-5eeea8704c1e
2016-T.18.fol.07r;af18cc7a-fa8f-11e2-8e56-9f72c6160288;5720f4c2-8310-eba4-9f50-a2fa5ee45fce
2016-T.18.fol.08r;af18cc7a-fa8f-11e2-8e56-9f72c6160288;b21a0d47-76c4-b059-4a08-c4560999d59a
2016-T.18.fol.09r;af18cc7a-fa8f-11e2-8e56-9f72c6160288;359cc430-4693-27da-4ed6-affcddb31542
2016-T.18.fol.09v;af18cc7a-fa8f-11e2-8e56-9f72c6160288;7743b624-440e-2121-2364-bf10e67f0c32
2016-T.18.fol.10r;af18cc7a-fa8f-11e2-8e56-9f72c6160288;7743b624-440e-2121-2364-bf10e67f0c32
2016-T.18.fol.11r;af18cc7a-fa8f-11e2-8e56-9f72c6160288;273047c0-f6ca-0ce5-07a2-06609f2d9fb4
2016-T.18.fol.12r;af18cc7a-fa8f-11e2-8e56-9f72c6160288;f5fca5ec-8955-c2f1-d5a3-10e07d6a3c5c
2016-T.18.fol.13r;af18cc7a-fa8f-11e2-8e56-9f72c6160288;1d6394c2-5358-404c-de7d-17e76d38f64f
2016-T.18.fol.13v;af18cc7a-fa8f-11e2-8e56-9f72c6160288;132c4486-75de-891c-0f2c-ad195948acfb
2016-T.18.fol.14r;af18cc7a-fa8f-11e2-8e56-9f72c6160288;132c4486-75de-891c-0f2c-ad195948acfb
2016-T.18.fol.15r;af18cc7a-fa8f-11e2-8e56-9f72c6160288;74a9953e-4b44-a030-2ecd-fdb123f6ccb5
2016-T.18.fol.15v;af18cc7a-fa8f-11e2-8e56-9f72c6160288;f04f876a-cd02-d734-357c-2a1ce4c00e3b
2016-T.18.fol.16r;af18cc7a-fa8f-11e2-8e56-9f72c6160288;f04f876a-cd02-d734-357c-2a1ce4c00e3b
2016-T.18.fol.17r;af18cc7a-fa8f-11e2-8e56-9f72c6160288;9aadfa73-9d06-165a-ab09-c6eb84ef51d7
2016-T.18.fol.18r;af18cc7a-fa8f-11e2-8e56-9f72c6160288;077f30e4-56b5-2eb9-f2e4-49b8107b489a
2016-T.18.fol.19r;af18cc7a-fa8f-11e2-8e56-9f72c6160288;be6496c6-d9c1-b367-6f7a-40ef0a0c8cf5
2016-T.18.fol.19v;af18cc7a-fa8f-11e2-8e56-9f72c6160288;05ccc30e-e685-88d1-5fae-a221a9e684e4
2016-T.18.fol.20r;af18cc7a-fa8f-11e2-8e56-9f72c6160288;05ccc30e-e685-88d1-5fae-a221a9e684e4
2016-T.18.fol.21r;af18cc7a-fa8f-11e2-8e56-9f72c6160288;82b9a1b0-a5b5-7bde-1d40-b6c965e7e6d9
2016-T.18.fol.21v.fol22r;af18cc7a-fa8f-11e2-8e56-9f72c6160288;9a2d4be3-4bcf-2946-4f1d-1e79bdf4c381
2016-T.18.fol.23r;af18cc7a-fa8f-11e2-8e56-9f72c6160288;6dfeb0aa-5364-6b25-c035-f55a57ac03bf
2016-T.18.fol.23v.fol24r;af18cc7a-fa8f-11e2-8e56-9f72c6160288;8ccb9bac-d5c5-7b8c-a9cf-b73b5f6f826e
2016-T.18.fol.24v;af18cc7a-fa8f-11e2-8e56-9f72c6160288;d817a57e-54ee-6799-02aa-72f60e8a325d
2016-T.18.fol.25r;af18cc7a-fa8f-11e2-8e56-9f72c6160288;d817a57e-54ee-6799-02aa-72f60e8a325d
2016-T.18.fol.26r;af18cc7a-fa8f-11e2-8e56-9f72c6160288;c1c7106e-10cc-7401-abd6-00f407515de4
2016-T.18.fol.27r;af18cc7a-fa8f-11e2-8e56-9f72c6160288;743a9dac-b91e-311d-bf44-bca75d5e3caa
2016-T.18.fol.27v.fol.28r;af18cc7a-fa8f-11e2-8e56-9f72c6160288;a82ce070-e1ca-4596-7c0a-6ef0ba058493
2016-T.18.fol.29r;af18cc7a-fa8f-11e2-8e56-9f72c6160288;4dfdcb4b-470f-6674-341d-5ca71fe7807e
2016-T.18.fol.30r;af18cc7a-fa8f-11e2-8e56-9f72c6160288;9261ccee-bc69-a11a-aa44-34ce7aaf2583
2016-T.18.fol.31r;af18cc7a-fa8f-11e2-8e56-9f72c6160288;c7fcf2fa-0f10-ca91-92bb-fce7871f8ea9
2016-T.18.fol.31v.fol32r;af18cc7a-fa8f-11e2-8e56-9f72c6160288;ce6dae41-16dd-15b6-0c5c-4e3be60731b9
2016-T.18.fol.32v.fol33r;af18cc7a-fa8f-11e2-8e56-9f72c6160288;53a8bf60-2388-5f76-8612-1f7776b89531
2016-T.18.fol.33v.fol34r;af18cc7a-fa8f-11e2-8e56-9f72c6160288;d51b7f8b-a6d9-36d8-75bc-c0494f1e1620
2016-T.18.fol.34v.fol35r;af18cc7a-fa8f-11e2-8e56-9f72c6160288;ec92eb52-b70a-7e0d-0095-87b4db462153
2016-T.18.fol.36r;af18cc7a-fa8f-11e2-8e56-9f72c6160288;f4d17142-448f-9745-0794-11e7c6e35707
2016-T.18.fol.37r;af18cc7a-fa8f-11e2-8e56-9f72c6160288;019da3c5-0939-864a-af00-3c935d54b74a
2016-T.18.fol.38r;af18cc7a-fa8f-11e2-8e56-9f72c6160288;a947a70c-c60c-ac2d-3696-daff000d5356
2016-T.19;af18cc7a-fa8f-11e2-8e56-9f72c6160288;ede8de2b-1255-799a-9f19-c2c0d4481c16
2016-T.2;af18cc7a-fa8f-11e2-8e56-9f72c6160288;8939dd55-8e21-d0c2-716f-0c4209365ea2
2016-T.20;af18cc7a-fa8f-11e2-8e56-9f72c6160288;7bf4346a-3ad9-575b-24f7-e6cd05518f3d
2016-T.21;af18cc7a-fa8f-11e2-8e56-9f72c6160288;e2ebcaf2-34c2-b74a-7f7f-4efbccf8b443
2016-T.22;af18cc7a-fa8f-11e2-8e56-9f72c6160288;242ce7b7-5e03-a0b2-0093-0b52acd8a443
2016-T.23;af18cc7a-fa8f-11e2-8e56-9f72c6160288;2913e046-2cbd-9b4d-0d01-932c79047ba5
2016-T.24;af18cc7a-fa8f-11e2-8e56-9f72c6160288;77562291-22e8-869d-82a9-2b75aedd55de
2016-T.25;af18cc7a-fa8f-11e2-8e56-9f72c6160288;28addb90-5e00-683c-1625-923c7f1b25a1
2016-T.26;af18cc7a-fa8f-11e2-8e56-9f72c6160288;c6dac74c-2420-5546-3f4c-8a17d98767e2
2016-T.27;af18cc7a-fa8f-11e2-8e56-9f72c6160288;e59c3660-bddf-6342-b2ad-8003eb42453f
2016-T.28;af18cc7a-fa8f-11e2-8e56-9f72c6160288;5e85fd7a-d5ef-d607-62d7-a105162ec5e4
2016-T.29;af18cc7a-fa8f-11e2-8e56-9f72c6160288;3408f721-5c4e-1801-d674-9c3e4ac8b5f8
2016-T.3;af18cc7a-fa8f-11e2-8e56-9f72c6160288;0636afbd-32e3-d60d-4aa1-a88596269414
2016-T.30;af18cc7a-fa8f-11e2-8e56-9f72c6160288;c5f061e8-c3a8-4b5e-9e3b-a8aed0745d0f
2016-T.31;af18cc7a-fa8f-11e2-8e56-9f72c6160288;35212d9a-eddf-b5d3-6a74-e87a948f26ad
2016-T.32;af18cc7a-fa8f-11e2-8e56-9f72c6160288;49da4ba5-b566-5453-595d-aecd956641b4
2016-T.33;af18cc7a-fa8f-11e2-8e56-9f72c6160288;4cad8b51-cdd5-b25f-a6d2-3bacf39dac66
2016-T.34;af18cc7a-fa8f-11e2-8e56-9f72c6160288;7a97684e-f793-47cc-903a-c069d06dfc5c
2016-T.35;af18cc7a-fa8f-11e2-8e56-9f72c6160288;7a7eeff5-6f9d-e760-bb92-4c05a043a42e
2016-T.36;af18cc7a-fa8f-11e2-8e56-9f72c6160288;caa7aa70-0496-77a0-b7df-f0749b284d03
2016-T.37;af18cc7a-fa8f-11e2-8e56-9f72c6160288;f48b04f7-b13a-9f46-89f9-4100063b165a
2016-T.38;af18cc7a-fa8f-11e2-8e56-9f72c6160288;daf6bf95-af0b-2ec3-5ffa-4c016ea89095
2016-T.39;af18cc7a-fa8f-11e2-8e56-9f72c6160288;36d1da27-b5bf-5001-e1ef-4d52f013ed09
2016-T.4;af18cc7a-fa8f-11e2-8e56-9f72c6160288;69ae2e66-63ca-68ed-6842-b2f9c2735e0f
2016-T.40;af18cc7a-fa8f-11e2-8e56-9f72c6160288;c40c6ad5-28ff-b353-51e7-a6dfda84be33
2016-T.41;af18cc7a-fa8f-11e2-8e56-9f72c6160288;543dad65-0176-7404-783f-b94ddfbd4053
2016-T.42;af18cc7a-fa8f-11e2-8e56-9f72c6160288;67a702d0-750d-9a83-bb98-655de98b6159
2016-T.43;af18cc7a-fa8f-11e2-8e56-9f72c6160288;b5fa13a7-a63b-2fd8-f0e9-143e6fade910
2016-T.44;af18cc7a-fa8f-11e2-8e56-9f72c6160288;707fb048-307a-13ac-2214-5fa4ebd46b1a
2016-T.45;af18cc7a-fa8f-11e2-8e56-9f72c6160288;94edf6de-83a0-120f-40ce-0c6ce94ef1f1
2016-T.46;af18cc7a-fa8f-11e2-8e56-9f72c6160288;17e69a25-ade0-a259-f90e-4b07fade3530
2016-T.47;af18cc7a-fa8f-11e2-8e56-9f72c6160288;65ab751f-b0cb-bfcb-7414-a04e05c25b1e
2016-T.48;af18cc7a-fa8f-11e2-8e56-9f72c6160288;c9020cd4-eb1c-690c-a2c1-58c45258a1ee
2016-T.49;af18cc7a-fa8f-11e2-8e56-9f72c6160288;39bf614b-f4b4-b74c-c5fe-1d3150b1a329
2016-T.5;af18cc7a-fa8f-11e2-8e56-9f72c6160288;a00bfd95-5a9e-e87b-e6c9-0bc350b685eb
2016-T.50;af18cc7a-fa8f-11e2-8e56-9f72c6160288;f000b8db-629f-2405-9cbc-44fa2cddaa86
2016-T.51;af18cc7a-fa8f-11e2-8e56-9f72c6160288;caaf53e7-aab6-7317-235c-50c848d4ba37
2016-T.52;af18cc7a-fa8f-11e2-8e56-9f72c6160288;e9bc4c20-6e32-cc21-cd15-7677ff289105
2016-T.53;af18cc7a-fa8f-11e2-8e56-9f72c6160288;f86384bf-0bfa-d8d1-ad41-b8012c9de8d4
2016-T.54;af18cc7a-fa8f-11e2-8e56-9f72c6160288;9a22a9b9-2924-8d00-a66a-a78b4063dc77
2016-T.55;af18cc7a-fa8f-11e2-8e56-9f72c6160288;ac852e9d-b514-adfc-f482-20270cf0e7a2
2016-T.56;af18cc7a-fa8f-11e2-8e56-9f72c6160288;70067d03-ea8e-f40f-3bf8-919ac0df87f3
2016-T.57;af18cc7a-fa8f-11e2-8e56-9f72c6160288;f6ddde06-f2a0-8815-e6fb-62480d3dfd0c
2016-T.58;af18cc7a-fa8f-11e2-8e56-9f72c6160288;3940bd33-f0fa-895e-4db2-4c608becdca5
2016-T.59;af18cc7a-fa8f-11e2-8e56-9f72c6160288;3e46a08f-d6af-cd1b-6071-f436ee81ee76
2016-T.6;af18cc7a-fa8f-11e2-8e56-9f72c6160288;e6a3398c-6f34-8120-d389-1b5b6eb9bdf7
2016-T.60;af18cc7a-fa8f-11e2-8e56-9f72c6160288;16f43ee0-0a73-930c-ed91-3d65de13629d
2016-T.61;af18cc7a-fa8f-11e2-8e56-9f72c6160288;64b29733-c059-cc3e-3d31-c44608fe69ed
2016-T.62;af18cc7a-fa8f-11e2-8e56-9f72c6160288;8955b0f7-e521-6c6e-3670-2bca701ac1fe
2016-T.63;af18cc7a-fa8f-11e2-8e56-9f72c6160288;f4b0d5da-c5f2-df24-b913-b03fbf5f4470
2016-T.64;af18cc7a-fa8f-11e2-8e56-9f72c6160288;248b9d54-e4c8-a282-89e4-d72ebe0b4d23
2016-T.65;af18cc7a-fa8f-11e2-8e56-9f72c6160288;0faf9bc6-83b7-e263-0101-172a14aed65d
2016-T.66;af18cc7a-fa8f-11e2-8e56-9f72c6160288;f618f35d-b774-dbef-0ca7-7044984939d7
2016-T.67;af18cc7a-fa8f-11e2-8e56-9f72c6160288;fb26634b-2d93-2191-46d7-e5ecfd6f937e
2016-T.68;af18cc7a-fa8f-11e2-8e56-9f72c6160288;b4c69b4c-fdac-86c3-437a-d89b9bab9d9b
2016-T.69;af18cc7a-fa8f-11e2-8e56-9f72c6160288;05398497-8d21-0ac0-c1c5-8dc5ca3c9142
2016-T.7;af18cc7a-fa8f-11e2-8e56-9f72c6160288;78578fa8-6547-94f3-fcd5-27a09513c2e4
2016-T.70;af18cc7a-fa8f-11e2-8e56-9f72c6160288;55fb21d6-499d-362d-aa3e-bca173ddcdc9
2016-T.71;af18cc7a-fa8f-11e2-8e56-9f72c6160288;f297ee09-1169-a6ff-6da6-7f90055f7011
2016-T.72;af18cc7a-fa8f-11e2-8e56-9f72c6160288;b231f23a-908d-6f7a-0d57-8011f099959b
2016-T.73;af18cc7a-fa8f-11e2-8e56-9f72c6160288;0801f3a2-c070-b1ea-34d7-620656630894
2016-T.74;af18cc7a-fa8f-11e2-8e56-9f72c6160288;53cc89e7-6aad-0edc-b9e1-de971e7b1e5e
2016-T.75;af18cc7a-fa8f-11e2-8e56-9f72c6160288;2e145eb2-eee4-5d26-95f2-28ca031bbb8c
2016-T.76;af18cc7a-fa8f-11e2-8e56-9f72c6160288;8c7726cb-6ea6-3e36-a6e5-079cc591d109
2016-T.77;af18cc7a-fa8f-11e2-8e56-9f72c6160288;2c730aca-325b-c9cd-242d-fad61e284067
2016-T.78;af18cc7a-fa8f-11e2-8e56-9f72c6160288;a67984ac-99bd-adf8-5da3-82780c73277c
2016-T.79;af18cc7a-fa8f-11e2-8e56-9f72c6160288;7a7835dd-d120-9d25-c25b-5b7b48c8ed0e
2016-T.8;af18cc7a-fa8f-11e2-8e56-9f72c6160288;d4f90daa-30f4-a4a1-7022-9fcbb62fccd7
2016-T.80;af18cc7a-fa8f-11e2-8e56-9f72c6160288;46dd1636-260f-73d1-a74e-dde2cc85cc4a
2016-T.81;af18cc7a-fa8f-11e2-8e56-9f72c6160288;1cd55681-8e6c-78df-c5ac-ee954bba2fad
2016-T.82;af18cc7a-fa8f-11e2-8e56-9f72c6160288;e97cd43d-9612-6c6d-cdbc-d03d2c99d159
2016-T.83;af18cc7a-fa8f-11e2-8e56-9f72c6160288;f651a3f5-096a-09af-2043-de60ed4bd762
2016-T.84;af18cc7a-fa8f-11e2-8e56-9f72c6160288;b1272ca6-6a5f-792e-9005-fd37086e4eaa
2016-T.85;af18cc7a-fa8f-11e2-8e56-9f72c6160288;c4549935-6841-0f62-3f70-e77c848ba9b2
2016-T.86;af18cc7a-fa8f-11e2-8e56-9f72c6160288;de95f3a2-fe17-6d59-4c11-6c45b743062a
2016-T.87;af18cc7a-fa8f-11e2-8e56-9f72c6160288;943916fe-34cd-eb9c-e75b-7b9e15411aaa
2016-T.88;af18cc7a-fa8f-11e2-8e56-9f72c6160288;59d11a8f-2a7f-642f-e41a-df1080a6c1e7
2016-T.89;af18cc7a-fa8f-11e2-8e56-9f72c6160288;227bd6c6-64a4-a15f-141e-6db84225d5f3
2016-T.9;af18cc7a-fa8f-11e2-8e56-9f72c6160288;8aaec4df-b208-15bc-41d9-0d736e5a2787
2016-T.90;af18cc7a-fa8f-11e2-8e56-9f72c6160288;1cfc6277-dac4-b84e-2b9e-8133b6647044
2016-T.91;af18cc7a-fa8f-11e2-8e56-9f72c6160288;f4d8bcd6-9066-14d8-ad91-07d01845f531
2016-T.92;af18cc7a-fa8f-11e2-8e56-9f72c6160288;350a2248-ee55-3d8e-3097-65307e169c7a
2016-T.93;af18cc7a-fa8f-11e2-8e56-9f72c6160288;f7f0ba30-dbf8-2faf-0f52-10ab527cefb7
2016-T.94;af18cc7a-fa8f-11e2-8e56-9f72c6160288;e24e0333-98a8-f277-a265-9d7ab7d880ac
2016-T.95;af18cc7a-fa8f-11e2-8e56-9f72c6160288;3b6f10f6-75ae-697b-fe16-0e506fa9246d
2016-T.96;af18cc7a-fa8f-11e2-8e56-9f72c6160288;ff3426c8-c8af-0a8d-fd05-433bdfae8bbf
2016-T.97;af18cc7a-fa8f-11e2-8e56-9f72c6160288;887ae075-7bdb-d7c0-4865-345c14efeb1a
2016-T.98;af18cc7a-fa8f-11e2-8e56-9f72c6160288;1b8b0653-03fe-9dd8-76ba-64b48b8d5684
2016-T.99;af18cc7a-fa8f-11e2-8e56-9f72c6160288;9d77abed-3ae1-52bc-11b1-23c77a692569
2017-T.1;af18cc7a-fa8f-11e2-8e56-9f72c6160288;35f82f5b-e3eb-130f-bf78-910a937a2902
2017-T.10;af18cc7a-fa8f-11e2-8e56-9f72c6160288;49041076-3144-db75-b757-00c018951d0a
2017-T.11;af18cc7a-fa8f-11e2-8e56-9f72c6160288;33380886-8bb5-f602-83e1-eec2f31c7df2
2017-T.12;af18cc7a-fa8f-11e2-8e56-9f72c6160288;11ac16e3-2f94-5f7f-f031-6e8194a49cd5
2017-T.13;af18cc7a-fa8f-11e2-8e56-9f72c6160288;67a154ea-c71f-aeee-1bd4-8a0452d39af4
2017-T.14;af18cc7a-fa8f-11e2-8e56-9f72c6160288;77194450-89a6-0701-63c5-f7a58d1f8ea2
2017-T.15;af18cc7a-fa8f-11e2-8e56-9f72c6160288;34057570-c556-14f9-9103-9485462a4bfc
2017-T.16;af18cc7a-fa8f-11e2-8e56-9f72c6160288;33b9bf84-29a2-7765-87de-430acc938957
2017-T.17;af18cc7a-fa8f-11e2-8e56-9f72c6160288;3ae4f9cc-3279-cf92-eef2-dc0731cd06c3
2017-T.18;af18cc7a-fa8f-11e2-8e56-9f72c6160288;100cb8fb-a642-eff3-3efa-8356d0961583
2017-T.19;af18cc7a-fa8f-11e2-8e56-9f72c6160288;ff97dd37-9961-44c9-b8f9-4ddf2d34fa9b
2017-T.2;af18cc7a-fa8f-11e2-8e56-9f72c6160288;1719d103-98f8-3b51-996b-4e3f4b7991c5
2017-T.20;af18cc7a-fa8f-11e2-8e56-9f72c6160288;9c6e972c-5cde-e63b-a5fa-a29df230265e
2017-T.21;af18cc7a-fa8f-11e2-8e56-9f72c6160288;30b70dee-1e3b-8bd1-8598-4717c3b27ae7
2017-T.22;af18cc7a-fa8f-11e2-8e56-9f72c6160288;b56eb42e-3c06-5ac0-2928-18779d9c72fb
2017-T.23;af18cc7a-fa8f-11e2-8e56-9f72c6160288;5d7f4a4d-3813-9099-d9f9-ba86acb51390
2017-T.24;af18cc7a-fa8f-11e2-8e56-9f72c6160288;43253596-21ed-780b-413b-19acd057fa56
2017-T.25;af18cc7a-fa8f-11e2-8e56-9f72c6160288;7c5185c9-62e6-964b-937b-7124a84adbe7
2017-T.26;af18cc7a-fa8f-11e2-8e56-9f72c6160288;734f98a9-669c-f4fb-38e0-e9fcd5ac2c60
2017-T.27;af18cc7a-fa8f-11e2-8e56-9f72c6160288;4b4bdd82-7c2d-f10a-12c9-5cc7981bcca0
2017-T.28;af18cc7a-fa8f-11e2-8e56-9f72c6160288;0fff6a55-191f-1beb-8387-c9cb0466ba46
2017-T.29;af18cc7a-fa8f-11e2-8e56-9f72c6160288;8bcad062-74d9-5626-459f-8b49c784076d
2017-T.3;af18cc7a-fa8f-11e2-8e56-9f72c6160288;64ac9b94-fb94-5c41-db82-51589c8a1ead
2017-T.30;af18cc7a-fa8f-11e2-8e56-9f72c6160288;4d3ad9bd-4e60-1796-e91e-2fa2641c023f
2017-T.31;af18cc7a-fa8f-11e2-8e56-9f72c6160288;2ecb1ce0-7de6-7f3e-1be5-cdedb8eddb84
2017-T.32;af18cc7a-fa8f-11e2-8e56-9f72c6160288;6a55f2a7-0e13-e21d-c36e-48e36b316f30
2017-T.33;af18cc7a-fa8f-11e2-8e56-9f72c6160288;0d00b2a6-7fc6-2e40-f24e-09cedbdbc967
2017-T.34;af18cc7a-fa8f-11e2-8e56-9f72c6160288;86d856a3-871a-03ab-d882-a977a80936a3
2017-T.35;af18cc7a-fa8f-11e2-8e56-9f72c6160288;79cc348a-308f-a248-0064-fe29967ef766
2017-T.36;af18cc7a-fa8f-11e2-8e56-9f72c6160288;a5d5fadc-166a-c629-91ec-90598d41f7c7
2017-T.37;af18cc7a-fa8f-11e2-8e56-9f72c6160288;d6057205-c85c-c854-dc65-ed4b229f9f7d
2017-T.38;af18cc7a-fa8f-11e2-8e56-9f72c6160288;7bd1ac45-dd5b-0d60-4e4d-7eab45b152d0
2017-T.39;af18cc7a-fa8f-11e2-8e56-9f72c6160288;5e5b2400-dcd4-0df5-fc17-03a17cecf8dd
2017-T.4;af18cc7a-fa8f-11e2-8e56-9f72c6160288;845fb1ed-853b-f369-f107-6e158d452f64
2017-T.40;af18cc7a-fa8f-11e2-8e56-9f72c6160288;9f127e5f-bfe8-cf5f-d274-28c3e67649d4
2017-T.41;af18cc7a-fa8f-11e2-8e56-9f72c6160288;78dc4a6c-1494-d86d-7051-c0afbecef373
2017-T.42;af18cc7a-fa8f-11e2-8e56-9f72c6160288;dfa9505d-437d-8ed9-62b3-c602586885a6
2017-T.43;af18cc7a-fa8f-11e2-8e56-9f72c6160288;194fdf9b-063e-26bf-d97b-0ac9caae5823
2017-T.44;af18cc7a-fa8f-11e2-8e56-9f72c6160288;3034cebd-48b4-b1ae-a921-c944039915af
2017-T.45;af18cc7a-fa8f-11e2-8e56-9f72c6160288;1d873d9d-013e-9551-4e2e-b0161f4290b0
2017-T.46;af18cc7a-fa8f-11e2-8e56-9f72c6160288;c3ca9ad2-b940-f245-6cc3-cd43c460f60b
2017-T.47;af18cc7a-fa8f-11e2-8e56-9f72c6160288;f214aa3b-f888-609f-fb55-6148eaf4750b
2017-T.48(1);af18cc7a-fa8f-11e2-8e56-9f72c6160288;bcd4e251-4ff5-f886-2d3d-4a9d60383412
2017-T.48(2);af18cc7a-fa8f-11e2-8e56-9f72c6160288;baebffd5-7847-e606-580c-7d79b110d421
2017-T.48(3);af18cc7a-fa8f-11e2-8e56-9f72c6160288;e60818b9-9adc-1b45-0eee-1dbb3eca8eb5
2017-T.48(4);af18cc7a-fa8f-11e2-8e56-9f72c6160288;cf26b573-1d69-605d-e359-f8c0588b6d92
2017-T.49;af18cc7a-fa8f-11e2-8e56-9f72c6160288;25214603-db0c-1961-162d-2f66e63fcf37
2017-T.5;af18cc7a-fa8f-11e2-8e56-9f72c6160288;9e9dc7ac-d58e-a66f-4fdd-4611abeb668e
2017-T.50;af18cc7a-fa8f-11e2-8e56-9f72c6160288;dee607f1-ba40-ee0a-12bf-c9cdbab44297
2017-T.51;af18cc7a-fa8f-11e2-8e56-9f72c6160288;0ab5c2ef-9109-3cfd-59d4-963a62758d43
2017-T.52;af18cc7a-fa8f-11e2-8e56-9f72c6160288;62023a6f-bc97-c50c-8f39-d601f707bbda
2017-T.53;af18cc7a-fa8f-11e2-8e56-9f72c6160288;15af6b2a-cbcf-a49d-ac05-20f800e45c83
2017-T.54;af18cc7a-fa8f-11e2-8e56-9f72c6160288;ab1cf71f-f9b1-732c-c181-991648bf88b5
2017-T.55;af18cc7a-fa8f-11e2-8e56-9f72c6160288;fbd5beaa-82c2-c62d-29a2-afd92d4c5825
2017-T.56;af18cc7a-fa8f-11e2-8e56-9f72c6160288;816a7ad5-1d31-c0ed-eb32-5681456703ff
2017-T.57;af18cc7a-fa8f-11e2-8e56-9f72c6160288;32f2fbcd-b636-6111-b7fd-15be802d6836
2017-T.58;af18cc7a-fa8f-11e2-8e56-9f72c6160288;a4002a38-4791-a980-283c-aea4ed8bcbff
2017-T.59(1);af18cc7a-fa8f-11e2-8e56-9f72c6160288;c11fec84-3900-006c-528f-ede639eef1fd
2017-T.59(10);af18cc7a-fa8f-11e2-8e56-9f72c6160288;b3667e83-f44b-0eb1-efac-961e3479103f
2017-T.59(11);af18cc7a-fa8f-11e2-8e56-9f72c6160288;1d01b627-ef52-72ce-e364-96ae648fe929
2017-T.59(12);af18cc7a-fa8f-11e2-8e56-9f72c6160288;e02744a9-44cc-cd96-9fc5-0c3a2631c8bd
2017-T.59(13);af18cc7a-fa8f-11e2-8e56-9f72c6160288;c856e729-6f93-3a8b-2464-8d7e83706cc1
2017-T.59(14);af18cc7a-fa8f-11e2-8e56-9f72c6160288;4602dfcd-cdd2-5b73-cce7-20846ecbb32a
2017-T.59(15);af18cc7a-fa8f-11e2-8e56-9f72c6160288;237db134-782a-62c9-6f5d-f250aa5beeae
2017-T.59(16);af18cc7a-fa8f-11e2-8e56-9f72c6160288;5f97849a-2c4b-0bb3-2026-943fa13b16c4
2017-T.59(17);af18cc7a-fa8f-11e2-8e56-9f72c6160288;fc85d8b9-7620-9662-b02b-6ed7b14a2a98
2017-T.59(18);af18cc7a-fa8f-11e2-8e56-9f72c6160288;23831710-0f95-3177-7ba2-21eac3a63fb3
2017-T.59(19);af18cc7a-fa8f-11e2-8e56-9f72c6160288;6f98ba66-df0a-5e50-2dcd-3af806b3d0ed
2017-T.59(2);af18cc7a-fa8f-11e2-8e56-9f72c6160288;e8a42007-f164-8157-682f-9de0f2179982
2017-T.59(20);af18cc7a-fa8f-11e2-8e56-9f72c6160288;024ad710-0399-03c2-a12f-62f259af9bf3
2017-T.59(21);af18cc7a-fa8f-11e2-8e56-9f72c6160288;baa4e959-1460-05b3-edac-d05f8a5f14ba
2017-T.59(22);af18cc7a-fa8f-11e2-8e56-9f72c6160288;513953af-ba4f-05dc-c12a-c073b9e79196
2017-T.59(23);af18cc7a-fa8f-11e2-8e56-9f72c6160288;e6d11d90-994b-662e-37a6-236680666165
2017-T.59(24);af18cc7a-fa8f-11e2-8e56-9f72c6160288;e8248321-675c-0374-c4a0-1d1e6fd7ca7d
2017-T.59(25);af18cc7a-fa8f-11e2-8e56-9f72c6160288;d245ac5c-2e16-0742-7463-2f586110132c
2017-T.59(26);af18cc7a-fa8f-11e2-8e56-9f72c6160288;bd9e6881-e98a-7bfe-01dd-f3e77c60f4e0
2017-T.59(3);af18cc7a-fa8f-11e2-8e56-9f72c6160288;c91dbcd9-c922-d2cd-c7ba-2fe74178170c
2017-T.59(4);af18cc7a-fa8f-11e2-8e56-9f72c6160288;19b8eaa4-e865-9ae5-32a7-e12e5b174199
2017-T.59(5);af18cc7a-fa8f-11e2-8e56-9f72c6160288;14051c36-b7f5-7fb9-3a97-334db5fc45c7
2017-T.59(6);af18cc7a-fa8f-11e2-8e56-9f72c6160288;6b583dc3-5461-9197-27c2-a0cfd3df67c3
2017-T.59(7);af18cc7a-fa8f-11e2-8e56-9f72c6160288;07511a59-3573-bf51-12fa-1218192172c3
2017-T.59(8);af18cc7a-fa8f-11e2-8e56-9f72c6160288;61525a77-6291-dd49-a6f7-7a09b802baea
2017-T.59(9);af18cc7a-fa8f-11e2-8e56-9f72c6160288;cbecbb42-2ae6-a7b0-d739-ea962510fd2c
2017-T.6;af18cc7a-fa8f-11e2-8e56-9f72c6160288;cca8d918-7adb-511b-6924-213fe96703ba
2017-T.60(1);af18cc7a-fa8f-11e2-8e56-9f72c6160288;91d0e380-0a92-9d8b-0dab-116e30ff9e4c
2017-T.60(2);af18cc7a-fa8f-11e2-8e56-9f72c6160288;b030cb0e-ebef-1fb3-8928-032382e932ce
2017-T.60(3);af18cc7a-fa8f-11e2-8e56-9f72c6160288;78473e4c-b0a9-a942-7e10-f5dd42f58994
2017-T.60(4);af18cc7a-fa8f-11e2-8e56-9f72c6160288;be029ec5-8283-e3a0-d01b-28f3b12775eb
2017-T.60(5);af18cc7a-fa8f-11e2-8e56-9f72c6160288;4d84222f-40c6-7ab4-0dc3-f802f6be2fb6
2017-T.60(6);af18cc7a-fa8f-11e2-8e56-9f72c6160288;c6558772-195e-8c00-260c-9304bc6fa81c
2017-T.60(7);af18cc7a-fa8f-11e2-8e56-9f72c6160288;2023f27e-3674-90a6-c597-681978b11bc7
2017-T.61;af18cc7a-fa8f-11e2-8e56-9f72c6160288;041e6fae-eedd-8c40-85d7-3afbed726b5f
2017-T.62;af18cc7a-fa8f-11e2-8e56-9f72c6160288;bce0e4e2-40a5-fb2f-053d-3b7fa901da2d
2017-T.7;af18cc7a-fa8f-11e2-8e56-9f72c6160288;61acc4e8-3c35-1c17-a976-acdd8f059da7
2017-T.8;af18cc7a-fa8f-11e2-8e56-9f72c6160288;54454980-b083-2f16-ce39-e4c32555ce48
2017-T.9;af18cc7a-fa8f-11e2-8e56-9f72c6160288;6c796480-a6e8-e5ef-8145-93d34f85a654
2018-T.1;af18cc7a-fa8f-11e2-8e56-9f72c6160288;38c2e6c4-a27f-f9a3-dcd0-a4602a4ff4e6
2018-T.10;af18cc7a-fa8f-11e2-8e56-9f72c6160288;a1a3a7e8-16d7-68be-575d-05185d387d94
2018-T.11;af18cc7a-fa8f-11e2-8e56-9f72c6160288;a93765a2-9d04-43c9-8f8a-64b2bd1bbb27
2018-T.12;af18cc7a-fa8f-11e2-8e56-9f72c6160288;db7624ed-1876-1918-fd29-d6692bc2c626
2018-T.13;af18cc7a-fa8f-11e2-8e56-9f72c6160288;06069d88-1236-3ec2-07d4-5fbf22a5c63b
2018-T.14;af18cc7a-fa8f-11e2-8e56-9f72c6160288;4e538cc4-5211-0b73-1cf4-0313be6ecdc4
2018-T.15;af18cc7a-fa8f-11e2-8e56-9f72c6160288;36f92d80-55df-8189-9b66-2b2c8bff6b25
2018-T.16;af18cc7a-fa8f-11e2-8e56-9f72c6160288;3656e4c0-a646-64ae-6edc-5ee016ba4a44
2018-T.17;af18cc7a-fa8f-11e2-8e56-9f72c6160288;b83af958-d804-2b0e-7b61-9c731284c21c
2018-T.18;af18cc7a-fa8f-11e2-8e56-9f72c6160288;70b0e229-4c79-3ecd-5b4a-fb1c372ff61b
2018-T.19;af18cc7a-fa8f-11e2-8e56-9f72c6160288;972277b5-295c-a145-caf4-07beb6e29ce6
2018-T.2;af18cc7a-fa8f-11e2-8e56-9f72c6160288;ce434d47-bc0b-d171-8f84-560225b249c8
2018-T.20;af18cc7a-fa8f-11e2-8e56-9f72c6160288;a94d0dbf-f351-a1a1-4a3b-ebc82fde29a0
2018-T.21;af18cc7a-fa8f-11e2-8e56-9f72c6160288;13b92ea9-ef6f-9c69-33ae-ece6b696b7cf
2018-T.22;af18cc7a-fa8f-11e2-8e56-9f72c6160288;040dd95c-47fa-45b1-2ef7-ad177d1b1c7e
2018-T.23;af18cc7a-fa8f-11e2-8e56-9f72c6160288;b77c7910-225a-d9df-cec2-822a06fc8097
2018-T.24;af18cc7a-fa8f-11e2-8e56-9f72c6160288;0b9f2cf8-f417-b0be-2956-59ce1533e583
2018-T.25;af18cc7a-fa8f-11e2-8e56-9f72c6160288;cd5ed585-fd36-675e-ce9b-568dd237b846
2018-T.26;af18cc7a-fa8f-11e2-8e56-9f72c6160288;022e5a78-5b72-4e2b-a0b0-ae3d4063dc65
2018-T.27;af18cc7a-fa8f-11e2-8e56-9f72c6160288;95fa996b-b820-8851-b195-665b3a328aee
2018-T.28;af18cc7a-fa8f-11e2-8e56-9f72c6160288;96eb24a6-7e76-3941-d3d3-08b14df997d5
2018-T.29;af18cc7a-fa8f-11e2-8e56-9f72c6160288;8db5a707-9325-6074-0f0d-f3de5319cb96
2018-T.2.fol.01r;af18cc7a-fa8f-11e2-8e56-9f72c6160288;68672317-e848-0efd-26ab-f8bb82a41996
2018-T.2.fol.02r;af18cc7a-fa8f-11e2-8e56-9f72c6160288;6ef7ffbd-19ac-9bb0-fa60-1e48149b6381
2018-T.2.fol.03r;af18cc7a-fa8f-11e2-8e56-9f72c6160288;8dd8e010-05e3-c0da-3074-783551412f99
2018-T.2.fol.04r;af18cc7a-fa8f-11e2-8e56-9f72c6160288;c1469638-636d-96b5-81df-60c88098ed48
2018-T.2.fol.05r;af18cc7a-fa8f-11e2-8e56-9f72c6160288;6acde915-c8bb-cbdd-d8a8-45f27e1fa69d
2018-T.2.fol.06r;af18cc7a-fa8f-11e2-8e56-9f72c6160288;e5efcc42-82c2-9641-603d-6c9f76de5e4c
2018-T.2.fol.07r;af18cc7a-fa8f-11e2-8e56-9f72c6160288;1ca2113f-b357-97ed-ed52-0eb09829efff
2018-T.2.fol.08r;af18cc7a-fa8f-11e2-8e56-9f72c6160288;4eb46ed8-bf19-9611-a08a-0c45127ec838
2018-T.2.fol.09r;af18cc7a-fa8f-11e2-8e56-9f72c6160288;725b6185-a9ed-7998-6dc6-8e8b67249de4
2018-T.3;af18cc7a-fa8f-11e2-8e56-9f72c6160288;27c2de03-fa22-17c9-2020-356f5c4518cd
2018-T.30;af18cc7a-fa8f-11e2-8e56-9f72c6160288;3002fa01-548c-f072-404c-bb59eef9583e
2018-T.31;af18cc7a-fa8f-11e2-8e56-9f72c6160288;3f190e6f-5a1d-a58e-4ce8-b5622be0079d
2018-T.32;af18cc7a-fa8f-11e2-8e56-9f72c6160288;5e92f711-dd8c-70e2-b475-3e2f4b8e14e7
2018-T.33;af18cc7a-fa8f-11e2-8e56-9f72c6160288;605173cd-502c-8aeb-b079-4c530590c764
2018-T.34;af18cc7a-fa8f-11e2-8e56-9f72c6160288;4265f7b0-7996-b4aa-d8a7-7c2508f12191
2018-T.35;af18cc7a-fa8f-11e2-8e56-9f72c6160288;6ec5a63a-d152-f168-8c4c-07ad11abae77
2018-T.36;af18cc7a-fa8f-11e2-8e56-9f72c6160288;b7a74c7d-db6d-ea52-5e06-c200dcce63af
2018-T.37;af18cc7a-fa8f-11e2-8e56-9f72c6160288;4771d1a8-e199-3a24-5960-3995bdce9978
2018-T.38;af18cc7a-fa8f-11e2-8e56-9f72c6160288;ebb9203d-565d-b22f-1c6a-69391174b095
2018-T.39;af18cc7a-fa8f-11e2-8e56-9f72c6160288;888972c3-2f28-1df6-8b91-d7b6e25dc1fc
2018-T.4;af18cc7a-fa8f-11e2-8e56-9f72c6160288;4b6f34b6-9a2f-281f-4e0c-a285577853e2
2018-T.40;af18cc7a-fa8f-11e2-8e56-9f72c6160288;4085883f-ad8f-4040-0762-ecd33e528055
2018-T.41;af18cc7a-fa8f-11e2-8e56-9f72c6160288;4d76556a-2f85-963c-a9ee-0dec6b4f6e26
2018-T.42;af18cc7a-fa8f-11e2-8e56-9f72c6160288;fb51c2e9-77f2-c195-5b75-900ddc3434fe
2018-T.43;af18cc7a-fa8f-11e2-8e56-9f72c6160288;29fcbe96-bb3c-ac3f-dd38-9dbd588c4e62
2018-T.44;af18cc7a-fa8f-11e2-8e56-9f72c6160288;cb8f816b-d8ef-a253-7877-2af3c8c5e797
2018-T.45;af18cc7a-fa8f-11e2-8e56-9f72c6160288;c986f4c6-ff5e-8bde-fc85-efec877d8346
2018-T.46;af18cc7a-fa8f-11e2-8e56-9f72c6160288;a6fb3045-77b7-798b-93cc-30f30e02ab15
2018-T.47;af18cc7a-fa8f-11e2-8e56-9f72c6160288;fa974a62-11f0-f2d3-91a0-dc71fb797380
2018-T.48;af18cc7a-fa8f-11e2-8e56-9f72c6160288;73cc4543-7876-96c0-0e13-7a2bcb5b5e54
2018-T.49;af18cc7a-fa8f-11e2-8e56-9f72c6160288;
2018-T.50;af18cc7a-fa8f-11e2-8e56-9f72c6160288;8e95d5b8-d387-ed09-8cd9-4dd061f51152
2018-T.51;af18cc7a-fa8f-11e2-8e56-9f72c6160288;4c3469df-e76a-197f-a602-97384aa8f1f9
2018-T.5(1/31);af18cc7a-fa8f-11e2-8e56-9f72c6160288;c2719fcc-732c-253f-7d59-fdecd995832d
2018-T.52;af18cc7a-fa8f-11e2-8e56-9f72c6160288;d98f7e59-ad7d-b3e1-d13e-141675a6dbb2
2018-T.53;af18cc7a-fa8f-11e2-8e56-9f72c6160288;ecaf3a40-734d-0971-49c6-1aa0a85bacee
2018-T.54;af18cc7a-fa8f-11e2-8e56-9f72c6160288;ba87c411-0f3b-5f2e-9b56-b1681f447420
2018-T.55;af18cc7a-fa8f-11e2-8e56-9f72c6160288;013507dc-453a-f5c9-52b9-da289e2667c1
2018-T.55.fol.02r;af18cc7a-fa8f-11e2-8e56-9f72c6160288;bcfaac2a-918c-653e-bb0f-856a3d188a54
2018-T.55.fol.03r;af18cc7a-fa8f-11e2-8e56-9f72c6160288;0bcbea10-989e-1358-179c-7736baea909d
2018-T.55.fol.03v;af18cc7a-fa8f-11e2-8e56-9f72c6160288;3d683a2f-8e06-0a08-3b94-31539c079a48
2018-T.55.fol.04r;af18cc7a-fa8f-11e2-8e56-9f72c6160288;943a0689-42d3-137d-3235-122267adfb61
2018-T.55.fol.05r;af18cc7a-fa8f-11e2-8e56-9f72c6160288;c7a9d3e2-8fc1-4457-8d7a-ca01e5b5040f
2018-T.55.fol.06r;af18cc7a-fa8f-11e2-8e56-9f72c6160288;8e19fdfe-64c0-ae9e-e469-868b5196b515
2018-T.55.fol.07r;af18cc7a-fa8f-11e2-8e56-9f72c6160288;8e706160-85ff-713c-3d58-bf10c9939882
2018-T.55.fol.08r;af18cc7a-fa8f-11e2-8e56-9f72c6160288;4756aec2-b8a1-a9d4-6d74-4a1fd09b9de2
2018-T.55.fol.09r;af18cc7a-fa8f-11e2-8e56-9f72c6160288;29e3d048-1dee-7dc3-8e41-22ec04cdb03e
2018-T.55.fol.10r;af18cc7a-fa8f-11e2-8e56-9f72c6160288;05476e4c-a5d3-0f16-9c00-4572b25d4152
2018-T.55.fol.10v.fol.11r;af18cc7a-fa8f-11e2-8e56-9f72c6160288;09427155-6f5f-162a-396b-79d0ad7c2fb6
2018-T.55.fol.12r;af18cc7a-fa8f-11e2-8e56-9f72c6160288;047af927-9475-2201-250d-e498bd771c75
2018-T.55.fol.13r;af18cc7a-fa8f-11e2-8e56-9f72c6160288;99107910-efc6-db5e-98b9-fdd8015a9749
2018-T.55.fol.14r;af18cc7a-fa8f-11e2-8e56-9f72c6160288;77abe2a8-f051-5fd2-f83a-cc839a776218
2018-T.55.fol.15r;af18cc7a-fa8f-11e2-8e56-9f72c6160288;bd4e4c4f-0a85-4fed-1396-9ac35c8d3cb9
2018-T.55.fol.15v.fol.16r;af18cc7a-fa8f-11e2-8e56-9f72c6160288;e068315d-d793-8b78-11fa-268f24ae16bc
2018-T.55.fol.17r;af18cc7a-fa8f-11e2-8e56-9f72c6160288;cd535f2c-0b6d-bd04-0dac-7864bb4db5c2
2018-T.55.fol.18r;af18cc7a-fa8f-11e2-8e56-9f72c6160288;1d1006b7-f3c8-f750-5526-baec9b09016a
2018-T.55.fol.19r;af18cc7a-fa8f-11e2-8e56-9f72c6160288;c677a1be-45ff-29b0-96c2-9f9dfcf63092
2018-T.55.fol.19v.fol.20r;af18cc7a-fa8f-11e2-8e56-9f72c6160288;b3c05f3e-11ee-57ac-9354-166ddedcc320
2018-T.55.fol.21r;af18cc7a-fa8f-11e2-8e56-9f72c6160288;7225bbce-963c-a9f7-8673-2eaafc7d2d8a
2018-T.55.fol.22r;af18cc7a-fa8f-11e2-8e56-9f72c6160288;cd508cc9-2755-8162-3ffb-5b1ef7cb6754
2018-T.55.fol.23r;af18cc7a-fa8f-11e2-8e56-9f72c6160288;3bdb7e2e-f77f-f44b-ceeb-8e68db70ae57
2018-T.55.fol.24r;af18cc7a-fa8f-11e2-8e56-9f72c6160288;687735bd-1d2e-d4c7-17cd-03df98ce3bfa
2018-T.55.fol.24v.fol.25r;af18cc7a-fa8f-11e2-8e56-9f72c6160288;dc71d01f-52c9-3c4e-3842-de0e7bec7b81
2018-T.55.fol.26r;af18cc7a-fa8f-11e2-8e56-9f72c6160288;dadf0203-c06a-de3e-bcbe-7dfa9b0b2291
2018-T.55.fol.27r;af18cc7a-fa8f-11e2-8e56-9f72c6160288;ca281d15-9bc2-4197-5452-f4e5ae05378e
2018-T.55.fol.28r;af18cc7a-fa8f-11e2-8e56-9f72c6160288;3b1d0612-7c61-579a-012c-317e0fd8abf1
2018-T.55.fol.29r;af18cc7a-fa8f-11e2-8e56-9f72c6160288;3f8427d7-35bf-9461-90b9-f83182b85b9e
2018-T.55.fol.30r;af18cc7a-fa8f-11e2-8e56-9f72c6160288;58f23190-7333-1e04-7803-5413c2639871
2018-T.55.fol.31r;af18cc7a-fa8f-11e2-8e56-9f72c6160288;fbae2503-1b1a-3164-96cd-9e1e81e6b39d
2018-T.55.fol.32r;af18cc7a-fa8f-11e2-8e56-9f72c6160288;e4e4a6c8-89c2-d137-ed67-8f1321efa03d
2018-T.55.fol.33r;af18cc7a-fa8f-11e2-8e56-9f72c6160288;72d5c708-eb06-0d0b-313e-395387225da6
2018-T.55.fol.34r;af18cc7a-fa8f-11e2-8e56-9f72c6160288;cbb46b95-d5e7-2c64-5fed-45022cac9703
2018-T.55.fol.35r;af18cc7a-fa8f-11e2-8e56-9f72c6160288;0b777275-f04e-7c0b-ffa9-cd116f6cfda2
2018-T.55.fol.36r;af18cc7a-fa8f-11e2-8e56-9f72c6160288;97858f96-b0d7-1127-1e9e-68d48b6cfa69
2018-T.55.fol.37r;af18cc7a-fa8f-11e2-8e56-9f72c6160288;7316b118-a844-1259-6a9e-6d54407090d0
2018-T.55.fol.38r;af18cc7a-fa8f-11e2-8e56-9f72c6160288;aa1e4089-94de-a59f-d3bd-128a656c72a3
2018-T.55.fol.39r;af18cc7a-fa8f-11e2-8e56-9f72c6160288;eebc1595-528f-3900-4999-d22f3cbef0a2
2018-T.55.fol.40r;af18cc7a-fa8f-11e2-8e56-9f72c6160288;92368a8c-40bc-b8f0-9d2c-afba560d000b
2018-T.55.fol.41r;af18cc7a-fa8f-11e2-8e56-9f72c6160288;1f3dedfb-9394-764b-dc1d-dce0d7196ef7
2018-T.55.fol.42r;af18cc7a-fa8f-11e2-8e56-9f72c6160288;894d1b4b-a960-00ad-a51c-a63965ac96ad
2018-T.56;af18cc7a-fa8f-11e2-8e56-9f72c6160288;7de30ebe-53d7-e69a-8c7c-f0bbf2713add
2018-T.56.fol.01r;af18cc7a-fa8f-11e2-8e56-9f72c6160288;39be2446-a7e9-80cd-e72b-8e1bab142267
2018-T.56.fol.01v;af18cc7a-fa8f-11e2-8e56-9f72c6160288;bc23c58a-d6e4-8224-abfc-bddc39b41f9b
2018-T.56.fol.02r;af18cc7a-fa8f-11e2-8e56-9f72c6160288;bc23c58a-d6e4-8224-abfc-bddc39b41f9b
2018-T.56.fol.02v;af18cc7a-fa8f-11e2-8e56-9f72c6160288;ef8cd397-22c5-b1d0-8434-cdbd61bce0ec
2018-T.56.fol.03r;af18cc7a-fa8f-11e2-8e56-9f72c6160288;ef8cd397-22c5-b1d0-8434-cdbd61bce0ec
2018-T.56.fol.03v;af18cc7a-fa8f-11e2-8e56-9f72c6160288;fe5885fa-86c7-29a7-d1a7-f7c5d398dfc1
2018-T.56.fol.04r;af18cc7a-fa8f-11e2-8e56-9f72c6160288;fe5885fa-86c7-29a7-d1a7-f7c5d398dfc1
2018-T.56.fol.04v;af18cc7a-fa8f-11e2-8e56-9f72c6160288;caf6f574-1dfb-9abd-73cb-140133723be5
2018-T.56.fol.05r;af18cc7a-fa8f-11e2-8e56-9f72c6160288;caf6f574-1dfb-9abd-73cb-140133723be5
2018-T.56.fol.06r;af18cc7a-fa8f-11e2-8e56-9f72c6160288;75cecdfe-92ec-53b9-306b-c57f43ccf35f
2018-T.56.fol.07r;af18cc7a-fa8f-11e2-8e56-9f72c6160288;e8e7bd07-a373-cf86-c148-ee422046e13e
2018-T.56.fol.08r;af18cc7a-fa8f-11e2-8e56-9f72c6160288;19577c07-aa11-1745-90a7-e95f8ffef814
2018-T.56.fol.09r;af18cc7a-fa8f-11e2-8e56-9f72c6160288;11033bb9-b48f-aa6d-331b-4d2b658839ef
2018-T.56.fol.09v;af18cc7a-fa8f-11e2-8e56-9f72c6160288;2ac90160-03bc-e668-4299-17a73e76966d
2018-T.56.fol.10r;af18cc7a-fa8f-11e2-8e56-9f72c6160288;2ac90160-03bc-e668-4299-17a73e76966d
2018-T.56.fol.10v;af18cc7a-fa8f-11e2-8e56-9f72c6160288;640050ff-95b8-30d6-041d-a3fe692ba37e
2018-T.56.fol.11r;af18cc7a-fa8f-11e2-8e56-9f72c6160288;640050ff-95b8-30d6-041d-a3fe692ba37e
2018-T.56.fol.11v;af18cc7a-fa8f-11e2-8e56-9f72c6160288;327a2a20-b810-a012-9878-a3658fa529c2
2018-T.56.fol.12r;af18cc7a-fa8f-11e2-8e56-9f72c6160288;327a2a20-b810-a012-9878-a3658fa529c2
2018-T.56.fol.12v;af18cc7a-fa8f-11e2-8e56-9f72c6160288;3fe9717e-d587-4dca-faf1-8e652270d415
2018-T.56.fol.13r;af18cc7a-fa8f-11e2-8e56-9f72c6160288;3fe9717e-d587-4dca-faf1-8e652270d415
2018-T.56.fol.14r;af18cc7a-fa8f-11e2-8e56-9f72c6160288;bd05bc4a-f333-01ba-cf6d-655754d27d08
2018-T.56.fol.14v;af18cc7a-fa8f-11e2-8e56-9f72c6160288;c6ccb7da-abe1-f891-5b38-c51cd4dd82e5
2018-T.56.fol.15r;af18cc7a-fa8f-11e2-8e56-9f72c6160288;c6ccb7da-abe1-f891-5b38-c51cd4dd82e5
2018-T.56.fol.16r;af18cc7a-fa8f-11e2-8e56-9f72c6160288;5e4e96da-5f90-02e7-93df-3226d042b4a0
2018-T.56.fol.16v;af18cc7a-fa8f-11e2-8e56-9f72c6160288;4f0b4198-391a-fad8-d4cb-dcdcb4d9658f
2018-T.56.fol.17r;af18cc7a-fa8f-11e2-8e56-9f72c6160288;4f0b4198-391a-fad8-d4cb-dcdcb4d9658f
2018-T.56.fol.18r;af18cc7a-fa8f-11e2-8e56-9f72c6160288;b4bf7da3-1656-e67d-47e4-33abefc4fe52
2018-T.56.fol.19r;af18cc7a-fa8f-11e2-8e56-9f72c6160288;4ed05908-e620-a74b-7dd5-3f1eeaa67d1c
2018-T.56.fol.20r;af18cc7a-fa8f-11e2-8e56-9f72c6160288;937a7d33-7f85-764f-fafd-a9fa62695a2e
2018-T.56.fol.21r;af18cc7a-fa8f-11e2-8e56-9f72c6160288;ab9c8ce4-3f45-c1c6-599c-078d84f364d9
2018-T.56.fol.22r;af18cc7a-fa8f-11e2-8e56-9f72c6160288;0a92f73b-b70d-8d1f-3960-5b9c1ae967f3
2018-T.56.fol.23r;af18cc7a-fa8f-11e2-8e56-9f72c6160288;4b23dda0-b0db-2f02-02d7-d5d01ef386e6
2018-T.56.fol.24r;af18cc7a-fa8f-11e2-8e56-9f72c6160288;326ce011-9bc1-9283-00b6-cb4d7558c7d1
2018-T.56.fol.24v;af18cc7a-fa8f-11e2-8e56-9f72c6160288;d40563ab-d20a-18c0-afdf-9863ebc6e332
2018-T.56.fol.25r;af18cc7a-fa8f-11e2-8e56-9f72c6160288;d40563ab-d20a-18c0-afdf-9863ebc6e332
2018-T.56.fol.26r;af18cc7a-fa8f-11e2-8e56-9f72c6160288;3250d59e-327c-da21-b9a8-10234973bc4d
2018-T.56.fol.27r;af18cc7a-fa8f-11e2-8e56-9f72c6160288;1290bdc9-4c43-5e88-6e02-8a6df6e07797
2018-T.56.fol.28r;af18cc7a-fa8f-11e2-8e56-9f72c6160288;e417290e-671f-cf43-7591-64d51d040151
2018-T.56.fol.29r;af18cc7a-fa8f-11e2-8e56-9f72c6160288;b2a95234-18b6-9925-af7a-525c5ae5389e
2018-T.56.fol.30r;af18cc7a-fa8f-11e2-8e56-9f72c6160288;a86a0b24-8c4d-426e-be56-db541a5b2f2d
2018-T.56.fol.36r;af18cc7a-fa8f-11e2-8e56-9f72c6160288;088fc2cc-1cdb-342a-e991-2c8884b6f049
2018-T.56.fol.36v.37r;af18cc7a-fa8f-11e2-8e56-9f72c6160288;fec9fcdb-dbe2-2f11-125b-3cd16fa6fa54
2018-T.56.fol.42r;af18cc7a-fa8f-11e2-8e56-9f72c6160288;9049f769-b37a-4391-49a1-0ce64f15a987
2018-T.56.fol.55v;af18cc7a-fa8f-11e2-8e56-9f72c6160288;d7be22b0-e487-ec55-6186-6dc3f1c16209
2018-T.56.fol.56v;af18cc7a-fa8f-11e2-8e56-9f72c6160288;7d4868e4-0283-781f-2f85-5fc95091cf70
2018-T.56.fol.57r;af18cc7a-fa8f-11e2-8e56-9f72c6160288;7d4868e4-0283-781f-2f85-5fc95091cf70
2018-T.56.fol.57v;af18cc7a-fa8f-11e2-8e56-9f72c6160288;effa269a-60df-2864-ee41-230fcbc05ba8
2018-T.56.fol.58r;af18cc7a-fa8f-11e2-8e56-9f72c6160288;effa269a-60df-2864-ee41-230fcbc05ba8
2018-T.57;af18cc7a-fa8f-11e2-8e56-9f72c6160288;ee749c4c-0e6d-d7ec-c818-5ea8068d5b25
2018-T.57.fol.11r;af18cc7a-fa8f-11e2-8e56-9f72c6160288;d872ff53-aa03-7a6e-10ca-bea4afb53f40
2018-T.57.fol.12r;af18cc7a-fa8f-11e2-8e56-9f72c6160288;ed2f688d-2090-4809-6b74-e230bc5fc7ff
2018-T.57.fol.13r;af18cc7a-fa8f-11e2-8e56-9f72c6160288;4c1caa24-28f2-4e22-f19f-a32530a4d813
2018-T.57.fol.13v;af18cc7a-fa8f-11e2-8e56-9f72c6160288;9a6e9e66-6c3f-8b17-558c-3a487cd75ddb
2018-T.57.fol.14r;af18cc7a-fa8f-11e2-8e56-9f72c6160288;6f41668c-1456-feaa-a604-72fcc0344987
2018-T.57.fol.15r;af18cc7a-fa8f-11e2-8e56-9f72c6160288;9a28208c-9295-27fa-ed87-8601d4d57ca3
2018-T.57.fol.16r;af18cc7a-fa8f-11e2-8e56-9f72c6160288;e7eb5a62-c162-41d4-8393-f171f911f507
2018-T.57.fol.17r;af18cc7a-fa8f-11e2-8e56-9f72c6160288;7b396737-b48b-d715-08f9-66486c03f440
2018-T.57.fol.18r;af18cc7a-fa8f-11e2-8e56-9f72c6160288;9aa3f963-cd2e-afc1-1be7-ca019201b458
2018-T.57.fol.19r.01;af18cc7a-fa8f-11e2-8e56-9f72c6160288;b4c229fb-b88a-de22-a001-bb0d1abed5fd
2018-T.57.fol.19r.02;af18cc7a-fa8f-11e2-8e56-9f72c6160288;65ecf9e1-4e51-41f6-afcd-75f4d24e9098
2018-T.57.fol.20r.01;af18cc7a-fa8f-11e2-8e56-9f72c6160288;a5d8cb77-6366-57ea-de58-dae672ec445b
2018-T.57.fol.20r.02;af18cc7a-fa8f-11e2-8e56-9f72c6160288;c49e020a-7be5-5125-4c57-2d5753e66380
2018-T.57.fol.21r.01;af18cc7a-fa8f-11e2-8e56-9f72c6160288;c5062f27-8a5e-3a6f-d3f1-f70acfb22660
2018-T.57.fol.21r.02;af18cc7a-fa8f-11e2-8e56-9f72c6160288;4c91cfc6-1cb6-04f9-f9eb-ce7a78a3b281
2018-T.57.fol.22r.01;af18cc7a-fa8f-11e2-8e56-9f72c6160288;9cbf2c0c-dc24-9aff-510c-b2c7cb50960a
2018-T.57.fol.22r.02;af18cc7a-fa8f-11e2-8e56-9f72c6160288;91d5f23c-cb32-5f54-42f4-7d2bf3414cb6
2018-T.57.fol.23r.01;af18cc7a-fa8f-11e2-8e56-9f72c6160288;f7914c18-d1cf-337a-1895-43e57b5319cd
2018-T.57.fol.23r.02;af18cc7a-fa8f-11e2-8e56-9f72c6160288;9c7c92b4-680b-19ae-44ec-bbf907c79679
2018-T.57.fol.24r.01;af18cc7a-fa8f-11e2-8e56-9f72c6160288;ad50a6fa-f55d-e457-9ef9-fc8c597b99ff
2018-T.57.fol.24r.02;af18cc7a-fa8f-11e2-8e56-9f72c6160288;4dbdf98a-0ffd-ddb8-7775-4c57d7d63e4a
2018-T.57.fol.25r.01;af18cc7a-fa8f-11e2-8e56-9f72c6160288;f10417bb-da59-8025-a57e-9671c42695d1
2018-T.57.fol.25r.02;af18cc7a-fa8f-11e2-8e56-9f72c6160288;74890572-c8ce-4ce9-76b1-5a834e0d201c
2018-T.57.fol.26r.01;af18cc7a-fa8f-11e2-8e56-9f72c6160288;6ebee0fc-b55d-dd04-db31-926743322349
2018-T.57.fol.26r.02;af18cc7a-fa8f-11e2-8e56-9f72c6160288;aa3e5b0d-56a6-7252-0c62-39aac1667e4f
2018-T.57.fol.27r;af18cc7a-fa8f-11e2-8e56-9f72c6160288;c4cdc17d-c49c-7db8-001d-d075ef003d73
2018-T.57.fol.28r;af18cc7a-fa8f-11e2-8e56-9f72c6160288;6c9d0e89-0cfc-1f85-672a-8225de4e67e6
2018-T.57.fol.28v;af18cc7a-fa8f-11e2-8e56-9f72c6160288;c6e2dd33-3c65-60fc-573d-b8a8860e0650
2018-T.57.fol.6r;af18cc7a-fa8f-11e2-8e56-9f72c6160288;d2e85788-78d3-49ae-7ec2-79cc4d5b8308
2018-T.57.fol.7r;af18cc7a-fa8f-11e2-8e56-9f72c6160288;ae760055-2591-cacd-d654-26ef293e25bb
2018-T.57.fol.7v;af18cc7a-fa8f-11e2-8e56-9f72c6160288;e4bedad0-e93d-c06b-c9f9-a815857d5d61
2018-T.57.fol.8r;af18cc7a-fa8f-11e2-8e56-9f72c6160288;992d4db2-822e-7e0d-66fe-e5310b60d03c
2018-T.57.fol.9r;af18cc7a-fa8f-11e2-8e56-9f72c6160288;bc6ec5cc-28d3-8b0f-ebfc-32717a1d7188
2018-T.6;af18cc7a-fa8f-11e2-8e56-9f72c6160288;40beb159-5de3-357d-f9dc-de06d1edf58c
2018-T.7;af18cc7a-fa8f-11e2-8e56-9f72c6160288;a9bf8e29-f7a4-7f9b-03c5-31a877031f93
2018-T.8;af18cc7a-fa8f-11e2-8e56-9f72c6160288;f31126eb-4a10-6a98-caf7-83278cf0e18a
2018-T.9;af18cc7a-fa8f-11e2-8e56-9f72c6160288;5ed52140-0b8d-3a89-a052-a1019390e18f
2019-T.1;af18cc7a-fa8f-11e2-8e56-9f72c6160288;6ded860c-0171-b31a-e901-b7e39f74a550
2019-T.10;af18cc7a-fa8f-11e2-8e56-9f72c6160288;9d6170c1-6ecb-774a-620b-878f17184956
2019-T.100;af18cc7a-fa8f-11e2-8e56-9f72c6160288;512389d7-00dc-949c-a193-e504ac259d29
2019-T.101;af18cc7a-fa8f-11e2-8e56-9f72c6160288;30b309a0-95a6-8d75-5fbe-51cc7696727f
2019-T.102;af18cc7a-fa8f-11e2-8e56-9f72c6160288;181cec61-cd40-aaa3-591c-c04bd07a6576
2019-T.103;af18cc7a-fa8f-11e2-8e56-9f72c6160288;d7f9d320-aeaa-9181-19ee-a91366db1865
2019-T.104;af18cc7a-fa8f-11e2-8e56-9f72c6160288;6d5b8881-4105-ea1b-c96f-527c02fc72d4
2019-T.105;af18cc7a-fa8f-11e2-8e56-9f72c6160288;75e3e960-bccd-be25-bbb1-b69a96ec3c1c
2019-T.106;af18cc7a-fa8f-11e2-8e56-9f72c6160288;2d193899-5e2b-e050-6458-ee98ec895093
2019-T.107;af18cc7a-fa8f-11e2-8e56-9f72c6160288;8327c83d-4c1d-4bf8-e8cc-e585d7b5f10f
2019-T.108;af18cc7a-fa8f-11e2-8e56-9f72c6160288;4a86768b-d88a-fac5-7dbb-ada77d02c4b2
2019-T.109;af18cc7a-fa8f-11e2-8e56-9f72c6160288;1e43d5e9-2b71-3db7-d863-e9a664fa1515
2019-T.11;af18cc7a-fa8f-11e2-8e56-9f72c6160288;0edfda78-cc57-3430-2a47-3df4df440b00
2019-T.110;af18cc7a-fa8f-11e2-8e56-9f72c6160288;3aa4acee-2d65-a471-de55-4fa9c40e723b
2019-T.111;af18cc7a-fa8f-11e2-8e56-9f72c6160288;86d2cf2b-9349-4ed3-945d-285aa01811d8
2019-T.112;af18cc7a-fa8f-11e2-8e56-9f72c6160288;dfd53d7e-2a87-93f8-7074-c5840c14059a
2019-T.113;af18cc7a-fa8f-11e2-8e56-9f72c6160288;1531a8f2-5122-294b-94ce-8256ae9cceb3
2019-T.114;af18cc7a-fa8f-11e2-8e56-9f72c6160288;7f741b62-a92b-5310-7cd8-c218d16b2091
2019-T.115;af18cc7a-fa8f-11e2-8e56-9f72c6160288;c13198ff-b848-60f4-2883-246d746ada15
2019-T.116;af18cc7a-fa8f-11e2-8e56-9f72c6160288;ad6a7b9c-046b-4250-0fb4-ef2504fda52a
2019-T.117;af18cc7a-fa8f-11e2-8e56-9f72c6160288;22f42e7d-700a-bb45-524c-f041c5e8a11d
2019-T.118;af18cc7a-fa8f-11e2-8e56-9f72c6160288;09d7b321-c00b-9caa-64ae-674d9c62f02d
2019-T.12;af18cc7a-fa8f-11e2-8e56-9f72c6160288;4ab7bf7d-2612-3cc2-5b33-a31cb69a93ad
2019-T.13;af18cc7a-fa8f-11e2-8e56-9f72c6160288;b0125e3b-3c35-112a-f0ef-448256d243c5
2019-T.14;af18cc7a-fa8f-11e2-8e56-9f72c6160288;a24558fa-e833-0101-10a6-958827f79b97
2019-T.15;af18cc7a-fa8f-11e2-8e56-9f72c6160288;89d1782b-fcca-3b45-3d9a-98d74b20f342
2019-T.16;af18cc7a-fa8f-11e2-8e56-9f72c6160288;a1aca6fa-d303-afd0-67da-db01a8a66a85
2019-T.17;af18cc7a-fa8f-11e2-8e56-9f72c6160288;9323314b-132a-23e6-287f-3a182a6b65c2
2019-T.18;af18cc7a-fa8f-11e2-8e56-9f72c6160288;dcfa2581-7469-2a70-f3ad-f10394fc7e1a
2019-T.19;af18cc7a-fa8f-11e2-8e56-9f72c6160288;473c643e-3536-ce33-d9f9-9764243891ea
2019-T.2;af18cc7a-fa8f-11e2-8e56-9f72c6160288;f8990e69-c330-8ec2-6f85-934dcd8758fc
2019-T.20;af18cc7a-fa8f-11e2-8e56-9f72c6160288;47c96c7f-000f-c6d8-f75d-9eda2e44e6aa
2019-T.21;af18cc7a-fa8f-11e2-8e56-9f72c6160288;052bc95f-cd4e-76af-8a52-f894e68e7a6d
2019-T.22;af18cc7a-fa8f-11e2-8e56-9f72c6160288;2fd6b242-742e-c400-7502-b7d7d35fa7b3
2019-T.23;af18cc7a-fa8f-11e2-8e56-9f72c6160288;03ff20c7-005c-76be-013d-b744b67b5925
2019-T.24;af18cc7a-fa8f-11e2-8e56-9f72c6160288;7fb67702-250d-02db-18b6-d8edc77bf2e4
2019-T.25;af18cc7a-fa8f-11e2-8e56-9f72c6160288;9b4bfea0-e11a-c380-eb78-7c5d5133f9f4
2019-T.26;af18cc7a-fa8f-11e2-8e56-9f72c6160288;7b731183-93f3-4f59-9362-ca2ab2061fcf
2019-T.27;af18cc7a-fa8f-11e2-8e56-9f72c6160288;5b1e5825-f4a6-e00a-3415-042b96c405c7
2019-T.28;af18cc7a-fa8f-11e2-8e56-9f72c6160288;ef7c217a-4f0b-6456-255d-dc03b17f8891
2019-T.29;af18cc7a-fa8f-11e2-8e56-9f72c6160288;8f44db00-4f67-ef01-b2dd-f7fa5729199c
2019-T.3;af18cc7a-fa8f-11e2-8e56-9f72c6160288;8adb1f3b-afe9-aa43-7ce1-ecf73213bd7f
2019-T.30;af18cc7a-fa8f-11e2-8e56-9f72c6160288;9a9fc2c6-e013-cb12-666d-f35675c197a1
2019-T.31;af18cc7a-fa8f-11e2-8e56-9f72c6160288;0ae8dd9b-d53e-1080-d8c3-5bef18f0241a
2019-T.31(1);af18cc7a-fa8f-11e2-8e56-9f72c6160288;090301fb-3d3b-e306-8a8e-e43fc040abb8
2019-T.31(10);af18cc7a-fa8f-11e2-8e56-9f72c6160288;fb5c652a-98b4-256c-d3a9-25f28484b080
2019-T.31(100);af18cc7a-fa8f-11e2-8e56-9f72c6160288;ecab1f8e-1862-c46b-a6ee-3791aba096c9
2019-T.31(101);af18cc7a-fa8f-11e2-8e56-9f72c6160288;56aa5498-0cdd-b4ca-5f38-ad9c2987cace
2019-T.31(102);af18cc7a-fa8f-11e2-8e56-9f72c6160288;9b2c47fc-6320-f7c0-de52-b6098064ed4a
2019-T.31(103);af18cc7a-fa8f-11e2-8e56-9f72c6160288;802ba6f3-63b9-190b-2e2c-dc3638dfd66e
2019-T.31(104);af18cc7a-fa8f-11e2-8e56-9f72c6160288;57c14307-99a9-7567-7a7a-cf1a01ce727d
2019-T.31(105);af18cc7a-fa8f-11e2-8e56-9f72c6160288;0f8fd559-ba62-704d-56b6-c06686c2188a
2019-T.31(106);af18cc7a-fa8f-11e2-8e56-9f72c6160288;15ac451f-c16d-1481-a5e9-a78b55b0aee6
2019-T.31(107);af18cc7a-fa8f-11e2-8e56-9f72c6160288;4a1f85e8-8c73-043c-3135-abbd756608e5
2019-T.31(108);af18cc7a-fa8f-11e2-8e56-9f72c6160288;a53ee33d-4bdb-5e4b-b12c-97e862652848
2019-T.31(109);af18cc7a-fa8f-11e2-8e56-9f72c6160288;2ef60be4-5fd2-bd95-c3fd-962742248335
2019-T.31(11);af18cc7a-fa8f-11e2-8e56-9f72c6160288;00b0fa74-2590-8877-b2b9-cbf3296f4d2a
2019-T.31(110);af18cc7a-fa8f-11e2-8e56-9f72c6160288;943b30e1-8a5f-81c4-96de-123902a379bf
2019-T.31(111);af18cc7a-fa8f-11e2-8e56-9f72c6160288;1a9a563d-c1b6-e839-d85e-41efdd995d46
2019-T.31(112);af18cc7a-fa8f-11e2-8e56-9f72c6160288;6f801411-6931-80c0-512c-00564fd58f63
2019-T.31(113);af18cc7a-fa8f-11e2-8e56-9f72c6160288;43e31520-4871-de31-b760-587e1fa1bba7
2019-T.31(114);af18cc7a-fa8f-11e2-8e56-9f72c6160288;4a811f78-8005-c609-5fce-3a64178a1e3a
2019-T.31(115);af18cc7a-fa8f-11e2-8e56-9f72c6160288;c51a93ae-7ac7-03b4-7291-ced869b5ef2e
2019-T.31(116);af18cc7a-fa8f-11e2-8e56-9f72c6160288;6343133d-f514-be19-3a23-2a8a0368312f
2019-T.31(117);af18cc7a-fa8f-11e2-8e56-9f72c6160288;64cc5c2d-d10a-64f9-8cdf-16459140faea
2019-T.31(118);af18cc7a-fa8f-11e2-8e56-9f72c6160288;69c58b35-49f7-09bd-c6c8-6dfc46934ec7
2019-T.31(119);af18cc7a-fa8f-11e2-8e56-9f72c6160288;fdd781be-099c-de17-31e0-490620ab715f
2019-T.31(12);af18cc7a-fa8f-11e2-8e56-9f72c6160288;c574f313-c7c0-b6b7-b8ec-87d1906795b1
2019-T.31(120);af18cc7a-fa8f-11e2-8e56-9f72c6160288;1a175453-ceee-9ed3-db06-abbb57e51ba6
2019-T.31(121);af18cc7a-fa8f-11e2-8e56-9f72c6160288;e669322f-e5d3-0999-70a3-d890f99b404c
2019-T.31(122);af18cc7a-fa8f-11e2-8e56-9f72c6160288;50ddd5aa-3e5f-8ee7-0794-4acb5a8b42cb
2019-T.31(123);af18cc7a-fa8f-11e2-8e56-9f72c6160288;721d81f7-a200-889e-a0cc-dbc6546f963b
2019-T.31(124);af18cc7a-fa8f-11e2-8e56-9f72c6160288;b0accf64-a845-6961-0afd-43c3c0ca4701
2019-T.31(125);af18cc7a-fa8f-11e2-8e56-9f72c6160288;085d86ee-35dd-0ac7-0df7-4d1dda8cc724
2019-T.31(126);af18cc7a-fa8f-11e2-8e56-9f72c6160288;e43a24eb-37d3-d9c6-6b11-94ad82c1abb6
2019-T.31(127);af18cc7a-fa8f-11e2-8e56-9f72c6160288;8e44fa3a-79f8-7dc5-2d3a-8a9cf66e30dc
2019-T.31(128);af18cc7a-fa8f-11e2-8e56-9f72c6160288;1dcc8e8b-3453-17dd-cccb-270a2cb3c762
2019-T.31(129);af18cc7a-fa8f-11e2-8e56-9f72c6160288;ae770ec7-d56f-cdc2-0117-c0f06e7296fb
2019-T.31(13);af18cc7a-fa8f-11e2-8e56-9f72c6160288;3c4aa0af-eb9a-df2c-283c-b500c6658c13
2019-T.31(130);af18cc7a-fa8f-11e2-8e56-9f72c6160288;40d53758-2718-090a-b2db-805b13f702d3
2019-T.31(131);af18cc7a-fa8f-11e2-8e56-9f72c6160288;7bb1a395-e20e-bd6e-a9d8-96c28bef8afa
2019-T.31(132);af18cc7a-fa8f-11e2-8e56-9f72c6160288;ad22adaf-5336-42a5-d93d-895698e68160
2019-T.31(133);af18cc7a-fa8f-11e2-8e56-9f72c6160288;7a6479fa-2ab5-b655-1078-8edc3d244080
2019-T.31(134);af18cc7a-fa8f-11e2-8e56-9f72c6160288;772c5950-9d86-7d74-3e7b-51e666ba8b23
2019-T.31(135);af18cc7a-fa8f-11e2-8e56-9f72c6160288;9dc6382e-a070-9db8-9069-6ca3f5b26c6a
2019-T.31(136);af18cc7a-fa8f-11e2-8e56-9f72c6160288;441c34cc-ad71-d54a-294a-86b28d7065f4
2019-T.31(137);af18cc7a-fa8f-11e2-8e56-9f72c6160288;c7531e24-ed33-3667-1bc1-1c4a95ba7b3c
2019-T.31(138);af18cc7a-fa8f-11e2-8e56-9f72c6160288;357d6d72-c0bc-ecd7-5bc5-400c46e28892
2019-T.31(139);af18cc7a-fa8f-11e2-8e56-9f72c6160288;397fad1a-de79-990b-b4c3-5fd5567094ff
2019-T.31(14);af18cc7a-fa8f-11e2-8e56-9f72c6160288;d451ed94-3191-7abf-9d13-eaa8064d3ea4
2019-T.31(140);af18cc7a-fa8f-11e2-8e56-9f72c6160288;1af3fb63-2fdf-fd51-7ab4-599eb8808cd3
2019-T.31(141);af18cc7a-fa8f-11e2-8e56-9f72c6160288;e4736732-4884-4814-c2de-2291c5d6812f
2019-T.31(142);af18cc7a-fa8f-11e2-8e56-9f72c6160288;e269b370-4542-4cb6-c1d2-d88e890c36ed
2019-T.31(143);af18cc7a-fa8f-11e2-8e56-9f72c6160288;daff0dd8-a150-194a-a980-f7ff36e01d2b
2019-T.31(144);af18cc7a-fa8f-11e2-8e56-9f72c6160288;2386a7da-b031-6649-b55c-2cc0a65b9123
2019-T.31(145);af18cc7a-fa8f-11e2-8e56-9f72c6160288;64630063-6d44-e637-ead3-a49312083066
2019-T.31(146);af18cc7a-fa8f-11e2-8e56-9f72c6160288;873aa209-8bf1-28af-168a-c995680aba57
2019-T.31(147);af18cc7a-fa8f-11e2-8e56-9f72c6160288;acf80e75-eee5-f8b7-bff0-c63b86c6482e
2019-T.31(148);af18cc7a-fa8f-11e2-8e56-9f72c6160288;c177cbeb-52b9-f016-3862-6476e21d1b67
2019-T.31(149);af18cc7a-fa8f-11e2-8e56-9f72c6160288;b8dafc2b-0573-1c79-8623-40f09540f78f
2019-T.31(15);af18cc7a-fa8f-11e2-8e56-9f72c6160288;fa8d7784-064b-3bb1-5c56-9fd75a59cf81
2019-T.31(150);af18cc7a-fa8f-11e2-8e56-9f72c6160288;ad2db842-6af9-aa5c-36bd-e2388fd5a360
2019-T.31(151);af18cc7a-fa8f-11e2-8e56-9f72c6160288;a6c997f6-76c2-7ce3-380c-96569eb36c15
2019-T.31(152);af18cc7a-fa8f-11e2-8e56-9f72c6160288;09eab09e-8776-da86-142c-3cf228b12b05
2019-T.31(153);af18cc7a-fa8f-11e2-8e56-9f72c6160288;b7329ce2-8a6f-c388-8750-5d9af73c9296
2019-T.31(154);af18cc7a-fa8f-11e2-8e56-9f72c6160288;a564698a-c8dd-fa84-fb10-2850dc281d96
2019-T.31(155);af18cc7a-fa8f-11e2-8e56-9f72c6160288;2aac908c-2ef4-2b34-cf8d-1cb280ec9f99
2019-T.31(156);af18cc7a-fa8f-11e2-8e56-9f72c6160288;26a3758d-d83c-cdfa-6440-ad4c2a7a413f
2019-T.31(157);af18cc7a-fa8f-11e2-8e56-9f72c6160288;90b8c61e-e351-c667-09b7-8965fc853911
2019-T.31(158);af18cc7a-fa8f-11e2-8e56-9f72c6160288;834f7cef-2d82-0642-ba83-dd1b08109706
2019-T.31(159);af18cc7a-fa8f-11e2-8e56-9f72c6160288;7339a3dc-e878-444a-5c8c-4f4388d4bf1a
2019-T.31(16);af18cc7a-fa8f-11e2-8e56-9f72c6160288;46181547-8b3a-db5e-0bd5-f9eff4010863
2019-T.31(160);af18cc7a-fa8f-11e2-8e56-9f72c6160288;3d4a7082-a10b-82eb-4593-b23fc99f2cee
2019-T.31(161);af18cc7a-fa8f-11e2-8e56-9f72c6160288;40475379-58a5-7029-79b6-7ab380851f9a
2019-T.31(162);af18cc7a-fa8f-11e2-8e56-9f72c6160288;f49df3f2-a62f-d203-0202-109d0a2ea1c5
2019-T.31(163);af18cc7a-fa8f-11e2-8e56-9f72c6160288;0b39e500-a46e-e9fe-46d1-3f559d0aab3f
2019-T.31(164);af18cc7a-fa8f-11e2-8e56-9f72c6160288;d0244f1f-bda9-f192-08cc-74ebc837fc04
2019-T.31(165);af18cc7a-fa8f-11e2-8e56-9f72c6160288;7732f3aa-aa6e-1c5c-1908-cd83f576475e
2019-T.31(166);af18cc7a-fa8f-11e2-8e56-9f72c6160288;8a1bcab9-ab75-0b00-8ea8-a340f6e218e0
2019-T.31(167);af18cc7a-fa8f-11e2-8e56-9f72c6160288;8ac5f907-c779-9a11-e51f-c7d23d3d371c
2019-T.31(168);af18cc7a-fa8f-11e2-8e56-9f72c6160288;f9e4e073-aadf-9eeb-1a3f-a9704d0365db
2019-T.31(169);af18cc7a-fa8f-11e2-8e56-9f72c6160288;3ba514a7-4195-eac1-723f-23c7263e7e3f
2019-T.31(17);af18cc7a-fa8f-11e2-8e56-9f72c6160288;324961e3-eeac-5e9a-35a8-411da5d2d6b3
2019-T.31(170);af18cc7a-fa8f-11e2-8e56-9f72c6160288;81b320f9-9426-968e-669a-568eadcf6c5e
2019-T.31(171);af18cc7a-fa8f-11e2-8e56-9f72c6160288;7dc21813-b82d-bd09-05d9-743b62d233ea
2019-T.31(172);af18cc7a-fa8f-11e2-8e56-9f72c6160288;e4a1c173-1199-0e3c-12ad-a02164a99961
2019-T.31(173);af18cc7a-fa8f-11e2-8e56-9f72c6160288;00e0465f-0e7e-9d10-4831-3d3a898c4136
2019-T.31(174);af18cc7a-fa8f-11e2-8e56-9f72c6160288;75ec0bcc-ee77-5b5b-fd2b-5d81de3516dc
2019-T.31(175);af18cc7a-fa8f-11e2-8e56-9f72c6160288;cd2547c0-db7e-7367-21af-f84a345d2106
2019-T.31(176);af18cc7a-fa8f-11e2-8e56-9f72c6160288;a106405a-c723-a02e-a62e-e6d2949f779a
2019-T.31(177);af18cc7a-fa8f-11e2-8e56-9f72c6160288;2fc8b73d-5f26-2e93-647e-44879cf0880c
2019-T.31(178);af18cc7a-fa8f-11e2-8e56-9f72c6160288;88be382b-3b2e-2fd8-385d-6a7de453f1b0
2019-T.31(179);af18cc7a-fa8f-11e2-8e56-9f72c6160288;14fee401-d304-9d4d-6427-049d6e8b285f
2019-T.31(18);af18cc7a-fa8f-11e2-8e56-9f72c6160288;4347b1e1-8ea0-21ca-c3ee-38fbfca76881
2019-T.31(180);af18cc7a-fa8f-11e2-8e56-9f72c6160288;73466f32-d090-dc32-d7e9-468f643ba8ab
2019-T.31(181);af18cc7a-fa8f-11e2-8e56-9f72c6160288;70945390-cf51-6d74-4eee-19f53a383a65
2019-T.31(182);af18cc7a-fa8f-11e2-8e56-9f72c6160288;26dabad4-e191-7fe0-b04e-6cb88a7a5649
2019-T.31(183);af18cc7a-fa8f-11e2-8e56-9f72c6160288;1d06c7a1-e373-062d-22ec-94da1e698d21
2019-T.31(184);af18cc7a-fa8f-11e2-8e56-9f72c6160288;0809338d-953c-1b58-6860-27d4ead1d0d1
2019-T.31(185);af18cc7a-fa8f-11e2-8e56-9f72c6160288;e637db99-f5e5-3172-20c9-c1ab22fec569
2019-T.31(186);af18cc7a-fa8f-11e2-8e56-9f72c6160288;12f32f76-aff8-b196-7dab-89d10244f369
2019-T.31(187);af18cc7a-fa8f-11e2-8e56-9f72c6160288;f53de660-d41a-9ef9-d989-39a5eb546a4a
2019-T.31(188);af18cc7a-fa8f-11e2-8e56-9f72c6160288;6423092b-9cac-8336-7f0d-905a6a34ffcd
2019-T.31(189);af18cc7a-fa8f-11e2-8e56-9f72c6160288;bbc9989f-6b25-62bb-2886-5e9d02295b8e
2019-T.31(19);af18cc7a-fa8f-11e2-8e56-9f72c6160288;78bdad44-56a5-ab4e-0abf-35080436b86b
2019-T.31(190);af18cc7a-fa8f-11e2-8e56-9f72c6160288;ac8cb21f-22c6-6333-c032-fa5a5925d6f2
2019-T.31(191);af18cc7a-fa8f-11e2-8e56-9f72c6160288;6bc45131-db58-358f-5fd5-d3c1941165db
2019-T.31(192);af18cc7a-fa8f-11e2-8e56-9f72c6160288;e938c423-ed3a-af60-0731-9ef89c475084
2019-T.31(193);af18cc7a-fa8f-11e2-8e56-9f72c6160288;9804b1a3-6bb6-b338-0e8f-6660bfa9e393
2019-T.31(194);af18cc7a-fa8f-11e2-8e56-9f72c6160288;550fa5c2-1db2-6907-0369-d9e256c74cf1
2019-T.31(195);af18cc7a-fa8f-11e2-8e56-9f72c6160288;bfdc3402-80a9-dbd9-ef9c-d89a812f7fb5
2019-T.31(196);af18cc7a-fa8f-11e2-8e56-9f72c6160288;c4cab5fd-c6c6-e92e-4426-4783de1e3757
2019-T.31(197);af18cc7a-fa8f-11e2-8e56-9f72c6160288;3f9f0646-ae0d-faa6-06aa-d5cbe198955c
2019-T.31(198);af18cc7a-fa8f-11e2-8e56-9f72c6160288;b5c0a505-2736-bc3c-14b3-22439f95064d
2019-T.31(199);af18cc7a-fa8f-11e2-8e56-9f72c6160288;80d1da6c-91bc-9f61-b776-5f04236889c6
2019-T.31(2);af18cc7a-fa8f-11e2-8e56-9f72c6160288;032aea02-14d9-8d79-1780-205ec1e95ad8
2019-T.31(20);af18cc7a-fa8f-11e2-8e56-9f72c6160288;4126ee5f-0d44-4ad4-e808-3f4f2798caa5
2019-T.31(200);af18cc7a-fa8f-11e2-8e56-9f72c6160288;aa926298-e46f-237e-6bdd-8eccdeda6356
2019-T.31(201);af18cc7a-fa8f-11e2-8e56-9f72c6160288;dfdbbaef-cb43-2662-c581-1b1014b83af4
2019-T.31(202);af18cc7a-fa8f-11e2-8e56-9f72c6160288;ae07c5aa-add4-3ae6-6fb0-4f3e6d105a43
2019-T.31(203);af18cc7a-fa8f-11e2-8e56-9f72c6160288;ce0c271c-25b4-9d72-63ad-b552e8220eea
2019-T.31(204);af18cc7a-fa8f-11e2-8e56-9f72c6160288;87e889b2-464e-eac2-d9fb-93d9678fe910
2019-T.31(205);af18cc7a-fa8f-11e2-8e56-9f72c6160288;fff039e7-a105-95f7-05bf-a87e9a8a8d34
2019-T.31(206);af18cc7a-fa8f-11e2-8e56-9f72c6160288;829f0265-67da-156b-bb85-834ea2084de1
2019-T.31(207);af18cc7a-fa8f-11e2-8e56-9f72c6160288;9218e215-4418-b146-0d77-8e5e176f98be
2019-T.31(208);af18cc7a-fa8f-11e2-8e56-9f72c6160288;66edcbe3-bd67-09da-ee10-d41a4ce422a6
2019-T.31(209);af18cc7a-fa8f-11e2-8e56-9f72c6160288;38ade7e0-19ad-0e5e-7812-3089dfdb0b63
2019-T.31(21);af18cc7a-fa8f-11e2-8e56-9f72c6160288;88c32987-93b4-1756-ab27-27fcf38a351d
2019-T.31(210);af18cc7a-fa8f-11e2-8e56-9f72c6160288;8b6f444f-dbd8-9182-dfe5-49eff2d129db
2019-T.31(211);af18cc7a-fa8f-11e2-8e56-9f72c6160288;178ceafb-901c-1bbf-21af-035ed1bd1573
2019-T.31(212);af18cc7a-fa8f-11e2-8e56-9f72c6160288;8ef09a40-2330-8efa-f284-0cfc4899c210
2019-T.31(213);af18cc7a-fa8f-11e2-8e56-9f72c6160288;12f261b5-2fcd-a0b9-5109-bc5025d859af
2019-T.31(214);af18cc7a-fa8f-11e2-8e56-9f72c6160288;6ce293ac-f215-c5d7-571a-76d9b26939fc
2019-T.31(215);af18cc7a-fa8f-11e2-8e56-9f72c6160288;5d7d92e5-3b83-cbe8-3bb8-7deef8df189c
2019-T.31(216);af18cc7a-fa8f-11e2-8e56-9f72c6160288;c4232641-65e4-e78c-1ccc-4ed8c551e393
2019-T.31(217);af18cc7a-fa8f-11e2-8e56-9f72c6160288;28b6f9eb-7cc9-a068-7031-3a6449c3805c
2019-T.31(218);af18cc7a-fa8f-11e2-8e56-9f72c6160288;de5898c0-fd35-3c99-b7cc-58b2ed579ee3
2019-T.31(219);af18cc7a-fa8f-11e2-8e56-9f72c6160288;87b5e34f-cd62-8a49-32b4-a4bcb3797d04
2019-T.31(22);af18cc7a-fa8f-11e2-8e56-9f72c6160288;0d9b8205-4faf-d255-6f98-25e1d4e911a5
2019-T.31(220);af18cc7a-fa8f-11e2-8e56-9f72c6160288;ae39c548-30ba-730a-38ce-2f1f23477f59
2019-T.31(221);af18cc7a-fa8f-11e2-8e56-9f72c6160288;01f64d0f-1810-cd63-f8f4-63fdd3c07019
2019-T.31(222);af18cc7a-fa8f-11e2-8e56-9f72c6160288;f72c42df-821e-6a33-ad8d-59e06b2baf06
2019-T.31(223);af18cc7a-fa8f-11e2-8e56-9f72c6160288;e4a0cb73-e8cc-138c-a7b8-97467f7684d8
2019-T.31(224);af18cc7a-fa8f-11e2-8e56-9f72c6160288;c96f0136-39bb-3dd4-c383-4fc5bb5cdb37
2019-T.31(225);af18cc7a-fa8f-11e2-8e56-9f72c6160288;5caf599e-b9c3-547a-7f6a-c9c7dfce52a3
2019-T.31(226);af18cc7a-fa8f-11e2-8e56-9f72c6160288;985e479c-5200-6a72-e86c-f8a2bcc2dee5
2019-T.31(227);af18cc7a-fa8f-11e2-8e56-9f72c6160288;bfa48cb2-de0f-b1a7-7ee9-af300e266204
2019-T.31(228);af18cc7a-fa8f-11e2-8e56-9f72c6160288;2216cfaf-4bb5-0520-3344-20c2b11fddcb
2019-T.31(229);af18cc7a-fa8f-11e2-8e56-9f72c6160288;ba930df4-4c19-65cd-4abe-064b972bc1ba
2019-T.31(23);af18cc7a-fa8f-11e2-8e56-9f72c6160288;9a2dc253-bbbd-e475-f9a9-940972b2791a
2019-T.31(230);af18cc7a-fa8f-11e2-8e56-9f72c6160288;673172a8-268e-84f8-76d9-643a1c1e758b
2019-T.31(231);af18cc7a-fa8f-11e2-8e56-9f72c6160288;f7d9ffb1-2034-e859-c391-8776d5d4fa62
2019-T.31(232);af18cc7a-fa8f-11e2-8e56-9f72c6160288;c1445759-2981-2d47-9b64-c18dcf9848af
2019-T.31(233);af18cc7a-fa8f-11e2-8e56-9f72c6160288;7b3f5bb5-79c4-fc76-4706-13f7f75f7ad8
2019-T.31(234);af18cc7a-fa8f-11e2-8e56-9f72c6160288;fcab4b07-c320-0c63-fdb3-8251e0ee92d6
2019-T.31(235);af18cc7a-fa8f-11e2-8e56-9f72c6160288;93c3117a-5b18-a05f-dccf-22e73ba0bde4
2019-T.31(236);af18cc7a-fa8f-11e2-8e56-9f72c6160288;d004dc84-0a32-7b75-e837-1dea1b93b3ae
2019-T.31(237);af18cc7a-fa8f-11e2-8e56-9f72c6160288;f39afbdd-ada8-228c-ef17-ea05ddf3934f
2019-T.31(238);af18cc7a-fa8f-11e2-8e56-9f72c6160288;0ce0cbfd-b621-15ad-dd5e-b166f464a1cc
2019-T.31(239);af18cc7a-fa8f-11e2-8e56-9f72c6160288;dfdf9875-5dd4-dc70-a244-a9d320e05997
2019-T.31(24);af18cc7a-fa8f-11e2-8e56-9f72c6160288;6a268811-3fdf-d696-29ee-e9a6305bd6e2
2019-T.31(240);af18cc7a-fa8f-11e2-8e56-9f72c6160288;1b087b26-9b98-954b-7d0f-73937f9298c7
2019-T.31(241);af18cc7a-fa8f-11e2-8e56-9f72c6160288;b9e14113-30fe-2cc4-3160-f90b90747d9b
2019-T.31(242);af18cc7a-fa8f-11e2-8e56-9f72c6160288;f0e50612-7afe-628d-2758-3dd000d62e9e
2019-T.31(243);af18cc7a-fa8f-11e2-8e56-9f72c6160288;94b9f01e-aee2-1531-f9d7-4f3e2a42196d
2019-T.31(244);af18cc7a-fa8f-11e2-8e56-9f72c6160288;030755fd-a6d6-e65d-86de-8d903a20248f
2019-T.31(245);af18cc7a-fa8f-11e2-8e56-9f72c6160288;89fca7b8-063f-a040-377e-baf89ab16bf7
2019-T.31(246);af18cc7a-fa8f-11e2-8e56-9f72c6160288;a02717fe-774b-6220-8262-295c65ac5709
2019-T.31(247);af18cc7a-fa8f-11e2-8e56-9f72c6160288;7f6c6895-f992-00d3-5c94-c3c7946a0467
2019-T.31(248);af18cc7a-fa8f-11e2-8e56-9f72c6160288;d98846ab-7ac1-a57b-7b3e-6ae356486170
2019-T.31(249);af18cc7a-fa8f-11e2-8e56-9f72c6160288;555dabf1-463f-d131-659c-6e50eb521818
2019-T.31(25);af18cc7a-fa8f-11e2-8e56-9f72c6160288;875f2710-ed9f-20c5-84ed-5b147fd2ce49
2019-T.31(250);af18cc7a-fa8f-11e2-8e56-9f72c6160288;a23b7509-032e-ac08-1b1a-13fbb6a2999b
2019-T.31(251);af18cc7a-fa8f-11e2-8e56-9f72c6160288;9038c762-d5ec-5b43-9288-5f6e63170c10
2019-T.31(252);af18cc7a-fa8f-11e2-8e56-9f72c6160288;07009052-53c4-97a8-3566-f7f2359184c7
2019-T.31(253);af18cc7a-fa8f-11e2-8e56-9f72c6160288;ec5bf3b1-5cb2-0a9d-ac2f-dcdee50e7c26
2019-T.31(254);af18cc7a-fa8f-11e2-8e56-9f72c6160288;77d4ba66-07e2-4de0-cfa8-bc7e968f2064
2019-T.31(255);af18cc7a-fa8f-11e2-8e56-9f72c6160288;a6c458fb-8672-5660-610a-f9a0477e1793
2019-T.31(256);af18cc7a-fa8f-11e2-8e56-9f72c6160288;fe1af125-2477-72ab-1aba-2b7a4d7b6dd7
2019-T.31(257);af18cc7a-fa8f-11e2-8e56-9f72c6160288;1c4236a1-1245-c22c-a1b4-80ac0f71cf42
2019-T.31(258);af18cc7a-fa8f-11e2-8e56-9f72c6160288;efb2e646-1ac4-dabe-d689-6bf65e4c8707
2019-T.31(259);af18cc7a-fa8f-11e2-8e56-9f72c6160288;4b12ad89-f9e9-b7a0-f482-db60e9c88ffb
2019-T.31(26);af18cc7a-fa8f-11e2-8e56-9f72c6160288;bf87457c-fdb7-b925-4960-618e5336ed0f
2019-T.31(260);af18cc7a-fa8f-11e2-8e56-9f72c6160288;515f1397-86e3-3a9e-69f6-7d839ae300b9
2019-T.31(261);af18cc7a-fa8f-11e2-8e56-9f72c6160288;8d5b7528-f979-c018-b476-f69aed1ba165
2019-T.31(262);af18cc7a-fa8f-11e2-8e56-9f72c6160288;c52726e8-1399-24c1-420c-eb4ad7c3f860
2019-T.31(263);af18cc7a-fa8f-11e2-8e56-9f72c6160288;86b78d78-7ab1-0334-f1d1-62483c217c75
2019-T.31(264);af18cc7a-fa8f-11e2-8e56-9f72c6160288;0b5d7b15-44e7-8122-b034-60bda6792425
2019-T.31(265);af18cc7a-fa8f-11e2-8e56-9f72c6160288;3f990dcc-4129-d12a-512e-b1c99dcddd5c
2019-T.31(266);af18cc7a-fa8f-11e2-8e56-9f72c6160288;cc690109-63a4-6a5e-ff68-6e8b202a1262
2019-T.31(267);af18cc7a-fa8f-11e2-8e56-9f72c6160288;66deedf0-ece1-0894-7d5c-6a83ad7ebdef
2019-T.31(268);af18cc7a-fa8f-11e2-8e56-9f72c6160288;36e23a77-3814-4768-73e6-babd905b606e
2019-T.31(269);af18cc7a-fa8f-11e2-8e56-9f72c6160288;2545089f-2e36-d983-3ac2-ddf56d464f32
2019-T.31(27);af18cc7a-fa8f-11e2-8e56-9f72c6160288;a74208ac-6cb5-a3ef-d1de-5ad3fd8e4a74
2019-T.31(28);af18cc7a-fa8f-11e2-8e56-9f72c6160288;b1598532-a0c3-920b-7aaf-427a2473a8bc
2019-T.31(29);af18cc7a-fa8f-11e2-8e56-9f72c6160288;febe1f61-b133-a6aa-8d3d-6c0b833d71fd
2019-T.31(3);af18cc7a-fa8f-11e2-8e56-9f72c6160288;29391665-936c-c21d-8598-e5c79e3f2cb1
2019-T.31(30);af18cc7a-fa8f-11e2-8e56-9f72c6160288;6c1aa8fc-385c-9974-1a7f-799d1850f81c
2019-T.31(31);af18cc7a-fa8f-11e2-8e56-9f72c6160288;9c44e00f-c2ad-b78c-58b1-afa27ec6e2ba
2019-T.31(32);af18cc7a-fa8f-11e2-8e56-9f72c6160288;54b4e1d4-35ad-41c1-1ba3-c422205d863a
2019-T.31(33);af18cc7a-fa8f-11e2-8e56-9f72c6160288;f3da2ed0-1608-e63c-d446-e8f907c95278
2019-T.31(34);af18cc7a-fa8f-11e2-8e56-9f72c6160288;9c6a9acc-5ac3-8656-321b-be1cb9487c06
2019-T.31(35);af18cc7a-fa8f-11e2-8e56-9f72c6160288;41e52d5a-832a-b830-64b9-31bd123cc67a
2019-T.31(36);af18cc7a-fa8f-11e2-8e56-9f72c6160288;7912f686-1e4e-b323-a9a4-f303f3714868
2019-T.31(37);af18cc7a-fa8f-11e2-8e56-9f72c6160288;99b5477c-6dc1-5c99-0b4c-5f0630b20ff6
2019-T.31(38);af18cc7a-fa8f-11e2-8e56-9f72c6160288;db1bb607-5cc5-a38e-46ca-35b3eb83dec5
2019-T.31(39);af18cc7a-fa8f-11e2-8e56-9f72c6160288;b71cdabb-bde6-fd40-a228-fe715c939a1a
2019-T.31(4);af18cc7a-fa8f-11e2-8e56-9f72c6160288;8e4f9b37-831e-6237-e8bd-ee540c02076c
2019-T.31(40);af18cc7a-fa8f-11e2-8e56-9f72c6160288;b9372e90-e80e-5a6a-4164-12ffb964bcb1
2019-T.31(41);af18cc7a-fa8f-11e2-8e56-9f72c6160288;2ea9a70f-4404-613b-9cf1-1a737513b251
2019-T.31(42);af18cc7a-fa8f-11e2-8e56-9f72c6160288;93a3e739-00f9-a682-f9f7-55d6c73b5e1a
2019-T.31(43);af18cc7a-fa8f-11e2-8e56-9f72c6160288;fe313810-26ba-b667-c3f0-e446575f91c2
2019-T.31(44);af18cc7a-fa8f-11e2-8e56-9f72c6160288;8daf870f-c0f3-d145-22ce-ef6401a7ef94
2019-T.31(45);af18cc7a-fa8f-11e2-8e56-9f72c6160288;904ded3d-7c57-9e9a-3fdb-1088025b283a
2019-T.31(46);af18cc7a-fa8f-11e2-8e56-9f72c6160288;032b9dd5-a42e-4c43-7762-c88ea34ef752
2019-T.31(47);af18cc7a-fa8f-11e2-8e56-9f72c6160288;d6e408de-8f03-c547-7cdf-4e39a960143d
2019-T.31(48);af18cc7a-fa8f-11e2-8e56-9f72c6160288;bd5e7e7f-7ea2-b660-3609-e407ace493cf
2019-T.31(49);af18cc7a-fa8f-11e2-8e56-9f72c6160288;66ae558e-0913-a357-bd3f-3edc4031adab
2019-T.31(5);af18cc7a-fa8f-11e2-8e56-9f72c6160288;907ad6c6-e379-4ca4-cb42-e706fdb09655
2019-T.31(50);af18cc7a-fa8f-11e2-8e56-9f72c6160288;dc8936b2-3cc1-0907-e955-176dd7fef803
2019-T.31(51);af18cc7a-fa8f-11e2-8e56-9f72c6160288;76610670-fc0c-5159-e96e-200240bafd84
2019-T.31(52);af18cc7a-fa8f-11e2-8e56-9f72c6160288;218e201b-c4b8-853a-893b-e86f253d71d9
2019-T.31(53);af18cc7a-fa8f-11e2-8e56-9f72c6160288;e6935e23-58f6-eb25-4318-bd3234389a4c
2019-T.31(54);af18cc7a-fa8f-11e2-8e56-9f72c6160288;7314d236-8792-e588-5e61-e7044f801830
2019-T.31(55);af18cc7a-fa8f-11e2-8e56-9f72c6160288;cd388255-c2d9-7739-51ce-1bde268fd8c1
2019-T.31(56);af18cc7a-fa8f-11e2-8e56-9f72c6160288;7f5ee168-ec75-0899-5dbc-684b766c8608
2019-T.31(57);af18cc7a-fa8f-11e2-8e56-9f72c6160288;d1c12b9d-f502-d366-ed83-2d72d47f16ad
2019-T.31(58);af18cc7a-fa8f-11e2-8e56-9f72c6160288;9da14d89-2885-bc73-e292-acfcabdf3d2c
2019-T.31(59);af18cc7a-fa8f-11e2-8e56-9f72c6160288;53a9a322-14f4-92fd-9135-dee5245c4274
2019-T.31(6);af18cc7a-fa8f-11e2-8e56-9f72c6160288;87fb0a0a-ca77-4b9c-ad16-b79feb150ca0
2019-T.31(60);af18cc7a-fa8f-11e2-8e56-9f72c6160288;24c36d74-5b21-cb7a-dc94-a9746669b03c
2019-T.31(61);af18cc7a-fa8f-11e2-8e56-9f72c6160288;3651925f-d9a1-d1f3-9da6-08b1a55a0a89
2019-T.31(62);af18cc7a-fa8f-11e2-8e56-9f72c6160288;a59cd2b6-499d-bd87-ea5b-74ef5676e16a
2019-T.31(63);af18cc7a-fa8f-11e2-8e56-9f72c6160288;b345946c-63b6-bafd-c292-a0682c15306e
2019-T.31(64);af18cc7a-fa8f-11e2-8e56-9f72c6160288;75d96f2f-7324-2d9a-980a-0e7af301c057
2019-T.31(65);af18cc7a-fa8f-11e2-8e56-9f72c6160288;f6b34cd8-e1f9-7b87-a25c-fd0c11e39de9
2019-T.31(66);af18cc7a-fa8f-11e2-8e56-9f72c6160288;40c78148-fae2-650a-621b-7803dabae6d2
2019-T.31(67);af18cc7a-fa8f-11e2-8e56-9f72c6160288;f150d4b9-dca9-36c9-51f2-3e88cedd8507
2019-T.31(68);af18cc7a-fa8f-11e2-8e56-9f72c6160288;81258479-b212-694c-ece2-68db77819fcd
2019-T.31(69);af18cc7a-fa8f-11e2-8e56-9f72c6160288;5a943f0e-719c-a961-0714-5944b677fd87
2019-T.31(7);af18cc7a-fa8f-11e2-8e56-9f72c6160288;edfb75e5-d9fd-c604-6b30-ffccd61c4dcc
2019-T.31(70);af18cc7a-fa8f-11e2-8e56-9f72c6160288;9e19a871-becf-1a97-489d-381e978fc614
2019-T.31(71);af18cc7a-fa8f-11e2-8e56-9f72c6160288;f05320da-6b33-d332-1497-936e1aa9ad04
2019-T.31(72);af18cc7a-fa8f-11e2-8e56-9f72c6160288;41c0cf1a-4183-8d2c-d6e7-c2251685b055
2019-T.31(73);af18cc7a-fa8f-11e2-8e56-9f72c6160288;a05342f4-638b-c0a9-e152-547aed3ef85a
2019-T.31(74);af18cc7a-fa8f-11e2-8e56-9f72c6160288;bbaf63b1-6e40-2b7a-f194-c9d1df1075d5
2019-T.31(75);af18cc7a-fa8f-11e2-8e56-9f72c6160288;b23d4c46-4b18-2ed1-06ea-50937b651c4b
2019-T.31(76);af18cc7a-fa8f-11e2-8e56-9f72c6160288;d75986b8-40b3-a18f-3648-f51bd03bb356
2019-T.31(77);af18cc7a-fa8f-11e2-8e56-9f72c6160288;40b0178b-48de-41a1-be74-cfedb1b9e1c9
2019-T.31(78);af18cc7a-fa8f-11e2-8e56-9f72c6160288;56ef65d7-a8ec-a7ce-1593-e4146e7897fd
2019-T.31(79);af18cc7a-fa8f-11e2-8e56-9f72c6160288;e840852e-4246-7618-d05a-fe6f47619e2a
2019-T.31(8);af18cc7a-fa8f-11e2-8e56-9f72c6160288;8ad2da3c-0f1a-f988-bb12-a68ed224712a
2019-T.31(80);af18cc7a-fa8f-11e2-8e56-9f72c6160288;a4ecd0ba-b25a-474a-eba6-b83407254158
2019-T.31(81);af18cc7a-fa8f-11e2-8e56-9f72c6160288;af535779-6bb1-9df8-8e3a-6f292a9d630a
2019-T.31(82);af18cc7a-fa8f-11e2-8e56-9f72c6160288;d2cd7c04-4263-2b85-e336-c19878a8b2cb
2019-T.31(83);af18cc7a-fa8f-11e2-8e56-9f72c6160288;2793b229-c7f7-de86-9502-80aba8874b00
2019-T.31(84);af18cc7a-fa8f-11e2-8e56-9f72c6160288;d74f635e-5da9-94e9-0d18-45d0fabcd4ac
2019-T.31(85);af18cc7a-fa8f-11e2-8e56-9f72c6160288;67703711-ff64-b2cd-6b02-08bd517e3bb6
2019-T.31(86);af18cc7a-fa8f-11e2-8e56-9f72c6160288;ea9463dd-fd87-17f1-b48a-deee230690ca
2019-T.31(87);af18cc7a-fa8f-11e2-8e56-9f72c6160288;e534c4ea-2f39-fbc0-fe28-e25c1c385cbf
2019-T.31(88);af18cc7a-fa8f-11e2-8e56-9f72c6160288;ce0b06d3-1f7c-b409-8d25-b7371e504276
2019-T.31(89);af18cc7a-fa8f-11e2-8e56-9f72c6160288;045d1206-7fa9-c89a-da29-4d0f13fdf0a7
2019-T.31(9);af18cc7a-fa8f-11e2-8e56-9f72c6160288;2712fe97-fbe5-808d-af2b-522ceb43d8a9
2019-T.31(90);af18cc7a-fa8f-11e2-8e56-9f72c6160288;e1ac4897-f65a-6c46-5751-5c7f36e20e42
2019-T.31(91);af18cc7a-fa8f-11e2-8e56-9f72c6160288;a089d112-62a2-74d4-c414-86629c4e20be
2019-T.31(92);af18cc7a-fa8f-11e2-8e56-9f72c6160288;79e7e32b-81d6-db79-2786-16e94c47747e
2019-T.31(93);af18cc7a-fa8f-11e2-8e56-9f72c6160288;143aa5c0-e752-9766-a43b-db6427602fbb
2019-T.31(94);af18cc7a-fa8f-11e2-8e56-9f72c6160288;136ab70e-29df-4c40-912c-467f2f6d3549
2019-T.31(95);af18cc7a-fa8f-11e2-8e56-9f72c6160288;367ac068-0557-09ff-210e-a830e21d1f23
2019-T.31(96);af18cc7a-fa8f-11e2-8e56-9f72c6160288;005a52d3-18e1-2246-363e-7926bc4a3322
2019-T.31(97);af18cc7a-fa8f-11e2-8e56-9f72c6160288;d14e5333-cef2-38fa-d60d-eabc2064ebed
2019-T.31(98);af18cc7a-fa8f-11e2-8e56-9f72c6160288;1631c138-2d67-6b09-154f-09483a874643
2019-T.31(99);af18cc7a-fa8f-11e2-8e56-9f72c6160288;7d5b732e-fc9f-ca1e-669a-3202f67637fe
2019-T.32;af18cc7a-fa8f-11e2-8e56-9f72c6160288;0ae8dd9b-d53e-1080-d8c3-5bef18f0241a
2019-T.32(1);af18cc7a-fa8f-11e2-8e56-9f72c6160288;35ab5902-d3a4-5794-042a-4cee595112ba
2019-T.32(10);af18cc7a-fa8f-11e2-8e56-9f72c6160288;ed62dcb3-63a5-e956-398a-2b2c36b4d783
2019-T.32(100);af18cc7a-fa8f-11e2-8e56-9f72c6160288;ef590f76-bdfc-413f-c3c3-0ad27484e47b
2019-T.32(101);af18cc7a-fa8f-11e2-8e56-9f72c6160288;2d6d1707-8250-6e09-96b2-d914efecff84
2019-T.32(102);af18cc7a-fa8f-11e2-8e56-9f72c6160288;b559726f-5042-f06a-b0e7-5094c161de94
2019-T.32(103);af18cc7a-fa8f-11e2-8e56-9f72c6160288;7ffd94f0-b9b5-787d-8551-6594e2c43280
2019-T.32(104);af18cc7a-fa8f-11e2-8e56-9f72c6160288;9cfdf7c7-d58a-69b9-67f4-6b701811b9b9
2019-T.32(105);af18cc7a-fa8f-11e2-8e56-9f72c6160288;fc2c2a37-5b1a-4e91-2c39-7dea7b47f1fb
2019-T.32(106);af18cc7a-fa8f-11e2-8e56-9f72c6160288;bc9f7411-b968-bdb7-3474-9a46e33795ca
2019-T.32(107);af18cc7a-fa8f-11e2-8e56-9f72c6160288;f607eda9-ed4e-ace5-d643-531ffdb9337d
2019-T.32(108);af18cc7a-fa8f-11e2-8e56-9f72c6160288;f8aeab1a-b4e5-7c94-7b51-5d248d938468
2019-T.32(109);af18cc7a-fa8f-11e2-8e56-9f72c6160288;8878e83a-67d1-32e1-3d78-7fa9f8fad699
2019-T.32(11);af18cc7a-fa8f-11e2-8e56-9f72c6160288;5bbefffb-d135-61c5-f6ff-32c04f9b76e4
2019-T.32(110);af18cc7a-fa8f-11e2-8e56-9f72c6160288;c7bca962-712f-753b-21ce-1a54fb28c9d1
2019-T.32(111);af18cc7a-fa8f-11e2-8e56-9f72c6160288;8d243f7f-dcd5-e378-01e3-3984cea29bc7
2019-T.32(112);af18cc7a-fa8f-11e2-8e56-9f72c6160288;98a076d0-6a89-bb34-f5e1-2697cac1bfe4
2019-T.32(113);af18cc7a-fa8f-11e2-8e56-9f72c6160288;858c93b7-ca81-c4f3-bd85-3970b7dca9ee
2019-T.32(114);af18cc7a-fa8f-11e2-8e56-9f72c6160288;d5f5c41a-505e-ee90-e423-02f152b4238f
2019-T.32(115);af18cc7a-fa8f-11e2-8e56-9f72c6160288;caadbe4b-eaaf-cbf0-6a60-10dc5fbdea30
2019-T.32(116);af18cc7a-fa8f-11e2-8e56-9f72c6160288;cfde6801-4a0c-e6c5-8983-a3228179a363
2019-T.32(117);af18cc7a-fa8f-11e2-8e56-9f72c6160288;a8f5b8db-e37c-1f6d-8a9f-d0ac75a570d4
2019-T.32(118);af18cc7a-fa8f-11e2-8e56-9f72c6160288;ee4b4a31-93b1-b6bf-e616-821ff097e510
2019-T.32(119);af18cc7a-fa8f-11e2-8e56-9f72c6160288;8dfe74e4-53b0-8374-55da-8170394d61ea
2019-T.32(12);af18cc7a-fa8f-11e2-8e56-9f72c6160288;4994a8c1-b220-323a-6f58-689221358fe7
2019-T.32(120);af18cc7a-fa8f-11e2-8e56-9f72c6160288;db85765b-59f9-16c6-f0ef-f0a3c89a1540
2019-T.32(121);af18cc7a-fa8f-11e2-8e56-9f72c6160288;589580b1-13f1-974a-06ac-da9aee090605
2019-T.32(122);af18cc7a-fa8f-11e2-8e56-9f72c6160288;aea6e050-f432-65cc-f0f9-0bd37c2ade14
2019-T.32(123);af18cc7a-fa8f-11e2-8e56-9f72c6160288;fcec3261-37e2-6600-2d7c-eeb747710d22
2019-T.32(124);af18cc7a-fa8f-11e2-8e56-9f72c6160288;d3698ccf-5df3-3210-6d26-e0e3dda67ea2
2019-T.32(125);af18cc7a-fa8f-11e2-8e56-9f72c6160288;a50b496b-bd5e-1274-88ac-189acb57876b
2019-T.32(126);af18cc7a-fa8f-11e2-8e56-9f72c6160288;3c375852-824e-2100-6431-7eabddce6a6e
2019-T.32(127);af18cc7a-fa8f-11e2-8e56-9f72c6160288;03e1e577-b870-a437-f38c-f0af9ceae784
2019-T.32(128);af18cc7a-fa8f-11e2-8e56-9f72c6160288;b12a18ac-b537-4ed3-75d1-47afa78af67e
2019-T.32(129);af18cc7a-fa8f-11e2-8e56-9f72c6160288;a63fc65f-ab9f-0890-6d4c-c17f9811f3a6
2019-T.32(13);af18cc7a-fa8f-11e2-8e56-9f72c6160288;1aea775a-0624-6065-adf8-eae860e6964c
2019-T.32(130);af18cc7a-fa8f-11e2-8e56-9f72c6160288;04f18338-afb2-b53c-23f1-e6f8df2481de
2019-T.32(131);af18cc7a-fa8f-11e2-8e56-9f72c6160288;588f48de-e628-11d7-2f2e-df3e9c18f13e
2019-T.32(132);af18cc7a-fa8f-11e2-8e56-9f72c6160288;4eaeebe2-1135-3e8a-3548-7236900a558b
2019-T.32(133);af18cc7a-fa8f-11e2-8e56-9f72c6160288;ec2024d8-f896-2008-f2d2-e6334e26aca2
2019-T.32(134);af18cc7a-fa8f-11e2-8e56-9f72c6160288;1777a003-695a-b45c-52b5-db2f0161e96b
2019-T.32(135);af18cc7a-fa8f-11e2-8e56-9f72c6160288;5f627811-9c0d-b617-45ff-d2914432594f
2019-T.32(136);af18cc7a-fa8f-11e2-8e56-9f72c6160288;f4d2afa1-4c58-2aa7-9c0f-84acc2565a67
2019-T.32(137);af18cc7a-fa8f-11e2-8e56-9f72c6160288;2c0c5108-bedb-cfc7-f0cd-110a6776e90a
2019-T.32(138);af18cc7a-fa8f-11e2-8e56-9f72c6160288;ec8ad8a5-e781-32c3-fd27-6f11fbded4fa
2019-T.32(139);af18cc7a-fa8f-11e2-8e56-9f72c6160288;2ed50bb3-ff2c-2c94-b12a-14366c34ccc7
2019-T.32(14);af18cc7a-fa8f-11e2-8e56-9f72c6160288;5c93d3f6-a016-b0ad-03e3-6cc99d17f176
2019-T.32(140);af18cc7a-fa8f-11e2-8e56-9f72c6160288;a81de9d2-c906-6541-3f3b-8e0b4fb96766
2019-T.32(141);af18cc7a-fa8f-11e2-8e56-9f72c6160288;b65c368c-a81f-6a1d-1798-c6a5c3d45d7c
2019-T.32(142);af18cc7a-fa8f-11e2-8e56-9f72c6160288;f17b2cf7-f8fd-841f-f613-85a922e2ae22
2019-T.32(143);af18cc7a-fa8f-11e2-8e56-9f72c6160288;3eea5312-5273-5994-0c24-4e1deed17969
2019-T.32(144);af18cc7a-fa8f-11e2-8e56-9f72c6160288;7e700760-8833-84aa-9bb5-1ff309492181
2019-T.32(145);af18cc7a-fa8f-11e2-8e56-9f72c6160288;b076f747-56ac-e56a-4bf9-b227100bfef9
2019-T.32(146);af18cc7a-fa8f-11e2-8e56-9f72c6160288;308aaa22-ab8b-69a5-41cc-4e67fd339058
2019-T.32(147);af18cc7a-fa8f-11e2-8e56-9f72c6160288;e0d2a338-f901-3700-0a8b-86a4ed6da03d
2019-T.32(148);af18cc7a-fa8f-11e2-8e56-9f72c6160288;a26e4f45-126a-9404-6259-1321d4404733
2019-T.32(149);af18cc7a-fa8f-11e2-8e56-9f72c6160288;8b3435a7-e8a1-18d0-54d4-8c6936076c97
2019-T.32(15);af18cc7a-fa8f-11e2-8e56-9f72c6160288;262c26e7-789e-1c0f-5fcd-7ef8a266f020
2019-T.32(150);af18cc7a-fa8f-11e2-8e56-9f72c6160288;7a91c912-75bd-6dd3-826d-842c6926b1f3
2019-T.32(151);af18cc7a-fa8f-11e2-8e56-9f72c6160288;4cd33b80-0565-4953-c9a5-83e957f3d0b3
2019-T.32(152);af18cc7a-fa8f-11e2-8e56-9f72c6160288;2a2fcea0-d13c-e5c4-aec4-dfa5cb31d6d1
2019-T.32(153);af18cc7a-fa8f-11e2-8e56-9f72c6160288;75aa6f72-26c2-3efd-6d4a-b377ba256835
2019-T.32(154);af18cc7a-fa8f-11e2-8e56-9f72c6160288;141210bd-de9e-f3ff-6751-5e0f117012b0
2019-T.32(155);af18cc7a-fa8f-11e2-8e56-9f72c6160288;a6c1887b-4426-7d56-03ab-a0b58bf25dd9
2019-T.32(156);af18cc7a-fa8f-11e2-8e56-9f72c6160288;dc2b36ab-f9d6-d915-aa45-b841a8164830
2019-T.32(157);af18cc7a-fa8f-11e2-8e56-9f72c6160288;722443e4-c8b9-1412-42eb-ac9c5ebbd493
2019-T.32(158);af18cc7a-fa8f-11e2-8e56-9f72c6160288;2ef0bc94-ebbd-b1a1-422e-42aded8ed5b3
2019-T.32(159);af18cc7a-fa8f-11e2-8e56-9f72c6160288;1b6d95b5-b3af-10e0-d451-402153d354d0
2019-T.32(16);af18cc7a-fa8f-11e2-8e56-9f72c6160288;ed63c420-c425-6aff-000a-5fc19f4d3326
2019-T.32(160);af18cc7a-fa8f-11e2-8e56-9f72c6160288;415645a8-96d4-ba95-61f1-7091fcb4b6e5
2019-T.32(161);af18cc7a-fa8f-11e2-8e56-9f72c6160288;4eece679-021a-847b-5128-9dcd0fe77395
2019-T.32(162);af18cc7a-fa8f-11e2-8e56-9f72c6160288;4b050132-33e5-fa28-ca26-faf2ba4e79e8
2019-T.32(163);af18cc7a-fa8f-11e2-8e56-9f72c6160288;9d34833e-1a77-f25a-cddb-d9d2d843f051
2019-T.32(164);af18cc7a-fa8f-11e2-8e56-9f72c6160288;16d48963-32a8-7373-eef4-88d6558b2ec1
2019-T.32(165);af18cc7a-fa8f-11e2-8e56-9f72c6160288;17fe6680-a3e2-6802-7775-bee5fc8b38e8
2019-T.32(166);af18cc7a-fa8f-11e2-8e56-9f72c6160288;f4d23e02-b72c-369d-4678-97de02b67630
2019-T.32(167);af18cc7a-fa8f-11e2-8e56-9f72c6160288;405b79fd-db7a-a33d-29c7-bf04ad5194dd
2019-T.32(168);af18cc7a-fa8f-11e2-8e56-9f72c6160288;1ae83b21-0f1a-6d62-00c8-23070e2404c2
2019-T.32(169);af18cc7a-fa8f-11e2-8e56-9f72c6160288;4e6cb26e-31c2-7a93-7a5a-96692583781f
2019-T.32(17);af18cc7a-fa8f-11e2-8e56-9f72c6160288;4dc45ae1-1fc8-3d44-7464-f1920f312545
2019-T.32(170);af18cc7a-fa8f-11e2-8e56-9f72c6160288;e0817a04-b085-0aa7-3717-0bc244961aaa
2019-T.32(171);af18cc7a-fa8f-11e2-8e56-9f72c6160288;592718a9-ac0e-653f-15d7-2af7eb986f61
2019-T.32(172);af18cc7a-fa8f-11e2-8e56-9f72c6160288;6ae92b22-874f-943a-de29-6873e9c8ed91
2019-T.32(173);af18cc7a-fa8f-11e2-8e56-9f72c6160288;131b72b5-9f73-ddd1-e1cf-04855c4eade7
2019-T.32(174);af18cc7a-fa8f-11e2-8e56-9f72c6160288;e0cd214b-d4df-8689-2051-3afad5de51ed
2019-T.32(175);af18cc7a-fa8f-11e2-8e56-9f72c6160288;5b51f6c4-0395-3114-fb7b-a6380c6f8f12
2019-T.32(176);af18cc7a-fa8f-11e2-8e56-9f72c6160288;50b7ee11-9495-5117-c41b-2d136a7e58ff
2019-T.32(177);af18cc7a-fa8f-11e2-8e56-9f72c6160288;dca900c8-3982-8a39-66ed-b2689eeac3b6
2019-T.32(178);af18cc7a-fa8f-11e2-8e56-9f72c6160288;c045a4ea-5776-0886-1b53-b2b5e4ce4072
2019-T.32(179);af18cc7a-fa8f-11e2-8e56-9f72c6160288;2f0b44df-f197-2793-4160-9926c8065a0a
2019-T.32(18);af18cc7a-fa8f-11e2-8e56-9f72c6160288;f68d4fd1-0cd6-51a2-2abd-d39012006d62
2019-T.32(180);af18cc7a-fa8f-11e2-8e56-9f72c6160288;1a291f48-fe43-2b00-41d6-f4471bdc630c
2019-T.32(181);af18cc7a-fa8f-11e2-8e56-9f72c6160288;89be343e-53fd-a0f4-67db-06f0dfbaa368
2019-T.32(182);af18cc7a-fa8f-11e2-8e56-9f72c6160288;6d4a8cc7-8b7f-a4c6-b2b2-478a1538e837
2019-T.32(183);af18cc7a-fa8f-11e2-8e56-9f72c6160288;13226bc3-9f1b-7f3b-9387-d13ba33974fa
2019-T.32(19);af18cc7a-fa8f-11e2-8e56-9f72c6160288;4bbc99c9-f36a-78ed-72fd-0dc33f10a5c4
2019-T.32(2);af18cc7a-fa8f-11e2-8e56-9f72c6160288;13b9af0a-c472-2484-a365-84ef70c75e69
2019-T.32(20);af18cc7a-fa8f-11e2-8e56-9f72c6160288;9b0acb98-3127-da7c-b839-abda4ff83e28
2019-T.32(21);af18cc7a-fa8f-11e2-8e56-9f72c6160288;c2b15d9c-63d4-284f-aa9e-bd0e71fc5cae
2019-T.32(22);af18cc7a-fa8f-11e2-8e56-9f72c6160288;648570e7-ac0c-66ef-b263-7a578931305d
2019-T.32(23);af18cc7a-fa8f-11e2-8e56-9f72c6160288;49470e9e-5b2a-b4c8-511b-a996e69d7e7d
2019-T.32(24);af18cc7a-fa8f-11e2-8e56-9f72c6160288;dc8008c3-b41d-a656-24aa-a965fd520d57
2019-T.32(25);af18cc7a-fa8f-11e2-8e56-9f72c6160288;2dd32183-c43c-1cbd-4c11-21bb09fce9ed
2019-T.32(26);af18cc7a-fa8f-11e2-8e56-9f72c6160288;ea5d38dc-6b28-fa14-df40-49860408e408
2019-T.32(27);af18cc7a-fa8f-11e2-8e56-9f72c6160288;7dace6ad-3dd2-edf8-f215-13094490c05e
2019-T.32(28);af18cc7a-fa8f-11e2-8e56-9f72c6160288;66e4fd6f-7dab-0c93-e404-5e31244122bb
2019-T.32(29);af18cc7a-fa8f-11e2-8e56-9f72c6160288;d48dcf78-18c2-f6ed-94e9-36bd9769583d
2019-T.32(3);af18cc7a-fa8f-11e2-8e56-9f72c6160288;a5a099f5-dae5-d105-04df-1bcb29b5a746
2019-T.32(30);af18cc7a-fa8f-11e2-8e56-9f72c6160288;86c8aaf5-e6a8-1b8a-936e-71f90af9773d
2019-T.32(31);af18cc7a-fa8f-11e2-8e56-9f72c6160288;6565b202-f359-71bf-e065-27b360b99b9a
2019-T.32(32);af18cc7a-fa8f-11e2-8e56-9f72c6160288;b209253e-130a-6fc8-f220-f6f32d114007
2019-T.32(33);af18cc7a-fa8f-11e2-8e56-9f72c6160288;cefc7d91-2cf8-c24b-88e1-67a1f3e20f47
2019-T.32(34);af18cc7a-fa8f-11e2-8e56-9f72c6160288;b433ab0f-eb18-3ed0-9091-99c99aa0cfd3
2019-T.32(35);af18cc7a-fa8f-11e2-8e56-9f72c6160288;bcdd8e51-7d45-09a9-0201-8648c16b25cf
2019-T.32(36);af18cc7a-fa8f-11e2-8e56-9f72c6160288;e1b9d3dd-88ee-8fa6-96c3-497f545552f7
2019-T.32(37);af18cc7a-fa8f-11e2-8e56-9f72c6160288;6d0632c1-6473-e7a9-c3ba-e7f2fdbdb691
2019-T.32(38);af18cc7a-fa8f-11e2-8e56-9f72c6160288;a49f55b7-7600-a246-4e45-e9e8d699bd35
2019-T.32(39);af18cc7a-fa8f-11e2-8e56-9f72c6160288;4b08c7f0-2ca3-1083-10dd-62067fc557d9
2019-T.32(4);af18cc7a-fa8f-11e2-8e56-9f72c6160288;ad6ad9c4-fccf-5490-a1db-1b85a9bfd94a
2019-T.32(40);af18cc7a-fa8f-11e2-8e56-9f72c6160288;061cfc25-7ca4-b025-3205-9ba05122c95f
2019-T.32(41);af18cc7a-fa8f-11e2-8e56-9f72c6160288;470a6de8-5daa-e536-26c4-f26eae9126c5
2019-T.32(42);af18cc7a-fa8f-11e2-8e56-9f72c6160288;dc96a63b-37bf-1f9c-f09c-84cbeade3107
2019-T.32(43);af18cc7a-fa8f-11e2-8e56-9f72c6160288;f79c559b-ad92-aae3-7450-29bf9a318126
2019-T.32(44);af18cc7a-fa8f-11e2-8e56-9f72c6160288;2fa0249f-4adb-03b8-2874-893d135ab952
2019-T.32(45);af18cc7a-fa8f-11e2-8e56-9f72c6160288;96e9d4d3-eb42-850d-ff6f-4227e77d6170
2019-T.32(46);af18cc7a-fa8f-11e2-8e56-9f72c6160288;a15d0430-3bb1-7301-0b61-602ff933925f
2019-T.32(47);af18cc7a-fa8f-11e2-8e56-9f72c6160288;ac303f1a-c34a-25d0-b4e9-52c84161b08d
2019-T.32(48);af18cc7a-fa8f-11e2-8e56-9f72c6160288;29f4a095-4233-8366-318c-8b954476406e
2019-T.32(49);af18cc7a-fa8f-11e2-8e56-9f72c6160288;152b960b-59cb-b9c0-69e9-c43e25229874
2019-T.32(5);af18cc7a-fa8f-11e2-8e56-9f72c6160288;901de683-b549-24e7-6226-c23c5e147f84
2019-T.32(50);af18cc7a-fa8f-11e2-8e56-9f72c6160288;1e6b62d8-ef10-be3e-af41-0bd44c615846
2019-T.32(51);af18cc7a-fa8f-11e2-8e56-9f72c6160288;d7340e98-99ea-dc3a-00e1-1ab91296fc1f
2019-T.32(52);af18cc7a-fa8f-11e2-8e56-9f72c6160288;1312e365-5c7f-4ed8-3665-9753c7b9a726
2019-T.32(53);af18cc7a-fa8f-11e2-8e56-9f72c6160288;3b54b1e5-b7cf-52ac-9000-3b7ffde65a67
2019-T.32(54);af18cc7a-fa8f-11e2-8e56-9f72c6160288;fc8c97ec-9184-a4db-38ab-fa5e5b3f26cf
2019-T.32(55);af18cc7a-fa8f-11e2-8e56-9f72c6160288;58ca7cd4-c1ab-63b9-0123-747dad51dec8
2019-T.32(56);af18cc7a-fa8f-11e2-8e56-9f72c6160288;c007702a-2f3c-c5b9-40d9-82caad1a033c
2019-T.32(57);af18cc7a-fa8f-11e2-8e56-9f72c6160288;c1f175fa-b10a-e6f8-9710-cad50c26848e
2019-T.32(58);af18cc7a-fa8f-11e2-8e56-9f72c6160288;f8a2f3e3-d35d-ae48-448e-aa03f88b66b6
2019-T.32(59);af18cc7a-fa8f-11e2-8e56-9f72c6160288;dbd7bdf6-ae9f-0cc4-39b5-c147b4bab393
2019-T.32(6);af18cc7a-fa8f-11e2-8e56-9f72c6160288;ed7854c3-1420-8662-a0f9-219c170a4993
2019-T.32(60);af18cc7a-fa8f-11e2-8e56-9f72c6160288;d7265d59-7dfe-8607-5a87-452726e5947f
2019-T.32(61);af18cc7a-fa8f-11e2-8e56-9f72c6160288;a02b101f-69d2-6ca3-64f9-3a0ac41170a1
2019-T.32(62);af18cc7a-fa8f-11e2-8e56-9f72c6160288;27ea0806-292f-ec19-0c13-4f288acf670c
2019-T.32(63);af18cc7a-fa8f-11e2-8e56-9f72c6160288;21d3bb9e-9a01-5a5d-4c2b-16b92da583a6
2019-T.32(64);af18cc7a-fa8f-11e2-8e56-9f72c6160288;30f96290-5c3c-d40f-04aa-9d72eb1c7340
2019-T.32(65);af18cc7a-fa8f-11e2-8e56-9f72c6160288;29552b05-4f92-e6eb-ee3a-a0bd21efd397
2019-T.32(66);af18cc7a-fa8f-11e2-8e56-9f72c6160288;fc6e207e-0acd-b7c8-94e9-642219e4cdd7
2019-T.32(67);af18cc7a-fa8f-11e2-8e56-9f72c6160288;45b1a99f-d3ce-4c9f-69cb-7749d7c88fa4
2019-T.32(68);af18cc7a-fa8f-11e2-8e56-9f72c6160288;6ba15468-3390-33e2-fd59-2ce285623666
2019-T.32(69);af18cc7a-fa8f-11e2-8e56-9f72c6160288;6a30f391-63e4-bbda-b530-54128b3598d7
2019-T.32(7);af18cc7a-fa8f-11e2-8e56-9f72c6160288;ee615d8b-d85e-79d3-937b-5df0e7fbdb49
2019-T.32(70);af18cc7a-fa8f-11e2-8e56-9f72c6160288;cb19baa9-abe6-299a-4e1b-2aa2e731070d
2019-T.32(71);af18cc7a-fa8f-11e2-8e56-9f72c6160288;bbf962e2-2ad9-efc9-d517-bd5e1e068ef6
2019-T.32(72);af18cc7a-fa8f-11e2-8e56-9f72c6160288;d3f43e8c-a9a6-0ddf-5ca4-3d1f093d484e
2019-T.32(73);af18cc7a-fa8f-11e2-8e56-9f72c6160288;b58ab949-019f-e630-6468-3aca73085cff
2019-T.32(74);af18cc7a-fa8f-11e2-8e56-9f72c6160288;22871062-8ad2-6471-4adf-1dc510b890cd
2019-T.32(75);af18cc7a-fa8f-11e2-8e56-9f72c6160288;56a689e0-c6e4-9163-0af3-a53f9a9e7e68
2019-T.32(76);af18cc7a-fa8f-11e2-8e56-9f72c6160288;f8eb639c-cd2a-f8c8-d20a-24957e41225f
2019-T.32(77);af18cc7a-fa8f-11e2-8e56-9f72c6160288;b798ff62-c202-e21c-60f8-fd9fd58ab727
2019-T.32(78);af18cc7a-fa8f-11e2-8e56-9f72c6160288;8300b348-ab6f-d13f-41f2-bf70012132c2
2019-T.32(79);af18cc7a-fa8f-11e2-8e56-9f72c6160288;779731ee-b603-7583-f1f4-b1c743499f0b
2019-T.32(8);af18cc7a-fa8f-11e2-8e56-9f72c6160288;cd2e5556-f5e4-3c63-3785-6c9fbf0473a2
2019-T.32(80);af18cc7a-fa8f-11e2-8e56-9f72c6160288;1c517a6e-57a1-4443-68ca-5926c4cc99e2
2019-T.32(81);af18cc7a-fa8f-11e2-8e56-9f72c6160288;4d2038a6-d6c1-1604-1c0a-4e2578c94c4c
2019-T.32(82);af18cc7a-fa8f-11e2-8e56-9f72c6160288;f0aabca3-7cbb-ed71-1b0c-9b069f27390d
2019-T.32(83);af18cc7a-fa8f-11e2-8e56-9f72c6160288;8451949b-a3a3-0fd3-732b-d266e4624710
2019-T.32(84);af18cc7a-fa8f-11e2-8e56-9f72c6160288;217fa3c8-8714-8ce5-288b-21fb63863eba
2019-T.32(85);af18cc7a-fa8f-11e2-8e56-9f72c6160288;689bc066-2b90-6377-b753-8f077d5993cc
2019-T.32(86);af18cc7a-fa8f-11e2-8e56-9f72c6160288;75d1e23c-5a95-2436-5e08-33d17dd72291
2019-T.32(87);af18cc7a-fa8f-11e2-8e56-9f72c6160288;7e73d12f-392f-f981-f8df-6e9301ebba65
2019-T.32(88);af18cc7a-fa8f-11e2-8e56-9f72c6160288;b02e9fd3-3447-58c0-8e2d-fbb6066c29f5
2019-T.32(89);af18cc7a-fa8f-11e2-8e56-9f72c6160288;6b680d1c-f57c-abb1-2c13-4663f4faf2b7
2019-T.32(9);af18cc7a-fa8f-11e2-8e56-9f72c6160288;6d693110-34d6-e6c9-dc13-c9ee92057521
2019-T.32(90);af18cc7a-fa8f-11e2-8e56-9f72c6160288;40325194-0898-b7d8-c43e-a10ff85e2df9
2019-T.32(91);af18cc7a-fa8f-11e2-8e56-9f72c6160288;9dbce999-d5d9-7b18-0be3-117e5ce89605
2019-T.32(92);af18cc7a-fa8f-11e2-8e56-9f72c6160288;f860ab73-e4be-cb2e-adce-967a6b2f5c3a
2019-T.32(93);af18cc7a-fa8f-11e2-8e56-9f72c6160288;9178499b-0d2e-b61d-2503-6ab8a3d29d08
2019-T.32(94);af18cc7a-fa8f-11e2-8e56-9f72c6160288;238271ee-1b1c-f73a-f347-bc6664f91c59
2019-T.32(95);af18cc7a-fa8f-11e2-8e56-9f72c6160288;29ec66f4-789f-da0a-84f0-bc0f4dc828f4
2019-T.32(96);af18cc7a-fa8f-11e2-8e56-9f72c6160288;98470791-3d6d-ee4f-bd8e-1c454f8ac047
2019-T.32(97);af18cc7a-fa8f-11e2-8e56-9f72c6160288;2386fd6d-f060-8c12-4e0a-cb3ebf393137
2019-T.32(98);af18cc7a-fa8f-11e2-8e56-9f72c6160288;498534b9-2401-72ee-a70c-ceb6cea8d68e
2019-T.32(99);af18cc7a-fa8f-11e2-8e56-9f72c6160288;aee7dac9-f734-347d-6bc8-4e0c661dfe80
2019-T.33;af18cc7a-fa8f-11e2-8e56-9f72c6160288;acd7951b-76c7-bd65-af6b-c7155ab54f49
2019-T.33(1);af18cc7a-fa8f-11e2-8e56-9f72c6160288;846e6850-3a76-6ac7-f0d4-aa35689db92e
2019-T.33(10);af18cc7a-fa8f-11e2-8e56-9f72c6160288;6c43d67a-6efa-c691-ac65-02422fcd8a22
2019-T.33(100);af18cc7a-fa8f-11e2-8e56-9f72c6160288;f688bf91-17c4-ce7b-fb04-54beaef82dc2
2019-T.33(101);af18cc7a-fa8f-11e2-8e56-9f72c6160288;a3383062-b968-ffc0-0796-c86169e343df
2019-T.33(102);af18cc7a-fa8f-11e2-8e56-9f72c6160288;732c5126-d7e0-fd2c-04a5-83b803bd543f
2019-T.33(103);af18cc7a-fa8f-11e2-8e56-9f72c6160288;ec2fded4-bf4d-fe45-4405-73c78ad56daf
2019-T.33(104);af18cc7a-fa8f-11e2-8e56-9f72c6160288;294019c2-3332-74ca-8870-1646e725c2d5
2019-T.33(105);af18cc7a-fa8f-11e2-8e56-9f72c6160288;80a317ea-282a-3b54-c96f-5714e8822495
2019-T.33(106);af18cc7a-fa8f-11e2-8e56-9f72c6160288;cabd155b-2e65-c9ce-14b5-2ee72d21de53
2019-T.33(107);af18cc7a-fa8f-11e2-8e56-9f72c6160288;f2b62456-57dd-676d-c60f-3f65cd792b59
2019-T.33(108);af18cc7a-fa8f-11e2-8e56-9f72c6160288;a7b116a1-48d7-0fd1-8d5b-e8318ca37621
2019-T.33(109);af18cc7a-fa8f-11e2-8e56-9f72c6160288;bb8a5637-7971-94fd-2aab-53d3643c733b
2019-T.33(11);af18cc7a-fa8f-11e2-8e56-9f72c6160288;3759a83c-967e-2168-6f4e-fc9cb4747aa3
2019-T.33(110);af18cc7a-fa8f-11e2-8e56-9f72c6160288;545720e0-8551-3ed0-3827-fd935041842c
2019-T.33(111);af18cc7a-fa8f-11e2-8e56-9f72c6160288;e37e442d-0a83-c175-e2b0-a3230d2c77a0
2019-T.33(112);af18cc7a-fa8f-11e2-8e56-9f72c6160288;cf46d8b0-db28-f2be-1a43-537a0e049af1
2019-T.33(113);af18cc7a-fa8f-11e2-8e56-9f72c6160288;a45fe2bd-59a5-6870-f052-11e7629c2e57
2019-T.33(114);af18cc7a-fa8f-11e2-8e56-9f72c6160288;29a8c04b-4ea4-1bae-3717-240639aa661a
2019-T.33(115);af18cc7a-fa8f-11e2-8e56-9f72c6160288;c22c090a-c506-5f08-823e-e23316c14481
2019-T.33(116);af18cc7a-fa8f-11e2-8e56-9f72c6160288;cc46201f-0172-2161-9b39-2783a0942faa
2019-T.33(117);af18cc7a-fa8f-11e2-8e56-9f72c6160288;dd725cf6-187d-1a62-b0a6-8ae4b1af519e
2019-T.33(118);af18cc7a-fa8f-11e2-8e56-9f72c6160288;f0211413-12d7-00a7-4e68-dc35f3aedb9f
2019-T.33(119);af18cc7a-fa8f-11e2-8e56-9f72c6160288;46a4e8c2-4a4e-678b-8df7-b70b47edb88f
2019-T.33(12);af18cc7a-fa8f-11e2-8e56-9f72c6160288;78798ff9-7a50-10fc-83fe-6d7a3b320bf0
2019-T.33(120);af18cc7a-fa8f-11e2-8e56-9f72c6160288;b7e31046-a02c-4ccf-6587-5cf0f2204b75
2019-T.33(121);af18cc7a-fa8f-11e2-8e56-9f72c6160288;84fdd3c0-be3c-2705-996d-eaec862c448f
2019-T.33(122);af18cc7a-fa8f-11e2-8e56-9f72c6160288;162830e0-7001-bfea-6b64-96f335891a93
2019-T.33(123);af18cc7a-fa8f-11e2-8e56-9f72c6160288;5ba5273a-0644-4cf2-1e3b-0cb10cc42468
2019-T.33(124);af18cc7a-fa8f-11e2-8e56-9f72c6160288;f09b1f92-7c7f-b5b2-1338-06b6ae26d153
2019-T.33(125);af18cc7a-fa8f-11e2-8e56-9f72c6160288;a26d63f9-4047-6282-eec3-1e67b9d7f961
2019-T.33(126);af18cc7a-fa8f-11e2-8e56-9f72c6160288;85c87490-6eba-3e9e-21bc-a66f50b5ce48
2019-T.33(127);af18cc7a-fa8f-11e2-8e56-9f72c6160288;7f5d0137-368b-0a3f-acd7-8238e1ca31a7
2019-T.33(128);af18cc7a-fa8f-11e2-8e56-9f72c6160288;7b094e61-e98a-22e9-bfca-9f82b65f71d0
2019-T.33(129);af18cc7a-fa8f-11e2-8e56-9f72c6160288;0cc12ae0-7ff7-c13d-28b5-e9709d6ee11d
2019-T.33(13);af18cc7a-fa8f-11e2-8e56-9f72c6160288;9cc4cbe4-d447-d7ed-f846-4572c5d9a7c4
2019-T.33(130);af18cc7a-fa8f-11e2-8e56-9f72c6160288;7dab4392-c58a-1209-2eee-309e4944eada
2019-T.33(131);af18cc7a-fa8f-11e2-8e56-9f72c6160288;c582b236-7beb-0219-5911-ad6b6a42eda1
2019-T.33(132);af18cc7a-fa8f-11e2-8e56-9f72c6160288;a35e56a8-2f72-a3af-c404-7385997f7ea3
2019-T.33(133);af18cc7a-fa8f-11e2-8e56-9f72c6160288;57eba17a-f1bd-5f30-53de-384d94f6c003
2019-T.33(134);af18cc7a-fa8f-11e2-8e56-9f72c6160288;c1a8d37a-224b-f925-6afc-2f75d802c6da
2019-T.33(135);af18cc7a-fa8f-11e2-8e56-9f72c6160288;5ff21dbc-5626-4e06-2152-8872125c4b1c
2019-T.33(136);af18cc7a-fa8f-11e2-8e56-9f72c6160288;573e3d9e-7cc2-09e7-18c7-fee70e66dcf3
2019-T.33(137);af18cc7a-fa8f-11e2-8e56-9f72c6160288;affd6046-9288-64bf-d8ec-75c132fb2477
2019-T.33(138);af18cc7a-fa8f-11e2-8e56-9f72c6160288;ebb6ba32-0591-4b91-c287-75fb2b052910
2019-T.33(139);af18cc7a-fa8f-11e2-8e56-9f72c6160288;1b7b8ac9-7736-f320-a651-cdeb06fddff5
2019-T.33(14);af18cc7a-fa8f-11e2-8e56-9f72c6160288;59c8eb48-23ae-4883-770c-bddb44152153
2019-T.33(140);af18cc7a-fa8f-11e2-8e56-9f72c6160288;0d03bb4d-b66f-bf78-de34-5cee08cba800
2019-T.33(141);af18cc7a-fa8f-11e2-8e56-9f72c6160288;15561380-357f-c0dd-8efc-208156e00691
2019-T.33(142);af18cc7a-fa8f-11e2-8e56-9f72c6160288;4a3e2f74-df95-c52c-f3ca-9e997739f093
2019-T.33(143);af18cc7a-fa8f-11e2-8e56-9f72c6160288;1e001420-d7d8-dab7-ca08-87b075a2ff16
2019-T.33(144);af18cc7a-fa8f-11e2-8e56-9f72c6160288;d8d48857-bd8c-0d73-2a0d-f24aa3e947de
2019-T.33(145);af18cc7a-fa8f-11e2-8e56-9f72c6160288;4255d246-cab7-0ac7-b7cb-7a986815be7a
2019-T.33(146);af18cc7a-fa8f-11e2-8e56-9f72c6160288;d1f437a5-586c-a7b6-c297-37c6087442b5
2019-T.33(147);af18cc7a-fa8f-11e2-8e56-9f72c6160288;b400d7c0-7dfd-f90f-8ee9-ff5ea754d8b4
2019-T.33(148);af18cc7a-fa8f-11e2-8e56-9f72c6160288;b2ab36b7-da35-7bf5-9914-8fcd7cb20e19
2019-T.33(149);af18cc7a-fa8f-11e2-8e56-9f72c6160288;91f72fbf-3fc7-dccb-1d65-6480babffe99
2019-T.33(15);af18cc7a-fa8f-11e2-8e56-9f72c6160288;3c60741a-5fee-e4a5-8fea-c518ad4e1f94
2019-T.33(150);af18cc7a-fa8f-11e2-8e56-9f72c6160288;f3131874-aaa9-0082-1269-d17f9aa27a83
2019-T.33(151);af18cc7a-fa8f-11e2-8e56-9f72c6160288;14a16788-8e03-d598-ebb2-8e0b1880f7d0
2019-T.33(152);af18cc7a-fa8f-11e2-8e56-9f72c6160288;870b16e7-3e16-0def-e747-4bd2662dcd0e
2019-T.33(153);af18cc7a-fa8f-11e2-8e56-9f72c6160288;971f2bf4-6499-9a5f-0cc8-99577968def7
2019-T.33(154);af18cc7a-fa8f-11e2-8e56-9f72c6160288;c8e51502-73cb-f603-5429-b0ecc753c06b
2019-T.33(155);af18cc7a-fa8f-11e2-8e56-9f72c6160288;aa880ce9-c599-e88c-71ae-a2b27d0e82f5
2019-T.33(156);af18cc7a-fa8f-11e2-8e56-9f72c6160288;f1391991-c709-e411-3818-3339788bac33
2019-T.33(157);af18cc7a-fa8f-11e2-8e56-9f72c6160288;96f21977-81d9-7c49-5026-395042077c2a
2019-T.33(158);af18cc7a-fa8f-11e2-8e56-9f72c6160288;7b6dd4b8-206b-6b37-e7fd-c9c16945d0f8
2019-T.33(159);af18cc7a-fa8f-11e2-8e56-9f72c6160288;375a415c-8aba-2090-f829-6130e297a6e2
2019-T.33(16);af18cc7a-fa8f-11e2-8e56-9f72c6160288;fd423377-6c28-5d98-409d-40ef4d92ec91
2019-T.33(160);af18cc7a-fa8f-11e2-8e56-9f72c6160288;a49d8dbf-916f-09fd-6044-edf5a07a15b5
2019-T.33(161);af18cc7a-fa8f-11e2-8e56-9f72c6160288;4723340a-1b1d-df45-db2c-0bca82665a3c
2019-T.33(162);af18cc7a-fa8f-11e2-8e56-9f72c6160288;511eb95e-20b6-6c92-1883-398d212e0593
2019-T.33(163);af18cc7a-fa8f-11e2-8e56-9f72c6160288;3fb362bf-1789-7606-ab11-a37ad80282ec
2019-T.33(164);af18cc7a-fa8f-11e2-8e56-9f72c6160288;cb522321-ecbd-97f8-c5e0-fa21127b5ee0
2019-T.33(165);af18cc7a-fa8f-11e2-8e56-9f72c6160288;9f815e17-9047-a138-bce7-6c451ebda1f3
2019-T.33(166);af18cc7a-fa8f-11e2-8e56-9f72c6160288;9264a8aa-2432-ea7e-0012-2435f620348e
2019-T.33(167);af18cc7a-fa8f-11e2-8e56-9f72c6160288;4f4e50ec-c493-d52d-8830-f99a723d1168
2019-T.33(168);af18cc7a-fa8f-11e2-8e56-9f72c6160288;a754c70c-2fc4-41eb-11a5-05060eb70f63
2019-T.33(169);af18cc7a-fa8f-11e2-8e56-9f72c6160288;0a97619c-e193-f4ff-9c32-768ca6f03d22
2019-T.33(17);af18cc7a-fa8f-11e2-8e56-9f72c6160288;70122e12-a8a9-eb8e-d76a-3876573fc468
2019-T.33(170);af18cc7a-fa8f-11e2-8e56-9f72c6160288;de2b5325-89b2-5d94-6ca9-4bb7d4a10638
2019-T.33(171);af18cc7a-fa8f-11e2-8e56-9f72c6160288;d9325c5d-9714-44d6-6dcf-b003ff5ceb52
2019-T.33(172);af18cc7a-fa8f-11e2-8e56-9f72c6160288;b9f15765-cde5-8de0-ea72-e647e4158aac
2019-T.33(173);af18cc7a-fa8f-11e2-8e56-9f72c6160288;6e13479f-33c5-ae90-54b0-6bf26c9dfed5
2019-T.33(174);af18cc7a-fa8f-11e2-8e56-9f72c6160288;38dbca42-9273-75fc-91e2-0bb4dbbf0d55
2019-T.33(175);af18cc7a-fa8f-11e2-8e56-9f72c6160288;89ccd190-b272-73a8-7bf2-bb8c0525867d
2019-T.33(176);af18cc7a-fa8f-11e2-8e56-9f72c6160288;8a76631b-49fc-71ef-2888-af4efcabc18f
2019-T.33(177);af18cc7a-fa8f-11e2-8e56-9f72c6160288;061a3fbd-3655-993a-be0d-15123293c3ad
2019-T.33(178);af18cc7a-fa8f-11e2-8e56-9f72c6160288;408a10ef-b223-c447-72c4-199ad15bd19c
2019-T.33(179);af18cc7a-fa8f-11e2-8e56-9f72c6160288;5e8cc52e-fc67-885c-838c-706d35f351cd
2019-T.33(18);af18cc7a-fa8f-11e2-8e56-9f72c6160288;ba6edfce-c7ed-6959-1a4f-2f26e52fd2b9
2019-T.33(180);af18cc7a-fa8f-11e2-8e56-9f72c6160288;ff04ea17-b34d-d2f1-79c1-7b8aa8e11548
2019-T.33(181);af18cc7a-fa8f-11e2-8e56-9f72c6160288;cb2995b9-37e2-102a-ebf9-de3a650a58e7
2019-T.33(182);af18cc7a-fa8f-11e2-8e56-9f72c6160288;21d7810e-4aba-8fc5-a74c-59d1e4019018
2019-T.33(183);af18cc7a-fa8f-11e2-8e56-9f72c6160288;4936f227-408f-cff5-9388-0de5ae82fa02
2019-T.33(184);af18cc7a-fa8f-11e2-8e56-9f72c6160288;3aac92f5-aab2-42c4-08b4-b9b50a5dd6d3
2019-T.33(19);af18cc7a-fa8f-11e2-8e56-9f72c6160288;5f4203df-eb96-4fdc-4191-da17ac52dd07
2019-T.33(2);af18cc7a-fa8f-11e2-8e56-9f72c6160288;82f21be5-1ed6-d31a-b445-a85463ed0e7a
2019-T.33(20);af18cc7a-fa8f-11e2-8e56-9f72c6160288;6f53f1e4-75c2-1460-2de2-1fec96f37e04
2019-T.33(21);af18cc7a-fa8f-11e2-8e56-9f72c6160288;d52e1e67-55cd-838b-5d81-a9a240eeb354
2019-T.33(22);af18cc7a-fa8f-11e2-8e56-9f72c6160288;cd6c14ae-cd25-9129-9c5d-68852b2449d9
2019-T.33(23);af18cc7a-fa8f-11e2-8e56-9f72c6160288;f8c850ea-c438-107c-0fe8-8d98e4b5f08c
2019-T.33(24);af18cc7a-fa8f-11e2-8e56-9f72c6160288;7b8555e2-d89c-a1ba-f7f8-5e72f638c968
2019-T.33(25);af18cc7a-fa8f-11e2-8e56-9f72c6160288;162b75d0-ee62-14d7-2b14-fe9e9c60d468
2019-T.33(26);af18cc7a-fa8f-11e2-8e56-9f72c6160288;7b26aa45-d66e-b77e-e333-c1fd16aa98c5
2019-T.33(27);af18cc7a-fa8f-11e2-8e56-9f72c6160288;a4e3bb15-a266-0279-e05b-dec6b0870ad6
2019-T.33(28);af18cc7a-fa8f-11e2-8e56-9f72c6160288;c08d7ac2-a697-9bc3-116f-58ec87dffe87
2019-T.33(29);af18cc7a-fa8f-11e2-8e56-9f72c6160288;99534ccf-42e1-7358-30f9-ab022115b337
2019-T.33(3);af18cc7a-fa8f-11e2-8e56-9f72c6160288;ea0ae185-b8a1-74ab-870a-f64455994560
2019-T.33(30);af18cc7a-fa8f-11e2-8e56-9f72c6160288;a8083290-dd4d-9a50-ae29-281485dddac3
2019-T.33(31);af18cc7a-fa8f-11e2-8e56-9f72c6160288;6be27f02-7f51-a24f-a27c-20f677cd3668
2019-T.33(32);af18cc7a-fa8f-11e2-8e56-9f72c6160288;34baf4cf-7362-7196-858e-e68ad14d73fc
2019-T.33(33);af18cc7a-fa8f-11e2-8e56-9f72c6160288;4aab585c-8de8-2d13-a2c8-f17671943cf4
2019-T.33(34);af18cc7a-fa8f-11e2-8e56-9f72c6160288;2a9a6c96-b280-e9e2-3cb3-c0dd47b2fdad
2019-T.33(35);af18cc7a-fa8f-11e2-8e56-9f72c6160288;329d86c3-d70f-1488-798a-7c50fdd6f549
2019-T.33(36);af18cc7a-fa8f-11e2-8e56-9f72c6160288;e9b20e80-f2d5-c288-0539-175faf0be1e8
2019-T.33(37);af18cc7a-fa8f-11e2-8e56-9f72c6160288;df6986e7-9f13-5350-3512-6002c46da9fb
2019-T.33(38);af18cc7a-fa8f-11e2-8e56-9f72c6160288;4d504235-0444-d6fd-f38e-172baa3caf22
2019-T.33(39);af18cc7a-fa8f-11e2-8e56-9f72c6160288;7b99af95-6d60-8eb2-39bf-6ed436ff4d30
2019-T.33(4);af18cc7a-fa8f-11e2-8e56-9f72c6160288;1a4da4dc-5419-bfdd-c345-ec64931951f2
2019-T.33(40);af18cc7a-fa8f-11e2-8e56-9f72c6160288;3748ff90-d5a9-0133-cb23-672906910a5a
2019-T.33(41);af18cc7a-fa8f-11e2-8e56-9f72c6160288;e30dbc99-8214-c577-ae20-27e7e469f632
2019-T.33(42);af18cc7a-fa8f-11e2-8e56-9f72c6160288;ae576cbf-6791-1b7c-ebae-0c7eb2d3fbbe
2019-T.33(43);af18cc7a-fa8f-11e2-8e56-9f72c6160288;8ee099ee-d000-cd0d-9a56-0f59eb043b6a
2019-T.33(44);af18cc7a-fa8f-11e2-8e56-9f72c6160288;8559dc51-3b4c-b2f6-17d3-a60df7d20156
2019-T.33(45);af18cc7a-fa8f-11e2-8e56-9f72c6160288;64dffd24-8679-1172-a5d8-2f35c10d9bda
2019-T.33(46);af18cc7a-fa8f-11e2-8e56-9f72c6160288;b9167b1c-b133-bfbf-c33b-5f1c07627b75
2019-T.33(47);af18cc7a-fa8f-11e2-8e56-9f72c6160288;3b12abc3-7683-a34d-08aa-7bb4f2284878
2019-T.33(48);af18cc7a-fa8f-11e2-8e56-9f72c6160288;ce2f9f50-9cd7-fd92-5ad1-08ee6d3ef278
2019-T.33(49);af18cc7a-fa8f-11e2-8e56-9f72c6160288;991b2eae-3fa3-7ebc-b6b0-7e1d13faa734
2019-T.33(5);af18cc7a-fa8f-11e2-8e56-9f72c6160288;dd39dcef-1bd5-2344-9eec-df82fabb1c63
2019-T.33(50);af18cc7a-fa8f-11e2-8e56-9f72c6160288;2dbf195a-1d89-14a8-be5c-8f1e031031ef
2019-T.33(51);af18cc7a-fa8f-11e2-8e56-9f72c6160288;c1cdb93b-46de-e0a7-5b99-e57cf994d64b
2019-T.33(52);af18cc7a-fa8f-11e2-8e56-9f72c6160288;0b3af412-bc8d-7b41-5c9c-82afcd71f050
2019-T.33(53);af18cc7a-fa8f-11e2-8e56-9f72c6160288;325ae296-b01b-ea2a-0c92-67329de0b373
2019-T.33(54);af18cc7a-fa8f-11e2-8e56-9f72c6160288;4b9a07ce-f2a8-9ffc-ab0f-9348767f19c4
2019-T.33(55);af18cc7a-fa8f-11e2-8e56-9f72c6160288;50a16b80-cb26-d53a-870f-a915c7a2d526
2019-T.33(56);af18cc7a-fa8f-11e2-8e56-9f72c6160288;13ee0c33-2dad-f2f8-0bdc-9ba6036d2ce0
2019-T.33(57);af18cc7a-fa8f-11e2-8e56-9f72c6160288;538f755d-fdb4-3901-e5c3-4f815b32f920
2019-T.33(58);af18cc7a-fa8f-11e2-8e56-9f72c6160288;9868eb2e-51c9-c777-7f7a-921ef00d80e3
2019-T.33(59);af18cc7a-fa8f-11e2-8e56-9f72c6160288;4ed224ef-98c3-2646-e30c-9a483197e01f
2019-T.33(6);af18cc7a-fa8f-11e2-8e56-9f72c6160288;e70669b5-a56a-b572-a89f-4d434cc9d003
2019-T.33(60);af18cc7a-fa8f-11e2-8e56-9f72c6160288;235d411f-be91-4ee1-bcd8-3dfe0813f2e5
2019-T.33(61);af18cc7a-fa8f-11e2-8e56-9f72c6160288;52206cf6-d0b8-06c9-b065-05d8b7b2cf2d
2019-T.33(62);af18cc7a-fa8f-11e2-8e56-9f72c6160288;0b2bbb8f-f713-03eb-2711-b1cce4a5a563
2019-T.33(63);af18cc7a-fa8f-11e2-8e56-9f72c6160288;2ea7c288-df26-cda1-87c0-5148f624ee9c
2019-T.33(64);af18cc7a-fa8f-11e2-8e56-9f72c6160288;36588a98-36c1-d9f0-7627-141583b86a89
2019-T.33(65);af18cc7a-fa8f-11e2-8e56-9f72c6160288;15951a53-2350-73da-f0ad-b94970cf027d
2019-T.33(66);af18cc7a-fa8f-11e2-8e56-9f72c6160288;0b9960b7-b6bd-f8ca-f984-54de5bfd01f6
2019-T.33(67);af18cc7a-fa8f-11e2-8e56-9f72c6160288;758d6f4c-2579-be3e-4b03-2ef38ac007d0
2019-T.33(68);af18cc7a-fa8f-11e2-8e56-9f72c6160288;ad1f45c4-80dc-bbe6-94cc-f10b6778c9ca
2019-T.33(69);af18cc7a-fa8f-11e2-8e56-9f72c6160288;b59a6721-c922-d0b1-32b0-7b5c7eec31ca
2019-T.33(7);af18cc7a-fa8f-11e2-8e56-9f72c6160288;512fca0e-cb39-1a5c-3216-c61788a5afb8
2019-T.33(70);af18cc7a-fa8f-11e2-8e56-9f72c6160288;2a3d4e8a-99c9-f54a-9a49-0e24fda31909
2019-T.33(71);af18cc7a-fa8f-11e2-8e56-9f72c6160288;8934bd2b-8a84-f92d-f97a-582fe050a334
2019-T.33(72);af18cc7a-fa8f-11e2-8e56-9f72c6160288;f49b1d7f-6bf0-8224-d128-daf41e47a9f1
2019-T.33(73);af18cc7a-fa8f-11e2-8e56-9f72c6160288;31e39646-cf92-ce28-4b0c-30b3380b2e88
2019-T.33(74);af18cc7a-fa8f-11e2-8e56-9f72c6160288;dc43d82c-ff37-214f-22f2-198fe1c1840e
2019-T.33(75);af18cc7a-fa8f-11e2-8e56-9f72c6160288;49abd63d-3172-6f51-6621-f4aceaa289af
2019-T.33(76);af18cc7a-fa8f-11e2-8e56-9f72c6160288;383ccc7a-5dba-2a71-0566-06190cc44ea4
2019-T.33(77);af18cc7a-fa8f-11e2-8e56-9f72c6160288;62b73b73-a17a-4c92-e76b-e2af7c923508
2019-T.33(78);af18cc7a-fa8f-11e2-8e56-9f72c6160288;5809b494-9b28-c582-b221-3fc16c7ff198
2019-T.33(79);af18cc7a-fa8f-11e2-8e56-9f72c6160288;be59558e-d841-7dfc-805b-94b554191e26
2019-T.33(8);af18cc7a-fa8f-11e2-8e56-9f72c6160288;f092d36b-31f6-d8fd-70c6-7c9386152c0b
2019-T.33(80);af18cc7a-fa8f-11e2-8e56-9f72c6160288;ef618550-43ea-5bc6-cd01-434cd7c88638
2019-T.33(81);af18cc7a-fa8f-11e2-8e56-9f72c6160288;efb9584a-b1af-6a46-5218-65ef21f3071c
2019-T.33(82);af18cc7a-fa8f-11e2-8e56-9f72c6160288;d3a250ca-0f96-d48b-413c-25a9e6b4aaac
2019-T.33(83);af18cc7a-fa8f-11e2-8e56-9f72c6160288;1746b0cc-cf21-34ea-5ffc-84f70da3a873
2019-T.33(84);af18cc7a-fa8f-11e2-8e56-9f72c6160288;72c60e94-1d17-76e8-906c-0f803944810d
2019-T.33(85);af18cc7a-fa8f-11e2-8e56-9f72c6160288;ff5100d7-62e5-ab2e-fbed-fca9105e7579
2019-T.33(86);af18cc7a-fa8f-11e2-8e56-9f72c6160288;225ddedd-8b48-866e-dd3c-00d0ef2cf2b5
2019-T.33(87);af18cc7a-fa8f-11e2-8e56-9f72c6160288;fae78aff-dfdf-3739-8260-93f9776b53f9
2019-T.33(88);af18cc7a-fa8f-11e2-8e56-9f72c6160288;de24054d-964e-ed67-c82e-bb1a00fcecfa
2019-T.33(89);af18cc7a-fa8f-11e2-8e56-9f72c6160288;e15a556e-5ca8-fc68-d13c-e7c2c45170fd
2019-T.33(9);af18cc7a-fa8f-11e2-8e56-9f72c6160288;c50900e2-38ee-3fe0-a633-57025a8b74a8
2019-T.33(90);af18cc7a-fa8f-11e2-8e56-9f72c6160288;eca5003f-2db0-94c5-576d-8968a0322969
2019-T.33(91);af18cc7a-fa8f-11e2-8e56-9f72c6160288;7db6e1c0-f182-0838-d58a-621b92c4d3cc
2019-T.33(92);af18cc7a-fa8f-11e2-8e56-9f72c6160288;39d452bc-d610-8cc8-4139-3c44ba6f475a
2019-T.33(93);af18cc7a-fa8f-11e2-8e56-9f72c6160288;0e6fe4f5-2333-4198-267c-9ca998878f6f
2019-T.33(94);af18cc7a-fa8f-11e2-8e56-9f72c6160288;6dd2e19a-a4ff-12b0-77e1-bb759b375fef
2019-T.33(95);af18cc7a-fa8f-11e2-8e56-9f72c6160288;d19651d0-ae73-a7d8-673c-a452f3474f47
2019-T.33(96);af18cc7a-fa8f-11e2-8e56-9f72c6160288;afe3d1ea-4f4e-8e76-4aa7-961a62903ffa
2019-T.33(97);af18cc7a-fa8f-11e2-8e56-9f72c6160288;0473d17b-4d1c-a466-9b45-4126f3f85b9c
2019-T.33(98);af18cc7a-fa8f-11e2-8e56-9f72c6160288;a9be864a-8c91-a8e6-97ba-f29d94330e1c
2019-T.33(99);af18cc7a-fa8f-11e2-8e56-9f72c6160288;95836961-e765-cd5b-27b8-8d76e610a30e
2019-T.34;af18cc7a-fa8f-11e2-8e56-9f72c6160288;98fbc20a-5f41-eb9e-6c60-54383e0f4f9e
2019-T.35;af18cc7a-fa8f-11e2-8e56-9f72c6160288;f79f5b6e-c670-0e26-c4fb-5d53f9f04ed3
2019-T.36;af18cc7a-fa8f-11e2-8e56-9f72c6160288;e6993377-b4c8-3b0d-97d2-51a4f1ceb29f
2019-T.37;af18cc7a-fa8f-11e2-8e56-9f72c6160288;057c895a-3621-7d6d-1f62-8caa2fe18894
2019-T.38;af18cc7a-fa8f-11e2-8e56-9f72c6160288;0fa1ae30-323b-94ab-76dc-8d99957d11c9
2019-T.39;af18cc7a-fa8f-11e2-8e56-9f72c6160288;76b5606b-0fcc-1fc3-821f-d1dbe5577288
2019-T.4;af18cc7a-fa8f-11e2-8e56-9f72c6160288;8d09aee6-cf12-35f1-d21a-8c66a633c746
2019-T.40;af18cc7a-fa8f-11e2-8e56-9f72c6160288;7e11b46f-beaa-a4d0-d7b9-07e864b71a74
2019-T.41;af18cc7a-fa8f-11e2-8e56-9f72c6160288;cd63f457-6ac7-c36c-9744-2a43778e7f0b
2019-T.42;af18cc7a-fa8f-11e2-8e56-9f72c6160288;813cc78e-b425-5cd9-259a-7c707e02f4e0
2019-T.43;af18cc7a-fa8f-11e2-8e56-9f72c6160288;75eb716c-90d0-aff7-d5c9-6cbbad820353
2019-T.44;af18cc7a-fa8f-11e2-8e56-9f72c6160288;4975ab2e-83fe-ce0a-66fc-6a1896df0b98
2019-T.45;af18cc7a-fa8f-11e2-8e56-9f72c6160288;d21b28ce-54c4-fb57-b6d0-d2727ccda066
2019-T.46;af18cc7a-fa8f-11e2-8e56-9f72c6160288;da66316e-0926-edff-bf45-61f375aceccd
2019-T.47;af18cc7a-fa8f-11e2-8e56-9f72c6160288;96f129ad-7c5b-9f3d-d172-96054c1ea756
2019-T.48;af18cc7a-fa8f-11e2-8e56-9f72c6160288;ad22db9f-ec26-78d3-1f0e-4d27ebf17058
2019-T.49;af18cc7a-fa8f-11e2-8e56-9f72c6160288;994ae5b4-b5cd-1353-5320-f899f381337a
2019-T.5;af18cc7a-fa8f-11e2-8e56-9f72c6160288;1ca0a7ea-16cc-5085-ebec-ce67d5cf98e6
2019-T.50;af18cc7a-fa8f-11e2-8e56-9f72c6160288;b6f37c22-9d29-644b-3daf-7bbc9f25ae65
2019-T.51;af18cc7a-fa8f-11e2-8e56-9f72c6160288;96934ce9-1a13-8e32-8ddc-e92d1deff2b3
2019-T.52;af18cc7a-fa8f-11e2-8e56-9f72c6160288;46db87d7-52d9-9cf2-a5cc-68267fe53aa0
2019-T.53;af18cc7a-fa8f-11e2-8e56-9f72c6160288;62a26912-ed6e-9d0f-a646-7a11c9d6e098
2019-T.54;af18cc7a-fa8f-11e2-8e56-9f72c6160288;d3a52ea0-22a1-73ef-535e-11419483d4b3
2019-T.55;af18cc7a-fa8f-11e2-8e56-9f72c6160288;853e5baa-96eb-3e7f-e67a-543e735ebf0f
2019-T.56;af18cc7a-fa8f-11e2-8e56-9f72c6160288;a64e1f77-12df-0600-f9b9-280b3119465f
2019-T.57;af18cc7a-fa8f-11e2-8e56-9f72c6160288;31c7ba16-b873-27f3-aca9-7275f1967e87
2019-T.58;af18cc7a-fa8f-11e2-8e56-9f72c6160288;731bdacd-35ae-8d0f-99fb-d2d8ff9f4c1e
2019-T.59;af18cc7a-fa8f-11e2-8e56-9f72c6160288;55ffeabd-451b-4184-44b8-0a638c14a8c9
2019-T.6;af18cc7a-fa8f-11e2-8e56-9f72c6160288;88dfdd69-a383-20c3-6473-0204e91bffe6
2019-T.60;af18cc7a-fa8f-11e2-8e56-9f72c6160288;704b8ef8-430e-7a27-6917-470f0f68edd4
2019-T.61;af18cc7a-fa8f-11e2-8e56-9f72c6160288;2a5e082b-e718-330a-a452-b754cbea954b
2019-T.62;af18cc7a-fa8f-11e2-8e56-9f72c6160288;e8c63523-b923-fbc3-7021-0ccde264648b
2019-T.63;af18cc7a-fa8f-11e2-8e56-9f72c6160288;b436d274-cfb3-d68b-02f6-6b9d97500c8d
2019-T.64;af18cc7a-fa8f-11e2-8e56-9f72c6160288;0c9f9a3f-8050-9619-e60d-4456de7504af
2019-T.65;af18cc7a-fa8f-11e2-8e56-9f72c6160288;ae7b90d8-fe14-8c64-68bf-47e1437d905c
2019-T.66;af18cc7a-fa8f-11e2-8e56-9f72c6160288;52e753da-7612-6083-ecbe-70bd3accae53
2019-T.67;af18cc7a-fa8f-11e2-8e56-9f72c6160288;de19cadc-84f1-fb61-2639-d0789f62336e
2019-T.68;af18cc7a-fa8f-11e2-8e56-9f72c6160288;664bebe9-c8a5-7c11-0a88-6c43091137c3
2019-T.69;af18cc7a-fa8f-11e2-8e56-9f72c6160288;a81bc72f-eb91-8fa7-bf9f-7f0f4422b9b7
2019-T.7;af18cc7a-fa8f-11e2-8e56-9f72c6160288;ce5d7994-8e94-446b-a2f3-3cc192d22173
2019-T.70;af18cc7a-fa8f-11e2-8e56-9f72c6160288;0a5fd7b3-d478-0eac-b6b5-7dcb719de1c0
2019-T.71;af18cc7a-fa8f-11e2-8e56-9f72c6160288;3ec4a833-e2e8-74b6-9687-6b5f0e0334b6
2019-T.72;af18cc7a-fa8f-11e2-8e56-9f72c6160288;763fc17c-3e72-7850-7905-cd091fe3a6fc
2019-T.73;af18cc7a-fa8f-11e2-8e56-9f72c6160288;6e0d3f83-6614-1656-d734-cfe61f33f385
2019-T.74;af18cc7a-fa8f-11e2-8e56-9f72c6160288;240bd9a4-3617-f589-591f-1f49087050ee
2019-T.75;af18cc7a-fa8f-11e2-8e56-9f72c6160288;f4b8d8d4-0d3a-a5f0-3608-ee59beefee67
2019-T.76;af18cc7a-fa8f-11e2-8e56-9f72c6160288;7326c391-2496-129a-d26a-d289eb555eda
2019-T.77;af18cc7a-fa8f-11e2-8e56-9f72c6160288;b8b36553-061d-4ede-f65c-42af87f85ef1
2019-T.78;af18cc7a-fa8f-11e2-8e56-9f72c6160288;caed152e-22b3-bf02-fd0c-c95cd7bbb338
2019-T.79;af18cc7a-fa8f-11e2-8e56-9f72c6160288;55fff2b6-a0d7-b1de-3398-48bcfd1e7008
2019-T.8;af18cc7a-fa8f-11e2-8e56-9f72c6160288;81e6e0e5-74cd-6392-3d66-2733d2e85f45
2019-T.80;af18cc7a-fa8f-11e2-8e56-9f72c6160288;7d222567-802d-2e60-cb8b-2ddb848be525
2019-T.81;af18cc7a-fa8f-11e2-8e56-9f72c6160288;f6de3b28-e423-f9fa-bb79-02c0d425f3f4
2019-T.82;af18cc7a-fa8f-11e2-8e56-9f72c6160288;e6fe5770-0969-c155-4b4e-5eb2c57715f1
2019-T.83;af18cc7a-fa8f-11e2-8e56-9f72c6160288;f0dcf6f2-a458-76b8-3b3a-b33c19071507
2019-T.84;af18cc7a-fa8f-11e2-8e56-9f72c6160288;16caaa76-f965-ab02-ee0b-15ef060ca52e
2019-T.85;af18cc7a-fa8f-11e2-8e56-9f72c6160288;1b0c9838-9cb8-293d-9ffd-cf63f3023574
2019-T.86;af18cc7a-fa8f-11e2-8e56-9f72c6160288;d67c0a49-dad8-9cdb-e1b3-a5c45c7f7c70
2019-T.87;af18cc7a-fa8f-11e2-8e56-9f72c6160288;e4b88129-de4d-3006-2440-c488d3d64db6
2019-T.88;af18cc7a-fa8f-11e2-8e56-9f72c6160288;896926af-c23d-5e4a-809c-38489209d001
2019-T.89;af18cc7a-fa8f-11e2-8e56-9f72c6160288;ede1fcd7-05d1-bafe-b9a4-32be6d84e3d7
2019-T.9;af18cc7a-fa8f-11e2-8e56-9f72c6160288;b7eb3662-5023-343c-0b7c-c769686e193e
2019-T.90;af18cc7a-fa8f-11e2-8e56-9f72c6160288;85848d07-8db3-c669-d5db-e809f92d64d8
2019-T.91;af18cc7a-fa8f-11e2-8e56-9f72c6160288;a49919c9-c8c4-6a90-7e1d-e4af4d888146
2019-T.92;af18cc7a-fa8f-11e2-8e56-9f72c6160288;ec155898-a597-3507-0f7e-5e605d2ced75
2019-T.92A;af18cc7a-fa8f-11e2-8e56-9f72c6160288;bf494096-ca48-2599-958c-d82358cbc366
2019-T.93;af18cc7a-fa8f-11e2-8e56-9f72c6160288;ce25b26e-4a0b-da8f-6a8e-8083c97647a2
2019-T.94;af18cc7a-fa8f-11e2-8e56-9f72c6160288;15f1848e-107b-9f3c-de97-4bd88d2a67a4
2019-T.95;af18cc7a-fa8f-11e2-8e56-9f72c6160288;07639684-fc19-f04d-be4c-7b9a8b8b8a88
2019-T.96;af18cc7a-fa8f-11e2-8e56-9f72c6160288;f11f3366-114e-3768-47cd-4c4e3e621091
2019-T.97;af18cc7a-fa8f-11e2-8e56-9f72c6160288;bf765b91-c6d5-07cc-1c1c-ee575a4d2d41
2019-T.98;af18cc7a-fa8f-11e2-8e56-9f72c6160288;007645dc-7260-5716-456e-1c71840552db
2019-T.99;af18cc7a-fa8f-11e2-8e56-9f72c6160288;c5ca3e1f-e5dd-5f94-5981-a831d7197421
2020-T.1;af18cc7a-fa8f-11e2-8e56-9f72c6160288;7a1a4ee2-8c50-b79a-0ea9-8c564fd85c48
2020-T.10;af18cc7a-fa8f-11e2-8e56-9f72c6160288;217c10f4-6074-779d-718f-dd96426bbf6b
2020-T.100;af18cc7a-fa8f-11e2-8e56-9f72c6160288;ac2a53ce-b6c1-6b46-2f0c-41767b69087b
2020-T.101;af18cc7a-fa8f-11e2-8e56-9f72c6160288;29a57db0-9ce5-7abc-bd60-b191b2019b75
2020-T.102;af18cc7a-fa8f-11e2-8e56-9f72c6160288;5163b95a-7843-487a-6bd7-f786bc7f55a2
2020-T.103;af18cc7a-fa8f-11e2-8e56-9f72c6160288;f08c6044-afb1-3334-fdb5-5cdde29e05e2
2020-T.104;af18cc7a-fa8f-11e2-8e56-9f72c6160288;1f1c780a-b160-6e91-1199-5630a77de6a6
2020-T.105;af18cc7a-fa8f-11e2-8e56-9f72c6160288;a21e38ff-7b2f-a82b-206a-afabab0ab7d7
2020-T.106;af18cc7a-fa8f-11e2-8e56-9f72c6160288;4d4af4bb-3ccd-b334-ebab-bc736389c298
2020-T.107;af18cc7a-fa8f-11e2-8e56-9f72c6160288;8cdb0762-c362-e18a-10fa-d2b03905b1f4
2020-T.108;af18cc7a-fa8f-11e2-8e56-9f72c6160288;9c389001-aa93-9a01-aa09-ddc32fbda75b
2020-T.109;af18cc7a-fa8f-11e2-8e56-9f72c6160288;1b1be2ad-688a-eaca-6d54-c5fc7c03cdb7
2020-T.11;af18cc7a-fa8f-11e2-8e56-9f72c6160288;972f64ed-99d1-4d6f-2e6b-7a15298cfaf9
2020-T.110;af18cc7a-fa8f-11e2-8e56-9f72c6160288;d612888b-c865-4e79-df29-e67190a07a81
2020-T.111;af18cc7a-fa8f-11e2-8e56-9f72c6160288;aa5b6c4e-09e1-d69b-2f81-0312638acb21
2020-T.112;af18cc7a-fa8f-11e2-8e56-9f72c6160288;02f24359-47bd-8b53-64b1-6873b4808670
2020-T.113;af18cc7a-fa8f-11e2-8e56-9f72c6160288;0ceda4a8-5976-6cf6-9d2a-6e2f84673e6b
2020-T.114;af18cc7a-fa8f-11e2-8e56-9f72c6160288;18ccbccd-813f-a697-94c5-f9d9ecfe6def
2020-T.115;af18cc7a-fa8f-11e2-8e56-9f72c6160288;643cc4d9-644d-b217-568f-db0e3bcd0604
2020-T.116;af18cc7a-fa8f-11e2-8e56-9f72c6160288;d13b3f99-551a-697e-4b57-c2b209ffd45a
2020-T.117;af18cc7a-fa8f-11e2-8e56-9f72c6160288;0f934cfa-fec1-368a-d7ed-3bc6d6dab227
2020-T.118;af18cc7a-fa8f-11e2-8e56-9f72c6160288;4d5c3744-b727-c85b-98cb-546e92a74415
2020-T.119;af18cc7a-fa8f-11e2-8e56-9f72c6160288;82fe7b5d-bd0a-8b9e-d4ac-40db297efa25
2020-T.12;af18cc7a-fa8f-11e2-8e56-9f72c6160288;66b1aca5-d6dc-0a89-638d-98cbf15edc71
2020-T.120;af18cc7a-fa8f-11e2-8e56-9f72c6160288;2ee73fe2-c476-fd02-ab38-c23a096f68b7
2020-T.121;af18cc7a-fa8f-11e2-8e56-9f72c6160288;aec4cca7-7a58-596e-3aed-6d2aa7c7d1dc
2020-T.122;af18cc7a-fa8f-11e2-8e56-9f72c6160288;791e5671-5550-0684-ba57-0be1bd0b7546
2020-T.123;af18cc7a-fa8f-11e2-8e56-9f72c6160288;0cbcc537-8bed-508e-67d7-1333cc0137b1
2020-T.124;af18cc7a-fa8f-11e2-8e56-9f72c6160288;8e4eaa32-f1a1-92ea-a443-57198ec89fa3
2020-T.125;af18cc7a-fa8f-11e2-8e56-9f72c6160288;35ec9554-880c-be11-1fab-d47ec583e959
2020-T.126;af18cc7a-fa8f-11e2-8e56-9f72c6160288;dfbfc219-b494-e81c-d010-0f6e3c7cda6a
2020-T.127;af18cc7a-fa8f-11e2-8e56-9f72c6160288;20701935-967e-480e-522a-bed004bf1cc9
2020-T.128;af18cc7a-fa8f-11e2-8e56-9f72c6160288;784af45f-a4e3-727e-876e-286d4763ae94
2020-T.129;af18cc7a-fa8f-11e2-8e56-9f72c6160288;3a8bfe69-eee8-90b8-b034-32629eaa8f78
2020-T.13;af18cc7a-fa8f-11e2-8e56-9f72c6160288;f4ab45d0-d99e-8620-b614-0b5402a7fd87
2020-T.130;af18cc7a-fa8f-11e2-8e56-9f72c6160288;67aef435-f7f8-b174-09d3-44c2dee5a3af
2020-T.131;af18cc7a-fa8f-11e2-8e56-9f72c6160288;07b70d28-4a56-111f-1411-25f78f9437c7
2020-T.132;af18cc7a-fa8f-11e2-8e56-9f72c6160288;21784bc3-5b0d-9360-85c3-1fb28a5b315b
2020-T.133;af18cc7a-fa8f-11e2-8e56-9f72c6160288;59bb9c94-d912-f72a-7909-e2c5e61ae5ff
2020-T.134;af18cc7a-fa8f-11e2-8e56-9f72c6160288;2c3d01ac-7355-042d-b93f-54f11d4dd477
2020-T.135(A);af18cc7a-fa8f-11e2-8e56-9f72c6160288;9d8876ec-806a-87fe-914a-cab9c9df17c8
2020-T.135(B);af18cc7a-fa8f-11e2-8e56-9f72c6160288;10909b0f-9a5a-0684-2d4d-f336b86d4428
2020-T.136;af18cc7a-fa8f-11e2-8e56-9f72c6160288;4eb10ede-d1fd-0ba3-68cd-33bf0674409e
2020-T.137;af18cc7a-fa8f-11e2-8e56-9f72c6160288;fcf411a8-1b60-208f-098e-198cc07fdb7e
2020-T.138;af18cc7a-fa8f-11e2-8e56-9f72c6160288;ebed3769-e4a3-a09e-bdc5-f3c9ccfff676
2020-T.139;af18cc7a-fa8f-11e2-8e56-9f72c6160288;47e80941-8d63-2884-b510-3bba8e3d5507
2020-T.14;af18cc7a-fa8f-11e2-8e56-9f72c6160288;a754be78-677e-ed2c-4c26-ebc19e63fcf3
2020-T.140;af18cc7a-fa8f-11e2-8e56-9f72c6160288;5e1aa7e0-1a09-fda3-df24-4eec316ec706
2020-T.141;af18cc7a-fa8f-11e2-8e56-9f72c6160288;436e2be9-4263-f894-8205-ce4d91114420
2020-T.142;af18cc7a-fa8f-11e2-8e56-9f72c6160288;70e40f5d-86d5-6223-6cbb-0e052d70008d
2020-T.143;af18cc7a-fa8f-11e2-8e56-9f72c6160288;0367f7e0-bbaa-6eba-2d32-755fab19769c
2020-T.144;af18cc7a-fa8f-11e2-8e56-9f72c6160288;916f7f73-5ad6-2f97-81b8-bf9b09d4bf97
2020-T.145;af18cc7a-fa8f-11e2-8e56-9f72c6160288;34ae90a7-4069-4345-5d1b-f9bcea433028
2020-T.146;af18cc7a-fa8f-11e2-8e56-9f72c6160288;26a0786f-75ab-93e8-9c57-11074a1a60d0
2020-T.147;af18cc7a-fa8f-11e2-8e56-9f72c6160288;642b3e01-c0d2-d442-2da8-5e9f9985d457
2020-T.148;af18cc7a-fa8f-11e2-8e56-9f72c6160288;6ef22049-1daa-f4a2-124a-cd7ca9423968
2020-T.149;af18cc7a-fa8f-11e2-8e56-9f72c6160288;8d3a3cef-bb18-b10e-b4dc-7b096bdc2c1f
2020-T.15;af18cc7a-fa8f-11e2-8e56-9f72c6160288;1110b4a0-131d-c5ad-9da6-b23cd64ca8aa
2020-T.150;af18cc7a-fa8f-11e2-8e56-9f72c6160288;927c0454-ddb9-1fcc-d2fd-4b24ef229b86
2020-T.151;af18cc7a-fa8f-11e2-8e56-9f72c6160288;2de9378e-2669-5582-c9de-96de881369c2
2020-T.152;af18cc7a-fa8f-11e2-8e56-9f72c6160288;2e739397-6dbb-7054-1acd-f10713c325bd
2020-T.153;af18cc7a-fa8f-11e2-8e56-9f72c6160288;ca70363b-26bc-ee1c-aebb-54fd4f427c1a
2020-T.154;af18cc7a-fa8f-11e2-8e56-9f72c6160288;428857ce-4800-8cb2-0f5c-8539bdda5dc8
2020-T.155;af18cc7a-fa8f-11e2-8e56-9f72c6160288;690541ae-5b53-5a7d-7b82-289e18785836
2020-T.156;af18cc7a-fa8f-11e2-8e56-9f72c6160288;a6d90e7b-2189-43f8-eca7-3b6e36affb25
2020-T.157;af18cc7a-fa8f-11e2-8e56-9f72c6160288;32cf421a-a2c8-0b5c-c452-8434d083f592
2020-T.158;af18cc7a-fa8f-11e2-8e56-9f72c6160288;3e78e4c7-341e-bd47-ad6e-d33b98c20db1
2020-T.159;af18cc7a-fa8f-11e2-8e56-9f72c6160288;4ce7ce72-dd8f-a429-cf09-6fb18e29fe1d
2020-T.16;af18cc7a-fa8f-11e2-8e56-9f72c6160288;8031eef6-684a-245b-fbae-7869f7b520cb
2020-T.160;af18cc7a-fa8f-11e2-8e56-9f72c6160288;56722b25-ed92-3dcb-1b45-67c5ffac235b
2020-T.161;af18cc7a-fa8f-11e2-8e56-9f72c6160288;0d9502b0-6aa4-757c-b6da-6fd536c592e8
2020-T.162;af18cc7a-fa8f-11e2-8e56-9f72c6160288;96bb1fcc-e3a8-6da2-53f3-eca9a65d998d
2020-T.163;af18cc7a-fa8f-11e2-8e56-9f72c6160288;642b3e01-c0d2-d442-2da8-5e9f9985d457
2020-T.164;af18cc7a-fa8f-11e2-8e56-9f72c6160288;642b3e01-c0d2-d442-2da8-5e9f9985d457
2020-T.165;af18cc7a-fa8f-11e2-8e56-9f72c6160288;642b3e01-c0d2-d442-2da8-5e9f9985d457
2020-T.166;af18cc7a-fa8f-11e2-8e56-9f72c6160288;3fcf289e-ae5f-8e74-1dc9-4c65ab0fdf82
2020-T.167;af18cc7a-fa8f-11e2-8e56-9f72c6160288;5ca61899-6273-26f6-2413-ff1fe1aff419
2020-T.17;af18cc7a-fa8f-11e2-8e56-9f72c6160288;20eba36b-050a-aeb4-808e-9b4b7a1c629a
2020-T.18;af18cc7a-fa8f-11e2-8e56-9f72c6160288;257d7d56-ecc7-2101-e8c4-cd3c01aae8c9
2020-T.19;af18cc7a-fa8f-11e2-8e56-9f72c6160288;0e5942df-8512-686f-cbd4-6f5d94dfb94e
2020-T.2;af18cc7a-fa8f-11e2-8e56-9f72c6160288;e7af5231-a7a5-dd88-e314-e8f71d83e5ee
2020-T.20;af18cc7a-fa8f-11e2-8e56-9f72c6160288;856174eb-9004-d53b-862f-e580b99e8069
2020-T.21;af18cc7a-fa8f-11e2-8e56-9f72c6160288;e084fc7c-5cfc-f3d4-9ac7-a473cc1d88e0
2020-T.22;af18cc7a-fa8f-11e2-8e56-9f72c6160288;26c5836e-c968-91d5-7bc3-96df0246fd06
2020-T.23;af18cc7a-fa8f-11e2-8e56-9f72c6160288;03ce20cc-5a80-5fc8-4a1d-917985c38647
2020-T.24;af18cc7a-fa8f-11e2-8e56-9f72c6160288;9e2981d0-7187-f2fc-0349-7a98cf640d3b
2020-T.25;af18cc7a-fa8f-11e2-8e56-9f72c6160288;9ced0899-366b-6aa6-705e-775b8c3ad254
2020-T.26;af18cc7a-fa8f-11e2-8e56-9f72c6160288;9ba51654-bd30-cef6-45e5-4a304e616288
2020-T.27;af18cc7a-fa8f-11e2-8e56-9f72c6160288;9584552c-6e35-d449-75fe-78feecdc1dae
2020-T.28;af18cc7a-fa8f-11e2-8e56-9f72c6160288;72ededc9-771d-09ad-697f-62c759d64e2e
2020-T.29;af18cc7a-fa8f-11e2-8e56-9f72c6160288;240be31e-3d96-5738-879c-75a58f9144d2
2020-T.2.fol.01r;af18cc7a-fa8f-11e2-8e56-9f72c6160288;4c207a19-b039-f47a-0b77-d6c9bb053c9a
2020-T.2.fol.02r;af18cc7a-fa8f-11e2-8e56-9f72c6160288;aafd7851-34d9-db72-999a-a8c8c7aae207
2020-T.2.fol.05r;af18cc7a-fa8f-11e2-8e56-9f72c6160288;d73cac49-7897-9d18-3577-a032af4fdecc
2020-T.2.fol.08r;af18cc7a-fa8f-11e2-8e56-9f72c6160288;bc3f6ed3-4125-c8cb-61b5-6472a5647fff
2020-T.2.fol.09r;af18cc7a-fa8f-11e2-8e56-9f72c6160288;aa4191f8-a5e6-fc2c-022a-7cb8b04503e7
2020-T.2.fol.10r;af18cc7a-fa8f-11e2-8e56-9f72c6160288;d1c7c3fe-ed25-8a72-ea05-9ae60ab95e48
2020-T.2.fol.11r;af18cc7a-fa8f-11e2-8e56-9f72c6160288;2dd59ce6-b6a2-fe3e-7cae-006c36b31194
2020-T.2.fol.13r;af18cc7a-fa8f-11e2-8e56-9f72c6160288;3ec7aa87-24b3-b2f7-37b1-5394d1a91ce7
2020-T.2.fol.14r;af18cc7a-fa8f-11e2-8e56-9f72c6160288;8a776eab-a65d-ced5-0e6d-7513230d5f8a
2020-T.2.fol.15r;af18cc7a-fa8f-11e2-8e56-9f72c6160288;7c14e93b-5d55-7634-8f05-ee3eb4b8038c
2020-T.2.fol.16r;af18cc7a-fa8f-11e2-8e56-9f72c6160288;8a09998c-4983-3b10-da09-4d79befb7ec8
2020-T.2.fol.17r;af18cc7a-fa8f-11e2-8e56-9f72c6160288;945e01fb-5e35-23ae-672a-a09b8fd9d3d0
2020-T.2.fol.18r;af18cc7a-fa8f-11e2-8e56-9f72c6160288;55120832-ee35-e839-5fe4-518cebb44d2a
2020-T.2.fol.19r;af18cc7a-fa8f-11e2-8e56-9f72c6160288;51f0b515-a56c-c46d-cc3b-5d1aef39a7fd
2020-T.2.fol.20r;af18cc7a-fa8f-11e2-8e56-9f72c6160288;80a76cfa-5b4d-90ff-9291-326f4e4bed21
2020-T.2.fol.21r;af18cc7a-fa8f-11e2-8e56-9f72c6160288;a49c0dba-7a9c-aebd-207f-2fcf389e5008
2020-T.2.fol.22r;af18cc7a-fa8f-11e2-8e56-9f72c6160288;f397616f-ac0b-33e8-98d7-8456a24b30c2
2020-T.2.fol.23r;af18cc7a-fa8f-11e2-8e56-9f72c6160288;001f8e7c-4155-fa51-4682-aee2109e4ff3
2020-T.2.fol.24r;af18cc7a-fa8f-11e2-8e56-9f72c6160288;71a946c9-e0dc-7c78-19c9-65d1c913a263
2020-T.2.fol.25r;af18cc7a-fa8f-11e2-8e56-9f72c6160288;d87295d4-c132-82e1-5a43-61537baf19ce
2020-T.2.fol.26r;af18cc7a-fa8f-11e2-8e56-9f72c6160288;db6a5bf8-e7d1-4f41-cedc-d6e53c1d4957
2020-T.2.fol.27r;af18cc7a-fa8f-11e2-8e56-9f72c6160288;84399724-a454-50c2-88cb-89a942d4b984
2020-T.2.fol.28r;af18cc7a-fa8f-11e2-8e56-9f72c6160288;0a0e96ad-552d-18f0-bdfc-2665015b236c
2020-T.2.fol.29r;af18cc7a-fa8f-11e2-8e56-9f72c6160288;f0bae0ea-305e-fddb-d74d-0287a06b073d
2020-T.2.fol.30r;af18cc7a-fa8f-11e2-8e56-9f72c6160288;fc543ca4-d46e-9be8-deb9-788a1e916e97
2020-T.2.fol.31r;af18cc7a-fa8f-11e2-8e56-9f72c6160288;06008ff3-5220-091f-df4f-2aa70c73b102
2020-T.2.fol.32r;af18cc7a-fa8f-11e2-8e56-9f72c6160288;894898c8-52ed-beb2-8063-07a22ed880fc
2020-T.2.fol.33r;af18cc7a-fa8f-11e2-8e56-9f72c6160288;87f770f8-8dc2-a8e0-0a80-b98a483911a1
2020-T.2.fol.34r;af18cc7a-fa8f-11e2-8e56-9f72c6160288;14743cb0-27c8-52b2-3eac-e2f08b4db327
2020-T.2.fol.35r;af18cc7a-fa8f-11e2-8e56-9f72c6160288;cbe86a5b-3698-4144-f442-13d85fd27e71
2020-T.2.fol.36r;af18cc7a-fa8f-11e2-8e56-9f72c6160288;38ef71c6-0e7c-a27f-d7a6-ad3d51d97b17
2020-T.2.fol.37r;af18cc7a-fa8f-11e2-8e56-9f72c6160288;bf0a5304-1d22-5a6b-e0df-8a06b8d98aaf
2020-T.2.fol.39r;af18cc7a-fa8f-11e2-8e56-9f72c6160288;284f5a9f-91c3-7f3b-35c7-4566a43e1e5c
2020-T.3;af18cc7a-fa8f-11e2-8e56-9f72c6160288;edb3bbab-675b-07ab-d6b2-872f75b598e4
2020-T.30;af18cc7a-fa8f-11e2-8e56-9f72c6160288;59fbf13e-b94e-e4b1-5929-5b58ea1390c5
2020-T.31;af18cc7a-fa8f-11e2-8e56-9f72c6160288;d78f471e-d72b-b2e8-067d-8a82f5340db9
2020-T.32;af18cc7a-fa8f-11e2-8e56-9f72c6160288;c66ba3f6-d533-d3d5-b866-e2be41b2885a
2020-T.33;af18cc7a-fa8f-11e2-8e56-9f72c6160288;be9b7114-b1b2-a25c-4e25-4b452f494e05
2020-T.34;af18cc7a-fa8f-11e2-8e56-9f72c6160288;455b34c7-1438-71ac-a53b-9ef9acfe2e81
2020-T.35;af18cc7a-fa8f-11e2-8e56-9f72c6160288;f9c4b1e0-72b4-b45e-b4d7-cda90fbaf35d
2020-T.36;af18cc7a-fa8f-11e2-8e56-9f72c6160288;81aa15cf-9731-5c38-faaa-8805fe8bae06
2020-T.37;af18cc7a-fa8f-11e2-8e56-9f72c6160288;2947e62e-1312-ad59-06dd-769990ad883e
2020-T.38;af18cc7a-fa8f-11e2-8e56-9f72c6160288;51ff822f-78aa-94c7-0e01-a1c87ab701cc
2020-T.39;af18cc7a-fa8f-11e2-8e56-9f72c6160288;622620ce-e323-ec8a-d526-0a268906ac33
2020-T.4;af18cc7a-fa8f-11e2-8e56-9f72c6160288;9313e1a7-3ef2-727a-e5b7-0fc2aedd8cd6
2020-T.40;af18cc7a-fa8f-11e2-8e56-9f72c6160288;18437925-922a-aefc-78d1-4f842ba3c7f1
2020-T.4(1);af18cc7a-fa8f-11e2-8e56-9f72c6160288;b70ffb1d-830e-b731-13d9-04c879ffefd8
2020-T.41;af18cc7a-fa8f-11e2-8e56-9f72c6160288;c76f4a8f-63f8-2d2f-4fee-351b000ed680
2020-T.4(10);af18cc7a-fa8f-11e2-8e56-9f72c6160288;a12a5ec7-f435-2485-25a0-56083fefcb8b
2020-T.4(11);af18cc7a-fa8f-11e2-8e56-9f72c6160288;733ae3f3-87bf-aea1-c74b-7179f13722fc
2020-T.4(12);af18cc7a-fa8f-11e2-8e56-9f72c6160288;0b9328a1-3455-ca97-8b3d-3a03ce576294
2020-T.4(13);af18cc7a-fa8f-11e2-8e56-9f72c6160288;64b13686-55b5-5182-67c8-ba851920a6e3
2020-T.4(14);af18cc7a-fa8f-11e2-8e56-9f72c6160288;cbe604eb-194e-4995-d8a8-2b211fae7c15
2020-T.4(15);af18cc7a-fa8f-11e2-8e56-9f72c6160288;b050fb0b-7141-957d-f0df-4d6162270b0c
2020-T.4(16);af18cc7a-fa8f-11e2-8e56-9f72c6160288;2f041230-a22e-3e76-add0-e2596c43dcb9
2020-T.4(17);af18cc7a-fa8f-11e2-8e56-9f72c6160288;d545d6e7-19ae-f678-89df-d541450e7c35
2020-T.4(18);af18cc7a-fa8f-11e2-8e56-9f72c6160288;ca606ab6-e756-e7d3-f944-b945938c34d1
2020-T.4(19);af18cc7a-fa8f-11e2-8e56-9f72c6160288;93dd6ac6-ebd4-1055-a9c3-52b77272232a
2020-T.4(2);af18cc7a-fa8f-11e2-8e56-9f72c6160288;10d37edb-47a4-27a1-f280-f60a97b9d571
2020-T.42;af18cc7a-fa8f-11e2-8e56-9f72c6160288;d9cfcab2-368c-45d5-056a-f72348f8a670
2020-T.4(20);af18cc7a-fa8f-11e2-8e56-9f72c6160288;2620a0c8-a564-3d0d-21c4-44e85b0a2002
2020-T.4(21);af18cc7a-fa8f-11e2-8e56-9f72c6160288;4fe2f2cd-6e84-a402-01d0-572bf0844305
2020-T.4(22);af18cc7a-fa8f-11e2-8e56-9f72c6160288;0e8bbf26-0e7e-c139-e35b-e6513d24c33f
2020-T.4(23);af18cc7a-fa8f-11e2-8e56-9f72c6160288;54deb497-cbc1-e4e4-9cc7-8213add09619
2020-T.4(24);af18cc7a-fa8f-11e2-8e56-9f72c6160288;1c07232e-704d-2721-2657-4aee0452311b
2020-T.4(25);af18cc7a-fa8f-11e2-8e56-9f72c6160288;61e004e0-3fea-88d1-9da5-ef45ae78d4bb
2020-T.4(26);af18cc7a-fa8f-11e2-8e56-9f72c6160288;fd363717-581f-468b-ef73-18f2375c13d1
2020-T.4(27);af18cc7a-fa8f-11e2-8e56-9f72c6160288;de0354b0-08c7-fe4e-0cfd-fa8658e33881
2020-T.4(3);af18cc7a-fa8f-11e2-8e56-9f72c6160288;3732ab74-e12d-ca76-edc5-58f31217cdec
2020-T.43;af18cc7a-fa8f-11e2-8e56-9f72c6160288;b4503dc4-5950-65d3-af14-255b8de98661
2020-T.4(4);af18cc7a-fa8f-11e2-8e56-9f72c6160288;de625784-adba-69d7-2305-bc35f68c2e0d
2020-T.44;af18cc7a-fa8f-11e2-8e56-9f72c6160288;f315008c-c2e1-5fd4-161c-3a6b065bc40c
2020-T.4(5);af18cc7a-fa8f-11e2-8e56-9f72c6160288;3e56d064-ebca-e87f-3825-a99c147c339b
2020-T.45;af18cc7a-fa8f-11e2-8e56-9f72c6160288;c54f5b91-212a-c1aa-a1b6-d2463ae723a3
2020-T.4(6);af18cc7a-fa8f-11e2-8e56-9f72c6160288;41b5e68f-8c7c-7434-0b66-49c2c75d5080
2020-T.46;af18cc7a-fa8f-11e2-8e56-9f72c6160288;32535bfc-0f58-f71b-12b1-961e3ee7cf2a
2020-T.4(7);af18cc7a-fa8f-11e2-8e56-9f72c6160288;7cf38b2a-73b1-8fc5-b7de-74cf66448c01
2020-T.47;af18cc7a-fa8f-11e2-8e56-9f72c6160288;981f8f07-97ec-ba98-933a-dbf77956010e
2020-T.4(8);af18cc7a-fa8f-11e2-8e56-9f72c6160288;a24f6e1f-711b-06c4-d5cf-87ae85daee48
2020-T.48;af18cc7a-fa8f-11e2-8e56-9f72c6160288;2636dfbe-81a6-0e75-185b-2c5664d5f656
2020-T.4(9);af18cc7a-fa8f-11e2-8e56-9f72c6160288;ecc38eac-9f57-1098-e2fe-81bde833ff3a
2020-T.49;af18cc7a-fa8f-11e2-8e56-9f72c6160288;f3a2bc99-03e9-9586-ced8-3a15ccb56c9f
2020-T.5;af18cc7a-fa8f-11e2-8e56-9f72c6160288;c02dbf67-8e04-40a9-42ab-8ad355bfecb1
2020-T.50;af18cc7a-fa8f-11e2-8e56-9f72c6160288;e9696131-982a-5047-a7b3-53446ae2afdb
2020-T.50.fol.10r;af18cc7a-fa8f-11e2-8e56-9f72c6160288;0f1fb246-5fa9-1e26-f900-c45ca4ad6e99
2020-T.50.fol.11r;af18cc7a-fa8f-11e2-8e56-9f72c6160288;d2e410b8-52fd-8bc5-54ea-a15e34a21abc
2020-T.50.fol.12r;af18cc7a-fa8f-11e2-8e56-9f72c6160288;662c8e22-2da5-3b3f-f351-7b5208da2dd7
2020-T.50.fol.13r;af18cc7a-fa8f-11e2-8e56-9f72c6160288;9966bd40-9a04-df74-0970-ec1f1c69e2af
2020-T.50.fol.14r;af18cc7a-fa8f-11e2-8e56-9f72c6160288;3efcfdfa-61c1-1005-c772-659f270fe1ab
2020-T.50.fol.15r;af18cc7a-fa8f-11e2-8e56-9f72c6160288;b6951425-18cd-2948-2fdf-536d17043836
2020-T.50.fol.16r;af18cc7a-fa8f-11e2-8e56-9f72c6160288;7400bc2c-b568-8eed-4dfb-7a394c1ee205
2020-T.50.fol.17r;af18cc7a-fa8f-11e2-8e56-9f72c6160288;34fc0692-6f6b-da6b-ecd5-095293ed3861
2020-T.50.fol.18r;af18cc7a-fa8f-11e2-8e56-9f72c6160288;3681dfa6-eb4b-f74f-df6a-fb5e38c43f88
2020-T.50.fol.19r;af18cc7a-fa8f-11e2-8e56-9f72c6160288;14792e75-6799-a836-5476-ecab7820ac37
2020-T.50.fol.20r;af18cc7a-fa8f-11e2-8e56-9f72c6160288;58b1d960-f88c-f85c-59d7-c6fb7a431c6e
2020-T.50.fol.21r;af18cc7a-fa8f-11e2-8e56-9f72c6160288;33f14622-0bdc-0a8f-a356-d59b2f8aef8f
2020-T.50.fol.22r;af18cc7a-fa8f-11e2-8e56-9f72c6160288;dfc724a5-6405-6b85-f158-078032c63f2b
2020-T.50.fol.23r;af18cc7a-fa8f-11e2-8e56-9f72c6160288;7c1ae6c4-a0ba-a84b-a39f-e48eb75d3ded
2020-T.50.fol.24r;af18cc7a-fa8f-11e2-8e56-9f72c6160288;bb4e2151-14e0-21f8-c4d6-4655176ad9a7
2020-T.50.fol.25r;af18cc7a-fa8f-11e2-8e56-9f72c6160288;d48fe5e9-3b7f-149c-acc1-11e434b24127
2020-T.50.fol.26r;af18cc7a-fa8f-11e2-8e56-9f72c6160288;17dbc1f8-e9f0-ed8f-5e71-ffc07823100e
2020-T.50.fol.27r;af18cc7a-fa8f-11e2-8e56-9f72c6160288;bee39262-8c16-ad29-bf00-c7f1e2b323a2
2020-T.50.fol.28r;af18cc7a-fa8f-11e2-8e56-9f72c6160288;6a959af3-b311-f427-5cd4-44cde7152914
2020-T.50.fol.29r;af18cc7a-fa8f-11e2-8e56-9f72c6160288;8b67e06b-ab09-a155-300c-071df2bf693a
2020-T.50.fol.30r;af18cc7a-fa8f-11e2-8e56-9f72c6160288;612be515-6225-ca92-9d3e-6b9eb8e12345
2020-T.50.fol.31r;af18cc7a-fa8f-11e2-8e56-9f72c6160288;e929be07-3dcb-b9d5-6208-243791ca4b30
2020-T.50.fol.32r;af18cc7a-fa8f-11e2-8e56-9f72c6160288;2f70af5d-3c7e-7f9c-d248-e476048d3236
2020-T.50.fol.33r;af18cc7a-fa8f-11e2-8e56-9f72c6160288;08756f81-e956-cdb9-5ad0-421f2a067704
2020-T.50.fol.34r;af18cc7a-fa8f-11e2-8e56-9f72c6160288;54884467-87f9-82e0-43f6-91321fe6cd5b
2020-T.50.fol.35r;af18cc7a-fa8f-11e2-8e56-9f72c6160288;8f08ea35-f9f8-b0ce-995f-498d0b2b7a9e
2020-T.50.fol.36r;af18cc7a-fa8f-11e2-8e56-9f72c6160288;5e0802d4-cf10-ccf5-3ca0-809871ad1923
2020-T.50.fol.37r;af18cc7a-fa8f-11e2-8e56-9f72c6160288;cf51b811-0c07-5b05-a0fa-f36f0e542fb9
2020-T.50.fol.38r;af18cc7a-fa8f-11e2-8e56-9f72c6160288;0d32f9ec-2c40-335f-b1c6-f2b46d2e9c21
2020-T.50.fol.39r;af18cc7a-fa8f-11e2-8e56-9f72c6160288;2b0d0998-3976-7e5a-a522-9cd25c1b3bee
2020-T.50.fol.40r;af18cc7a-fa8f-11e2-8e56-9f72c6160288;0f7e78ff-7f57-cb82-1260-be2bc7df2f0b
2020-T.50.fol.41r;af18cc7a-fa8f-11e2-8e56-9f72c6160288;aa3d78b9-164c-932f-9b0c-14d92fdcdb10
2020-T.50.fol.42r;af18cc7a-fa8f-11e2-8e56-9f72c6160288;f2239ed1-823d-720a-16d6-7c4a1817c631
2020-T.50.fol.43r;af18cc7a-fa8f-11e2-8e56-9f72c6160288;ee0aed82-c533-8f4c-46e6-b7638f450f6e
2020-T.50.fol.44r;af18cc7a-fa8f-11e2-8e56-9f72c6160288;884322cc-bef7-e47f-cd7d-e299f6b448af
2020-T.50.fol.45r;af18cc7a-fa8f-11e2-8e56-9f72c6160288;fbf0b40d-2b44-f7a3-90f9-4986645795ca
2020-T.50.fol.46r;af18cc7a-fa8f-11e2-8e56-9f72c6160288;8e9541b3-d5b5-008c-686d-e0f277ef5537
2020-T.50.fol.47r;af18cc7a-fa8f-11e2-8e56-9f72c6160288;46202edc-febf-cab9-89d1-ed49a4444c1a
2020-T.50.fol.48r;af18cc7a-fa8f-11e2-8e56-9f72c6160288;3177cc6f-a448-d0b1-2811-87de5b5eabe3
2020-T.50.fol.49r;af18cc7a-fa8f-11e2-8e56-9f72c6160288;80d6b4b3-a95d-9dc4-2d4d-f4fdf6b1c9b0
2020-T.50.fol.4r;af18cc7a-fa8f-11e2-8e56-9f72c6160288;
2020-T.50.fol.50r;af18cc7a-fa8f-11e2-8e56-9f72c6160288;3227a88f-5085-540b-49db-c21c24fe17fd
2020-T.50.fol.51r;af18cc7a-fa8f-11e2-8e56-9f72c6160288;2f91fb93-af17-ff13-98e2-b407d81362d6
2020-T.50.fol.52r;af18cc7a-fa8f-11e2-8e56-9f72c6160288;0dcabda8-c838-d874-1482-4f1290f90a62
2020-T.50.fol.53r;af18cc7a-fa8f-11e2-8e56-9f72c6160288;7c74c53d-31ee-0e7a-3cc8-45676ef1a7e5
2020-T.50.fol.54r;af18cc7a-fa8f-11e2-8e56-9f72c6160288;6c87ce4b-614e-77ac-9ca0-fb4b2016d9cc
2020-T.50.fol.55r;af18cc7a-fa8f-11e2-8e56-9f72c6160288;9ae344ab-a332-9ba7-c89e-b08768abdace
2020-T.50.fol.56r;af18cc7a-fa8f-11e2-8e56-9f72c6160288;069b567e-789e-0bd4-c81c-e48eeb158888
2020-T.50.fol.57r;af18cc7a-fa8f-11e2-8e56-9f72c6160288;a66f3d2a-67b1-502c-f24f-ca2fd87ca72e
2020-T.50.fol.58r;af18cc7a-fa8f-11e2-8e56-9f72c6160288;549dcfdb-d0a6-fa2b-869d-feda07f9987f
2020-T.50.fol.59r;af18cc7a-fa8f-11e2-8e56-9f72c6160288;c32159da-fb20-a326-bea7-575d91120b0f
2020-T.50.fol.60r;af18cc7a-fa8f-11e2-8e56-9f72c6160288;b09c8c99-fb44-b644-2e03-179f1d684074
2020-T.50.fol.61r;af18cc7a-fa8f-11e2-8e56-9f72c6160288;7f87e038-7ae1-9b73-a08e-22dc6035dd87
2020-T.50.fol.62r;af18cc7a-fa8f-11e2-8e56-9f72c6160288;69917dee-676b-deef-e1d2-c8a6c62dd87e
2020-T.50.fol.63r;af18cc7a-fa8f-11e2-8e56-9f72c6160288;82f8d382-31e3-8655-2e8a-1890c8d96333
2020-T.50.fol.64r;af18cc7a-fa8f-11e2-8e56-9f72c6160288;e1fd523b-d10e-a921-a0aa-a9fdc969797b
2020-T.50.fol.65r;af18cc7a-fa8f-11e2-8e56-9f72c6160288;54b2f0c3-663e-8bc9-26db-34d0e8751bea
2020-T.50.fol.66r;af18cc7a-fa8f-11e2-8e56-9f72c6160288;9c7b7c68-8216-b121-67f2-99e728a5609a
2020-T.50.fol.6r;af18cc7a-fa8f-11e2-8e56-9f72c6160288;91a00408-8208-c887-e45d-25ce52c25c00
2020-T.50.fol.7r;af18cc7a-fa8f-11e2-8e56-9f72c6160288;ca94d9d0-dfb5-c84d-5c4a-9aca53f6d841
2020-T.50.fol.8r;af18cc7a-fa8f-11e2-8e56-9f72c6160288;cf9dfc61-d4ff-4824-f0ec-f6535ee5d38f
2020-T.50.fol.9r;af18cc7a-fa8f-11e2-8e56-9f72c6160288;082708eb-4117-bff6-14f8-d136a287efad
2020-T.51;af18cc7a-fa8f-11e2-8e56-9f72c6160288;8e925a02-bfb1-9a40-9b44-8f9917cebf13
2020-T.52;af18cc7a-fa8f-11e2-8e56-9f72c6160288;fff32c1c-4eed-dc8f-2889-e365380ab4ff
2020-T.53;af18cc7a-fa8f-11e2-8e56-9f72c6160288;cf297705-c915-7a51-bc6e-5dbf7bf4be5b
2020-T.54;af18cc7a-fa8f-11e2-8e56-9f72c6160288;7aac8e62-b83c-40f3-eca6-aa14f746a30b
2020-T.55;af18cc7a-fa8f-11e2-8e56-9f72c6160288;e60d7575-86e3-5ded-a632-50961a5bba06
2020-T.56;af18cc7a-fa8f-11e2-8e56-9f72c6160288;86bf797e-ea0d-8a9e-d388-1040ae021a94
2020-T.57;af18cc7a-fa8f-11e2-8e56-9f72c6160288;725bfd1b-b947-41d9-5c4f-9f50a440c20b
2020-T.58;af18cc7a-fa8f-11e2-8e56-9f72c6160288;0a3921e6-47a9-2fc9-03b0-368c313cf941
2020-T.59;af18cc7a-fa8f-11e2-8e56-9f72c6160288;060dc441-db7c-fd5c-ef72-3490d0f90e38
2020-T.6;af18cc7a-fa8f-11e2-8e56-9f72c6160288;19428e37-6392-1a3e-300c-054bb48b28be
2020-T.60;af18cc7a-fa8f-11e2-8e56-9f72c6160288;70b58bed-34cd-128b-8808-c6e606423edf
2020-T.61;af18cc7a-fa8f-11e2-8e56-9f72c6160288;0ef5523e-d23c-7608-e304-4972cc37ea05
2020-T.62;af18cc7a-fa8f-11e2-8e56-9f72c6160288;d0f89143-8de5-fa6a-4480-1003bb04ea47
2020-T.63;af18cc7a-fa8f-11e2-8e56-9f72c6160288;b29359f1-10f6-993f-c554-46392dc50024
2020-T.64;af18cc7a-fa8f-11e2-8e56-9f72c6160288;cf4ea328-1166-5eb4-4417-b6fe7e1a2335
2020-T.65;af18cc7a-fa8f-11e2-8e56-9f72c6160288;51707a8d-6fe0-9b7b-1b20-aa6cd85bf73c
2020-T.66;af18cc7a-fa8f-11e2-8e56-9f72c6160288;9b65b354-9345-db44-567d-d4cd9f418db5
2020-T.67;af18cc7a-fa8f-11e2-8e56-9f72c6160288;4443ad88-4b13-2d22-96b2-1bebb9ce104e
2020-T.68;af18cc7a-fa8f-11e2-8e56-9f72c6160288;ac8968cf-dae5-9409-ed81-ec1074ee76d7
2020-T.69;af18cc7a-fa8f-11e2-8e56-9f72c6160288;ee987c5f-d779-7a83-f0d2-51f0533da541
2020-T.7;af18cc7a-fa8f-11e2-8e56-9f72c6160288;1fe04db6-e2a3-7fb0-abc8-49fafd3a6f43
2020-T.70;af18cc7a-fa8f-11e2-8e56-9f72c6160288;8037f6ca-6a05-14e3-9321-7c5e44a272b4
2020-T.71A;af18cc7a-fa8f-11e2-8e56-9f72c6160288;9f2b730a-6659-a42c-f508-d6c31e0a3c3e
2020-T.71B;af18cc7a-fa8f-11e2-8e56-9f72c6160288;333e55fc-8e21-2032-1ba4-e2fbc6d3c57c
2020-T.72;af18cc7a-fa8f-11e2-8e56-9f72c6160288;82b684b9-0d10-1f92-91f4-1b10671a5744
2020-T.73;af18cc7a-fa8f-11e2-8e56-9f72c6160288;3718c2b1-3f6f-d665-1eda-82300b3391f1
2020-T.74;af18cc7a-fa8f-11e2-8e56-9f72c6160288;42511534-f323-5e66-5433-546b88075586
2020-T.75;af18cc7a-fa8f-11e2-8e56-9f72c6160288;1d166a08-0453-7066-cf95-a77d8ff587d8
2020-T.76;af18cc7a-fa8f-11e2-8e56-9f72c6160288;6e886030-0d7f-6247-73a9-c5bd6267a23a
2020-T.77;af18cc7a-fa8f-11e2-8e56-9f72c6160288;44de0022-582c-95a6-e655-58ff6de4e7b4
2020-T.78;af18cc7a-fa8f-11e2-8e56-9f72c6160288;8dbb019c-ee00-c511-497d-478a3248c36e
2020-T.79;af18cc7a-fa8f-11e2-8e56-9f72c6160288;2b1ff15b-cc1c-bbaf-9b9a-d7a6eafeba9e
2020-T.8;af18cc7a-fa8f-11e2-8e56-9f72c6160288;ec7729b4-792e-28a9-02fa-74d396101796
2020-T.80;af18cc7a-fa8f-11e2-8e56-9f72c6160288;81bc997a-2c64-afec-9fda-a87b7fbbc70a
2020-T.81;af18cc7a-fa8f-11e2-8e56-9f72c6160288;016a79f3-fd53-0a15-5473-0703cb8ef21c
2020-T.82;af18cc7a-fa8f-11e2-8e56-9f72c6160288;13b1bb15-2e45-f774-70ab-ed2b9e679c49
2020-T.83;af18cc7a-fa8f-11e2-8e56-9f72c6160288;ed6a4efe-b1b5-a019-bfdf-7e049452f872
2020-T.84;af18cc7a-fa8f-11e2-8e56-9f72c6160288;c953f6ae-7028-82ad-cb1f-8af14b04c621
2020-T.85;af18cc7a-fa8f-11e2-8e56-9f72c6160288;35c2f692-ee39-6600-857c-990c9c7889fa
2020-T.86;af18cc7a-fa8f-11e2-8e56-9f72c6160288;6b4fc10b-85ba-b332-174e-3cf9e6144bb4
2020-T.87;af18cc7a-fa8f-11e2-8e56-9f72c6160288;dfefb255-446a-dc04-079d-cb904ac764e3
2020-T.88;af18cc7a-fa8f-11e2-8e56-9f72c6160288;3326c5af-b60b-6ccb-c309-e3728d01597f
2020-T.89;af18cc7a-fa8f-11e2-8e56-9f72c6160288;d1f3b30e-e650-c102-6519-d8d0b4187b6c
2020-T.9;af18cc7a-fa8f-11e2-8e56-9f72c6160288;05972891-d973-bdf5-db2f-71e21f0de173
2020-T.90;af18cc7a-fa8f-11e2-8e56-9f72c6160288;405fe1b8-5fae-f626-75e6-9245ec1f1045
2020-T.91;af18cc7a-fa8f-11e2-8e56-9f72c6160288;b536a7d6-8c1e-8a4d-537f-3309bce549fd
2020-T.92;af18cc7a-fa8f-11e2-8e56-9f72c6160288;0f59582f-4a21-0f32-863b-e700dc8f3949
2020-T.93;af18cc7a-fa8f-11e2-8e56-9f72c6160288;da09aa29-0d02-7e15-6575-1076c8fdb8c0
2020-T.94;af18cc7a-fa8f-11e2-8e56-9f72c6160288;c10bfb86-71ad-98a5-1661-edb6e2e81bc0
2020-T.95;af18cc7a-fa8f-11e2-8e56-9f72c6160288;8a2a897b-4312-aac3-6e00-146fa9a2b59c
2020-T.96;af18cc7a-fa8f-11e2-8e56-9f72c6160288;fd8c2b3b-893f-fc25-6a40-7403ebf09e1d
2020-T.97;af18cc7a-fa8f-11e2-8e56-9f72c6160288;6253fa70-0f5c-6b4d-9130-272168713b50
2020-T.98;af18cc7a-fa8f-11e2-8e56-9f72c6160288;ffa5938a-ccda-ef5a-225f-b8229cd7f9b7
2020-T.99;af18cc7a-fa8f-11e2-8e56-9f72c6160288;4c21869d-6995-cdb0-9c9d-d8cec5afc863
2021-D.1;af18cc7a-fa8f-11e2-8e56-9f72c6160288;847cae3e-2597-987a-09df-59121c60b23a
2021-T.1;af18cc7a-fa8f-11e2-8e56-9f72c6160288;4a2a23ee-73bf-5b0b-0445-bcbdd8cbaa49
2021-T.10;af18cc7a-fa8f-11e2-8e56-9f72c6160288;d6025fa5-cd13-75b7-090b-29dd12483ce4
2021-T.11;af18cc7a-fa8f-11e2-8e56-9f72c6160288;48fa5bfb-a97e-d987-be17-03c8a73b8ed8
2021-T.12;af18cc7a-fa8f-11e2-8e56-9f72c6160288;8e0e6ad1-fed2-7c6e-9b9a-8db745621817
2021-T.13;af18cc7a-fa8f-11e2-8e56-9f72c6160288;2bdb5716-aca7-5f28-3cdb-d5499ec9d349
2021-T.14;af18cc7a-fa8f-11e2-8e56-9f72c6160288;7c7016d1-59cc-962c-8f23-f2d669a698c4
2021-T.15;af18cc7a-fa8f-11e2-8e56-9f72c6160288;c6568df6-5d0a-1c1d-5d58-d0b4db86773e
2021-T.16;af18cc7a-fa8f-11e2-8e56-9f72c6160288;c40b88d3-03f2-2eb0-f359-91abbf85dc0b
2021-T.17;af18cc7a-fa8f-11e2-8e56-9f72c6160288;cc217f87-89b7-b734-b665-b8008b4eb773
2021-T.18;af18cc7a-fa8f-11e2-8e56-9f72c6160288;7cca5a1e-cec4-e46e-5e1f-f1d5d91eab35
2021-T.19;af18cc7a-fa8f-11e2-8e56-9f72c6160288;21d66cc9-20ad-14c8-2d1a-e2ab3f367b5a
2021-T.2;af18cc7a-fa8f-11e2-8e56-9f72c6160288;6a59204a-1b22-d805-2203-3a035733f8b8
2021-T.20;af18cc7a-fa8f-11e2-8e56-9f72c6160288;4c0f46b8-2d53-27a1-4c85-5d7afd8fae2b
2021-T.21;af18cc7a-fa8f-11e2-8e56-9f72c6160288;995f2c79-5f66-ef31-8ce6-82e2bedc5ec2
2021-T.22;af18cc7a-fa8f-11e2-8e56-9f72c6160288;76a0d5c3-9c68-8a07-28ae-dbe9919926c6
2021-T.23;af18cc7a-fa8f-11e2-8e56-9f72c6160288;773539eb-c769-fe48-5c61-3ee14ddb0a3b
2021-T.24;af18cc7a-fa8f-11e2-8e56-9f72c6160288;76648669-1dc5-1fe3-71ad-62320b3022ca
2021-T.25;af18cc7a-fa8f-11e2-8e56-9f72c6160288;80bf6218-83f9-c994-2b2a-fa0b46eb1d40
2021-T.26;af18cc7a-fa8f-11e2-8e56-9f72c6160288;b0d46615-d269-8eb6-6679-8dc10ae48f3b
2021-T.27;af18cc7a-fa8f-11e2-8e56-9f72c6160288;a917f22e-b6c5-e595-0a69-bc7f42aeabe2
2021-T.28;af18cc7a-fa8f-11e2-8e56-9f72c6160288;7d30f48c-4a3a-5cc2-d8e6-d9caf63bef09
2021-T.29;af18cc7a-fa8f-11e2-8e56-9f72c6160288;5249a9c9-76d5-a816-f764-f8ddfd6ffa71
2021-T.3;af18cc7a-fa8f-11e2-8e56-9f72c6160288;726a4ea7-dddf-9894-9858-c5568fc0dc56
2021-T.30;af18cc7a-fa8f-11e2-8e56-9f72c6160288;10d9f56d-d723-2ff9-86ff-1beba68959a2
2021-T.31;af18cc7a-fa8f-11e2-8e56-9f72c6160288;303fc9d5-05c7-cdc4-dc43-99c055ba365b
2021-T.32;af18cc7a-fa8f-11e2-8e56-9f72c6160288;4c03610e-7c53-d0a2-2f6d-f00a212741c0
2021-T.33;af18cc7a-fa8f-11e2-8e56-9f72c6160288;c585d6f5-9330-f19e-c898-232c978a63ff
2021-T.34;af18cc7a-fa8f-11e2-8e56-9f72c6160288;9f8cfe78-c071-2d42-a9b0-20211675550e
2021-T.35;af18cc7a-fa8f-11e2-8e56-9f72c6160288;759dac2d-2d7e-8672-3d64-43cd8455f820
2021-T.36;af18cc7a-fa8f-11e2-8e56-9f72c6160288;6903f994-e693-11f0-55eb-a252790df9ea
2021-T.37;af18cc7a-fa8f-11e2-8e56-9f72c6160288;29d018d1-2f0c-a7e8-eb11-e240b8988508
2021-T.38;af18cc7a-fa8f-11e2-8e56-9f72c6160288;ba718561-90a7-ff42-071a-0869b4686cac
2021-T.39;af18cc7a-fa8f-11e2-8e56-9f72c6160288;0e5e9020-31bb-9233-5171-aac5d69f4864
2021-T.4;af18cc7a-fa8f-11e2-8e56-9f72c6160288;bbc6be7e-ba46-93ac-022f-15abb1e0cf1c
2021-T.40;af18cc7a-fa8f-11e2-8e56-9f72c6160288;0923a214-f3ea-74d0-43d9-0d1f96fafc3d
2021-T.41;af18cc7a-fa8f-11e2-8e56-9f72c6160288;9617a139-35d4-425f-b153-47aed534ffb8
2021-T.42;af18cc7a-fa8f-11e2-8e56-9f72c6160288;438e755e-5d0b-5fd5-024e-1be0cc631026
2021-T.43;af18cc7a-fa8f-11e2-8e56-9f72c6160288;170f078a-5e73-8b65-5ce1-0c425462d0aa
2021-T.44;af18cc7a-fa8f-11e2-8e56-9f72c6160288;9dc6201b-b1e1-aa96-7d36-6602cc3e62d8
2021-T.45;af18cc7a-fa8f-11e2-8e56-9f72c6160288;dbd66ec4-0f88-acdc-af53-f99b3e8158c8
2021-T.46;af18cc7a-fa8f-11e2-8e56-9f72c6160288;f2bb4070-a745-15fd-183a-957c4c7cb3f2
2021-T.47;af18cc7a-fa8f-11e2-8e56-9f72c6160288;f2bb4070-a745-15fd-183a-957c4c7cb3f2
2021-T.48;af18cc7a-fa8f-11e2-8e56-9f72c6160288;9b2c7f57-2b7e-ce32-a672-8b8713a6b1d5
2021-T.49;af18cc7a-fa8f-11e2-8e56-9f72c6160288;f2bb4070-a745-15fd-183a-957c4c7cb3f2
2021-T.5;af18cc7a-fa8f-11e2-8e56-9f72c6160288;16a9b5a0-3b13-6802-d2f5-580823b3c9c8
2021-T.50(1);af18cc7a-fa8f-11e2-8e56-9f72c6160288;3b21d991-e64e-17b1-297f-6aa3d75c160b
2021-T.50(10);af18cc7a-fa8f-11e2-8e56-9f72c6160288;cb1bd5e0-6f07-ebf3-17d9-80354b862dc9
2021-T.50(11);af18cc7a-fa8f-11e2-8e56-9f72c6160288;0a4b67c7-dcb5-4494-4998-080092a140b6
2021-T.50(12);af18cc7a-fa8f-11e2-8e56-9f72c6160288;efc7f722-b0ce-31dd-42bf-32fb3e74939b
2021-T.50(1/22);af18cc7a-fa8f-11e2-8e56-9f72c6160288;4eec0a77-91da-b609-f867-c67fef380469
2021-T.50(13);af18cc7a-fa8f-11e2-8e56-9f72c6160288;39b1cd4d-fce6-4871-a8a7-387bed1cf294
2021-T.50(14);af18cc7a-fa8f-11e2-8e56-9f72c6160288;bf0ae3db-0934-b75f-f155-f06901defa00
2021-T.50(15);af18cc7a-fa8f-11e2-8e56-9f72c6160288;f0021032-144a-e161-f9ad-0846f4f1c031
2021-T.50(16);af18cc7a-fa8f-11e2-8e56-9f72c6160288;0223ddf7-e9d9-5756-11bd-26f457bbde13
2021-T.50(17);af18cc7a-fa8f-11e2-8e56-9f72c6160288;0ea4cc4b-2d08-aa34-721b-294bbf8c5962
2021-T.50(18);af18cc7a-fa8f-11e2-8e56-9f72c6160288;e2bf9c97-01be-aa1a-6d96-3d21e00eb811
2021-T.50(19);af18cc7a-fa8f-11e2-8e56-9f72c6160288;014f6f1f-f2c8-5a80-90e2-9d960f4bd13c
2021-T.50(2);af18cc7a-fa8f-11e2-8e56-9f72c6160288;ef1f13be-5299-279b-212c-b22a2d2aa6b9
2021-T.50(20);af18cc7a-fa8f-11e2-8e56-9f72c6160288;dbea4dfe-007a-d1f6-b97d-63c791b8e722
2021-T.50(21);af18cc7a-fa8f-11e2-8e56-9f72c6160288;b8d30ba8-99d3-b4ad-82e3-eefa47967d8a
2021-T.50(22);af18cc7a-fa8f-11e2-8e56-9f72c6160288;a84dcf5c-b502-aa52-32a0-fac4909d4ff3
2021-T.50(3);af18cc7a-fa8f-11e2-8e56-9f72c6160288;f490dffc-1b87-a5b6-9dff-125e7326aa29
2021-T.50(4);af18cc7a-fa8f-11e2-8e56-9f72c6160288;7bbfe595-a06a-8a21-4eec-a58871013a4f
2021-T.50(5);af18cc7a-fa8f-11e2-8e56-9f72c6160288;42f69bdd-799e-0226-3452-8befe16b74c1
2021-T.50(6);af18cc7a-fa8f-11e2-8e56-9f72c6160288;819c9f28-2951-0084-da7e-7478acaf9f8b
2021-T.50(7);af18cc7a-fa8f-11e2-8e56-9f72c6160288;7939d81c-4a08-bf3e-71cf-b10cdfaaf45c
2021-T.50(8);af18cc7a-fa8f-11e2-8e56-9f72c6160288;3d2b9f9a-110e-1707-9a10-07693a95eb07
2021-T.50(9);af18cc7a-fa8f-11e2-8e56-9f72c6160288;c1917811-0688-24cd-8e5b-79b681d33c28
2021-T.51(1);af18cc7a-fa8f-11e2-8e56-9f72c6160288;dcc2f6c4-1851-67b8-a1a8-d41bd6d56c38
2021-T.51(10);af18cc7a-fa8f-11e2-8e56-9f72c6160288;380ceb08-d2f1-8333-598d-9df8ed4ab00c
2021-T.51(11);af18cc7a-fa8f-11e2-8e56-9f72c6160288;8752d19f-2066-3d09-2c2c-efcb8df02fa8
2021-T.51(12);af18cc7a-fa8f-11e2-8e56-9f72c6160288;16204489-b5db-2fc5-2989-d05d05759c62
2021-T.51(1/29);af18cc7a-fa8f-11e2-8e56-9f72c6160288;207ac4e3-2641-1b4d-d11c-91de19a479da
2021-T.51(13);af18cc7a-fa8f-11e2-8e56-9f72c6160288;59e2803c-e3b4-0e2d-76bf-eac83c270b65
2021-T.51(14);af18cc7a-fa8f-11e2-8e56-9f72c6160288;58f79bf4-fe20-f382-f4ee-9e30f48dc854
2021-T.51(15);af18cc7a-fa8f-11e2-8e56-9f72c6160288;e464387c-e622-961e-9712-caa3ec1b3536
2021-T.51(16);af18cc7a-fa8f-11e2-8e56-9f72c6160288;d69f787d-a872-eac3-da31-0a5565205692
2021-T.51(17);af18cc7a-fa8f-11e2-8e56-9f72c6160288;6cc1c59c-2aeb-c2e4-3b9e-d782c42b24e8
2021-T.51(18);af18cc7a-fa8f-11e2-8e56-9f72c6160288;6cc1c59c-2aeb-c2e4-3b9e-d782c42b24e8
2021-T.51(19);af18cc7a-fa8f-11e2-8e56-9f72c6160288;e7b5989c-307d-9e9d-40b3-740143a8b356
2021-T.51(2);af18cc7a-fa8f-11e2-8e56-9f72c6160288;2d1f5a53-8675-6665-403b-4fd34ae2da69
2021-T.51(20);af18cc7a-fa8f-11e2-8e56-9f72c6160288;45f9aae8-f7d7-4501-5da1-5aa653098423
2021-T.51(21);af18cc7a-fa8f-11e2-8e56-9f72c6160288;45f9aae8-f7d7-4501-5da1-5aa653098423
2021-T.51(22);af18cc7a-fa8f-11e2-8e56-9f72c6160288;2d4d2154-eee5-037a-350d-351b29264b16
2021-T.51(23);af18cc7a-fa8f-11e2-8e56-9f72c6160288;6f1f1f0c-6a5d-575a-bb10-81ce4a9b4dd9
2021-T.51(24);af18cc7a-fa8f-11e2-8e56-9f72c6160288;fc387edb-38fb-4208-f891-349102e36919
2021-T.51(25);af18cc7a-fa8f-11e2-8e56-9f72c6160288;66e6a504-b1a0-1801-204b-3a8d7f292d2e
2021-T.51(26);af18cc7a-fa8f-11e2-8e56-9f72c6160288;0974a087-2b76-b277-d877-c6e739e6e4d6
2021-T.51(27);af18cc7a-fa8f-11e2-8e56-9f72c6160288;c16e3d11-ce8c-d3bb-1561-454f977ab16e
2021-T.51(28);af18cc7a-fa8f-11e2-8e56-9f72c6160288;63810034-620c-2cae-a5e6-425caf9982a4
2021-T.51(29);af18cc7a-fa8f-11e2-8e56-9f72c6160288;d268d8d8-fecc-992f-f1ce-6000c531e8e0
2021-T.51(3);af18cc7a-fa8f-11e2-8e56-9f72c6160288;9d84c7a1-89e6-2295-b0fc-2de3f2a4374d
2021-T.51(4);af18cc7a-fa8f-11e2-8e56-9f72c6160288;d606dd3f-4f1c-221d-b73c-83eb67c576aa
2021-T.51(5);af18cc7a-fa8f-11e2-8e56-9f72c6160288;8c8daf5b-1d75-90cb-625c-163a7ea3c97a
2021-T.51(6);af18cc7a-fa8f-11e2-8e56-9f72c6160288;f48ddf74-476a-4f6a-bb49-5c7d2aa23804
2021-T.51(7);af18cc7a-fa8f-11e2-8e56-9f72c6160288;40d5a589-5c0b-d1bc-3818-af4390f70519
2021-T.51(8);af18cc7a-fa8f-11e2-8e56-9f72c6160288;44583b3d-262f-75cd-beb5-98697c1f765f
2021-T.51(9);af18cc7a-fa8f-11e2-8e56-9f72c6160288;9a97d7fd-783a-f5ba-5a4d-b98b086b136f
2021-T.52(1);af18cc7a-fa8f-11e2-8e56-9f72c6160288;98417f2d-f9f1-2aaf-655a-528134945f75
2021-T.52(10);af18cc7a-fa8f-11e2-8e56-9f72c6160288;eac5d4ed-39e1-f71c-f511-d12238f8d391
2021-T.52(11);af18cc7a-fa8f-11e2-8e56-9f72c6160288;dd767475-d637-9077-cad1-0407be8b9c88
2021-T.52(12);af18cc7a-fa8f-11e2-8e56-9f72c6160288;83732189-837a-7f87-c198-3c54fbd05ec3
2021-T.52(1/26);af18cc7a-fa8f-11e2-8e56-9f72c6160288;14b4e722-96b0-b040-ccdd-2bb49d355025
2021-T.52(13);af18cc7a-fa8f-11e2-8e56-9f72c6160288;232a85ec-a854-4429-6cc2-609112462dda
2021-T.52(14);af18cc7a-fa8f-11e2-8e56-9f72c6160288;e3133269-67e6-d9b8-5983-152259ed0a32
2021-T.52(15);af18cc7a-fa8f-11e2-8e56-9f72c6160288;1d092d62-7bb6-e473-a1e5-69b4dfc2e2ac
2021-T.52(16);af18cc7a-fa8f-11e2-8e56-9f72c6160288;78227c22-58cb-1aea-4581-98a6548309fc
2021-T.52(17);af18cc7a-fa8f-11e2-8e56-9f72c6160288;4888186f-103b-f150-866f-40d4ad2e9ee5
2021-T.52(18);af18cc7a-fa8f-11e2-8e56-9f72c6160288;aa1db8c2-cb98-3c54-8019-674f9c87a2ea
2021-T.52(19);af18cc7a-fa8f-11e2-8e56-9f72c6160288;32faad95-f449-2ec8-9464-ccb7d7cc02d8
2021-T.52(2);af18cc7a-fa8f-11e2-8e56-9f72c6160288;1fb708ed-8865-1c35-a48b-0bb53ce8f910
2021-T.52(20);af18cc7a-fa8f-11e2-8e56-9f72c6160288;97b7d277-91ca-856c-ff39-393905b35dfc
2021-T.52(21);af18cc7a-fa8f-11e2-8e56-9f72c6160288;4b6d45f5-acef-e239-2fc0-9c8db5fa837a
2021-T.52(22);af18cc7a-fa8f-11e2-8e56-9f72c6160288;96b2dc34-9527-1653-231f-c2f7e7c506fe
2021-T.52(23);af18cc7a-fa8f-11e2-8e56-9f72c6160288;5156db93-23be-e2ab-8430-4c654add49fd
2021-T.52(24);af18cc7a-fa8f-11e2-8e56-9f72c6160288;04111992-710f-7fbb-8c24-1db9a364101d
2021-T.52(25);af18cc7a-fa8f-11e2-8e56-9f72c6160288;3c5382f0-9031-6e5d-b100-ace2954727bd
2021-T.52(26);af18cc7a-fa8f-11e2-8e56-9f72c6160288;4b063773-80ea-58de-1224-adcbdb331e03
2021-T.52(3);af18cc7a-fa8f-11e2-8e56-9f72c6160288;944a45b9-f017-8f15-928d-d529298d5ee3
2021-T.52(4);af18cc7a-fa8f-11e2-8e56-9f72c6160288;e2427e9b-8b25-dffa-7769-0b6c68f933d4
2021-T.52(5);af18cc7a-fa8f-11e2-8e56-9f72c6160288;7fd2c7c2-611d-d023-ff9d-f626d000a06e
2021-T.52(6);af18cc7a-fa8f-11e2-8e56-9f72c6160288;d1df5d6b-740c-cb23-08ac-13df1e7575cd
2021-T.52(7);af18cc7a-fa8f-11e2-8e56-9f72c6160288;6ef99090-3e4b-6b1f-59db-dac9225d2c2b
2021-T.52(8);af18cc7a-fa8f-11e2-8e56-9f72c6160288;8fb1cf1b-d16e-71df-a322-0be847d9c72c
2021-T.52(9);af18cc7a-fa8f-11e2-8e56-9f72c6160288;055b4d4e-66d0-402d-219f-87a761fe360e
2021-T.53(1);af18cc7a-fa8f-11e2-8e56-9f72c6160288;d2c9a93a-e813-37fc-9818-93f7219d9d9e
2021-T.53(10);af18cc7a-fa8f-11e2-8e56-9f72c6160288;8fd3aba8-9636-2ba7-51e5-90a3a0a82507
2021-T.53(11);af18cc7a-fa8f-11e2-8e56-9f72c6160288;899b6362-6c5d-0143-f1da-7f10894903f8
2021-T.53(12);af18cc7a-fa8f-11e2-8e56-9f72c6160288;8190a5d6-76c3-9d33-15a8-77a2fca8ac1e
2021-T.53(1/26);af18cc7a-fa8f-11e2-8e56-9f72c6160288;c0c36d6e-f9da-4223-a75b-a246d97c48e2
2021-T.53(13);af18cc7a-fa8f-11e2-8e56-9f72c6160288;32c7636c-a5a0-e628-eefe-8480342a8f0c
2021-T.53(14);af18cc7a-fa8f-11e2-8e56-9f72c6160288;62b92f50-63b7-6ec0-6900-89445928e4fd
2021-T.53(15);af18cc7a-fa8f-11e2-8e56-9f72c6160288;7b19f0b6-2786-19d1-35ea-fb53a5fc81a6
2021-T.53(16);af18cc7a-fa8f-11e2-8e56-9f72c6160288;845424b2-043b-21b9-578d-38ad073eedab
2021-T.53(17);af18cc7a-fa8f-11e2-8e56-9f72c6160288;20652819-0bd5-85a4-8af4-2ba29957f3d9
2021-T.53(18);af18cc7a-fa8f-11e2-8e56-9f72c6160288;67863b93-6425-6f5b-ab99-3b95de919f00
2021-T.53(19);af18cc7a-fa8f-11e2-8e56-9f72c6160288;30602734-7930-53e7-367d-cd52afe621cd
2021-T.53(2);af18cc7a-fa8f-11e2-8e56-9f72c6160288;14bff179-0ae1-468a-6a56-ff15d0b7c20d
2021-T.53(20);af18cc7a-fa8f-11e2-8e56-9f72c6160288;2c0eb9e8-f8e6-662f-8050-8e5f3aa450c5
2021-T.53(21);af18cc7a-fa8f-11e2-8e56-9f72c6160288;1ac00547-8756-3f90-4e7e-8ba5e5802f0b
2021-T.53(22);af18cc7a-fa8f-11e2-8e56-9f72c6160288;d405f225-55b1-67ad-6fa4-0efa268aa1fa
2021-T.53(23);af18cc7a-fa8f-11e2-8e56-9f72c6160288;326073e2-45fb-14f2-0602-612b149c70d0
2021-T.53(24);af18cc7a-fa8f-11e2-8e56-9f72c6160288;40e51e40-3b84-5839-8ca1-517472a99d63
2021-T.53(25);af18cc7a-fa8f-11e2-8e56-9f72c6160288;c12863b4-194f-c4d1-9562-b0408327145a
2021-T.53(26);af18cc7a-fa8f-11e2-8e56-9f72c6160288;34f770ea-d7d4-43c7-5b96-01ea45a43307
2021-T.53(3);af18cc7a-fa8f-11e2-8e56-9f72c6160288;63deab24-e366-e42f-12d6-646821ba6980
2021-T.53(4);af18cc7a-fa8f-11e2-8e56-9f72c6160288;a9928e92-1415-84c7-7b1c-f360720d62c3
2021-T.53(5);af18cc7a-fa8f-11e2-8e56-9f72c6160288;9d617432-3fa4-69b6-77aa-f0bb1cc4f6fb
2021-T.53(6);af18cc7a-fa8f-11e2-8e56-9f72c6160288;0127424a-83d7-7872-3349-285ccce083ca
2021-T.53(7);af18cc7a-fa8f-11e2-8e56-9f72c6160288;64efe8de-e698-eccc-7ee9-c4521b361014
2021-T.53(8);af18cc7a-fa8f-11e2-8e56-9f72c6160288;490d66ab-b1a4-354a-74d0-0724a028a401
2021-T.53(9);af18cc7a-fa8f-11e2-8e56-9f72c6160288;c1e854bb-b40f-3e36-9ce2-4e7bb8b84710
2021-T.54(1);af18cc7a-fa8f-11e2-8e56-9f72c6160288;f6a78526-3d15-5301-308a-3f4ef4583ef8
2021-T.54(10);af18cc7a-fa8f-11e2-8e56-9f72c6160288;aaca4a11-b485-9a25-857a-9608f2ca80d3
2021-T.54(11);af18cc7a-fa8f-11e2-8e56-9f72c6160288;518b9d4a-3374-037f-ea23-b13b88debb23
2021-T.54(12);af18cc7a-fa8f-11e2-8e56-9f72c6160288;0b0f6578-d5f9-550a-953b-4894722a634a
2021-T.54(13);af18cc7a-fa8f-11e2-8e56-9f72c6160288;98f205f6-6857-5a47-ee5b-e5684520d9ec
2021-T.54(1/31);af18cc7a-fa8f-11e2-8e56-9f72c6160288;57cf077b-dde5-cb3b-f081-e4d3d3a6ca44
2021-T.54(14);af18cc7a-fa8f-11e2-8e56-9f72c6160288;8b305c50-d828-2f5b-7ba1-53bde18d8231
2021-T.54(15);af18cc7a-fa8f-11e2-8e56-9f72c6160288;fb35c81c-1c1c-a3c0-c3e6-358228ea95ce
2021-T.54(16);af18cc7a-fa8f-11e2-8e56-9f72c6160288;67fe4959-b906-b2dc-39cc-fccedae0bd9b
2021-T.54(17);af18cc7a-fa8f-11e2-8e56-9f72c6160288;49404ed1-8664-351c-5a9c-d360a9de236a
2021-T.54(18);af18cc7a-fa8f-11e2-8e56-9f72c6160288;fdf042e2-b6ec-cf27-5e98-f936edb60062
2021-T.54(19);af18cc7a-fa8f-11e2-8e56-9f72c6160288;56b7b81a-b61b-ff0b-074c-14019a05ae13
2021-T.54(2);af18cc7a-fa8f-11e2-8e56-9f72c6160288;9d726d4a-d2eb-e1d3-fdd2-fee960a3a856
2021-T.54(20);af18cc7a-fa8f-11e2-8e56-9f72c6160288;e89d2ec3-6a31-058f-42fc-315a01b93896
2021-T.54(21);af18cc7a-fa8f-11e2-8e56-9f72c6160288;eaf83a7d-62b1-f42a-703f-b41d1f6491b6
2021-T.54(22);af18cc7a-fa8f-11e2-8e56-9f72c6160288;9d2cbe78-3651-5a22-3255-0015ffe2dfff
2021-T.54(23);af18cc7a-fa8f-11e2-8e56-9f72c6160288;73111c0e-3737-76cd-c4c9-b877207586de
2021-T.54(24);af18cc7a-fa8f-11e2-8e56-9f72c6160288;8162b486-4a26-0f9c-8ec8-5df2b83cfc83
2021-T.54(25);af18cc7a-fa8f-11e2-8e56-9f72c6160288;1eb471a7-36d0-1c69-be32-5fd90356f136
2021-T.54(26);af18cc7a-fa8f-11e2-8e56-9f72c6160288;ac4960e7-3684-bc10-e797-ce918cd67cd3
2021-T.54(27);af18cc7a-fa8f-11e2-8e56-9f72c6160288;57a87225-f931-1839-b92b-6e7696110e3c
2021-T.54(28);af18cc7a-fa8f-11e2-8e56-9f72c6160288;4d139d5f-170a-0e83-6655-853db08517db
2021-T.54(29);af18cc7a-fa8f-11e2-8e56-9f72c6160288;3fd7381f-9b5a-c6c7-cd97-4e45b858efc0
2021-T.54(3);af18cc7a-fa8f-11e2-8e56-9f72c6160288;b9c307f3-c346-f6ba-efe8-06d4dd84fbbe
2021-T.54(30);af18cc7a-fa8f-11e2-8e56-9f72c6160288;846aee98-bd68-fb5e-d98d-eb877602440d
2021-T.54(31);af18cc7a-fa8f-11e2-8e56-9f72c6160288;909653d4-8bd7-369d-12e3-051695c0fe68
2021-T.54(4);af18cc7a-fa8f-11e2-8e56-9f72c6160288;27b88c69-5956-0e04-4c13-c2ba5549786c
2021-T.54(5);af18cc7a-fa8f-11e2-8e56-9f72c6160288;bb777c3c-c610-0fea-db63-8455d0ad214b
2021-T.54(6);af18cc7a-fa8f-11e2-8e56-9f72c6160288;a184c03b-a3d5-5036-61b7-3de7a86559e3
2021-T.54(7);af18cc7a-fa8f-11e2-8e56-9f72c6160288;064918b5-2d89-01e5-6e5d-4b268c47f5b4
2021-T.54(8);af18cc7a-fa8f-11e2-8e56-9f72c6160288;94c5c141-18ac-73cb-731e-7a4228df47f9
2021-T.54(9);af18cc7a-fa8f-11e2-8e56-9f72c6160288;93362dce-1762-ac4e-e12d-e7bd35da23bf
2021-T.55(1);af18cc7a-fa8f-11e2-8e56-9f72c6160288;4cccbe41-528a-b525-a878-5ffb8487154c
2021-T.55(10);af18cc7a-fa8f-11e2-8e56-9f72c6160288;4fea0ec0-0cf4-0cca-12a8-afc99f3c2abf
2021-T.55(11);af18cc7a-fa8f-11e2-8e56-9f72c6160288;40192ec7-67f5-0d08-48b5-2a97e3293fa5
2021-T.55(12);af18cc7a-fa8f-11e2-8e56-9f72c6160288;70728476-567f-c42d-c108-6704d3c1380d
2021-T.55(1/29);af18cc7a-fa8f-11e2-8e56-9f72c6160288;a61e71ca-f805-bd1e-e45f-5ddc65350f89
2021-T.55(13);af18cc7a-fa8f-11e2-8e56-9f72c6160288;4e280825-e87c-89d9-086b-63f5c4aaf034
2021-T.55(14);af18cc7a-fa8f-11e2-8e56-9f72c6160288;db70506b-9168-47c9-2eef-316e9c04f8a2
2021-T.55(15);af18cc7a-fa8f-11e2-8e56-9f72c6160288;2edcaf9a-b60d-79c3-5c84-0e9ce5fe4085
2021-T.55(16);af18cc7a-fa8f-11e2-8e56-9f72c6160288;aab43b56-db0f-e96a-0ca2-0d9fea36ffe4
2021-T.55(17);af18cc7a-fa8f-11e2-8e56-9f72c6160288;492f6f39-57f2-b877-374f-e4be473373fd
2021-T.55(18);af18cc7a-fa8f-11e2-8e56-9f72c6160288;3e301c1e-639c-179b-0e63-100655120ffb
2021-T.55(19);af18cc7a-fa8f-11e2-8e56-9f72c6160288;65d026e4-60d5-882a-59d5-35d21a87f96f
2021-T.55(2);af18cc7a-fa8f-11e2-8e56-9f72c6160288;03978b5b-5df9-8609-161b-24792b261738
2021-T.55(20);af18cc7a-fa8f-11e2-8e56-9f72c6160288;f72e8885-7d48-cb22-09d9-9c76ca4d6fba
2021-T.55(21);af18cc7a-fa8f-11e2-8e56-9f72c6160288;64318850-3005-34d8-846b-b4380777d685
2021-T.55(22);af18cc7a-fa8f-11e2-8e56-9f72c6160288;d5414051-68e9-d423-cb50-f74c752efd97
2021-T.55(23);af18cc7a-fa8f-11e2-8e56-9f72c6160288;a4598f63-a0c3-456c-7e6f-a7dd769b5475
2021-T.55(24);af18cc7a-fa8f-11e2-8e56-9f72c6160288;1ff1b845-8549-3a92-9333-a087e7fd7128
2021-T.55(25);af18cc7a-fa8f-11e2-8e56-9f72c6160288;a06a6884-d4af-917e-fc08-01647e124fa6
2021-T.55(26);af18cc7a-fa8f-11e2-8e56-9f72c6160288;60d14f16-a595-bf8f-cf0e-3740b379e27d
2021-T.55(27);af18cc7a-fa8f-11e2-8e56-9f72c6160288;f0ab931f-56d2-fcd7-5ca6-716ee5266e3e
2021-T.55(28);af18cc7a-fa8f-11e2-8e56-9f72c6160288;a3331ca5-2964-43d7-9d87-97828a88ed02
2021-T.55(29);af18cc7a-fa8f-11e2-8e56-9f72c6160288;f43a9af8-d50d-7e96-d970-e9680f7b5cf6
2021-T.55(3);af18cc7a-fa8f-11e2-8e56-9f72c6160288;d4cc3348-38ca-879a-7ce4-cdc19144c228
2021-T.55(4);af18cc7a-fa8f-11e2-8e56-9f72c6160288;6c5b27eb-9b52-82e8-46c4-cf2b03e3b873
2021-T.55(5);af18cc7a-fa8f-11e2-8e56-9f72c6160288;c35a7d5e-1582-e277-6bb5-f1d24612e2dd
2021-T.55(6);af18cc7a-fa8f-11e2-8e56-9f72c6160288;c923be4b-b6e7-61ee-7599-a5bd43f8e526
2021-T.55(7);af18cc7a-fa8f-11e2-8e56-9f72c6160288;0852b487-4e3f-50da-db31-8da06e6ae5ca
2021-T.55(8);af18cc7a-fa8f-11e2-8e56-9f72c6160288;ae57d282-7504-fefc-f21d-db85de17a4af
2021-T.55(9);af18cc7a-fa8f-11e2-8e56-9f72c6160288;8a882621-323c-9426-2c92-da2a82a3e835
2021-T.56(1);af18cc7a-fa8f-11e2-8e56-9f72c6160288;cbb46ed6-5475-7d43-83fc-2d78d9d8de37
2021-T.56(10);af18cc7a-fa8f-11e2-8e56-9f72c6160288;89510f76-150f-46c4-a8ed-545caa47a101
2021-T.56(11);af18cc7a-fa8f-11e2-8e56-9f72c6160288;17a8b5bc-5d07-202b-939e-9606939cc6af
2021-T.56(12);af18cc7a-fa8f-11e2-8e56-9f72c6160288;4a6f4e21-a915-fa87-263e-f8c45235cec6
2021-T.56(13);af18cc7a-fa8f-11e2-8e56-9f72c6160288;e6dd2ba1-29dc-43ee-c440-56f0c2cbe0cc
2021-T.56(1/31);af18cc7a-fa8f-11e2-8e56-9f72c6160288;23a2c623-46d5-6ff7-424b-d29595957302
2021-T.56(14);af18cc7a-fa8f-11e2-8e56-9f72c6160288;9617b053-15c0-05d3-6f0d-34814cd19fba
2021-T.56(15);af18cc7a-fa8f-11e2-8e56-9f72c6160288;42b5dc4c-9c01-8a64-d1e4-5bb108e9a0c6
2021-T.56(16);af18cc7a-fa8f-11e2-8e56-9f72c6160288;498c4a98-16e0-2aa8-68b1-7eb7ed15797c
2021-T.56(17);af18cc7a-fa8f-11e2-8e56-9f72c6160288;7e889790-219c-0df1-3713-402d461f2678
2021-T.56(18);af18cc7a-fa8f-11e2-8e56-9f72c6160288;117ba6d9-53d6-b1ed-a596-c82c6de22f17
2021-T.56(19);af18cc7a-fa8f-11e2-8e56-9f72c6160288;96c6a8e1-b97d-9b61-b19d-d8a7c9ba66ab
2021-T.56(2);af18cc7a-fa8f-11e2-8e56-9f72c6160288;6e7c1045-89ff-390d-3a06-87aa2797e01f
2021-T.56(20);af18cc7a-fa8f-11e2-8e56-9f72c6160288;30a43ef1-5bf3-c608-890f-210d1756c1f7
2021-T.56(21);af18cc7a-fa8f-11e2-8e56-9f72c6160288;21128ece-8596-1cb7-98b2-49d3ca33cae3
2021-T.56(22);af18cc7a-fa8f-11e2-8e56-9f72c6160288;ee1ed7f8-ccb3-64c2-d34f-2564a62d5a33
2021-T.56(23);af18cc7a-fa8f-11e2-8e56-9f72c6160288;2513fe5f-5ac3-74f1-75bf-94136eb648d0
2021-T.56(24);af18cc7a-fa8f-11e2-8e56-9f72c6160288;9db7e46a-24c3-acdd-d637-28450857d6ee
2021-T.56(25);af18cc7a-fa8f-11e2-8e56-9f72c6160288;fd450c0a-f706-923e-57be-5f01aa7b33dd
2021-T.56(26);af18cc7a-fa8f-11e2-8e56-9f72c6160288;c7096651-0be7-01fb-6a51-66955be4b11a
2021-T.56(27);af18cc7a-fa8f-11e2-8e56-9f72c6160288;7a44f9fd-1991-dcdf-0bc0-2d4cc83d8c25
2021-T.56(28);af18cc7a-fa8f-11e2-8e56-9f72c6160288;2fdc76ff-0614-2721-069a-18c8c5e4b3b0
2021-T.56(29);af18cc7a-fa8f-11e2-8e56-9f72c6160288;e4b94f84-fe50-e8ae-9f31-e405697662a7
2021-T.56(3);af18cc7a-fa8f-11e2-8e56-9f72c6160288;15a9f7ca-1531-f2b5-ab5e-89cd03e45597
2021-T.56(30);af18cc7a-fa8f-11e2-8e56-9f72c6160288;4b226808-5831-d521-40a7-8a1c82c0a9d8
2021-T.56(31);af18cc7a-fa8f-11e2-8e56-9f72c6160288;6253df29-ce2e-039b-690d-1ecb35d812cc
2021-T.56(4);af18cc7a-fa8f-11e2-8e56-9f72c6160288;32c5d5bb-745d-1074-f639-261f2ac7ec4c
2021-T.56(5);af18cc7a-fa8f-11e2-8e56-9f72c6160288;43bb431b-caab-594f-2319-8a2709f5011f
2021-T.56(6);af18cc7a-fa8f-11e2-8e56-9f72c6160288;17f1ff3c-fa22-067f-a1a1-cbd953e2fb16
2021-T.56(7);af18cc7a-fa8f-11e2-8e56-9f72c6160288;4821d42b-ec69-7e16-5bf8-da80ff1f73cd
2021-T.56(8);af18cc7a-fa8f-11e2-8e56-9f72c6160288;54638f3c-9add-6873-4510-87def1edacb6
2021-T.56(9);af18cc7a-fa8f-11e2-8e56-9f72c6160288;859fc9ee-2f94-cbae-e34b-29004ae10fd6
2021-T.57(1);af18cc7a-fa8f-11e2-8e56-9f72c6160288;d130fe7c-fd77-5099-fcd8-5ecbc1448f10
2021-T.57(10);af18cc7a-fa8f-11e2-8e56-9f72c6160288;85a08e2c-a62f-aed6-d5a0-3294871c18c0
2021-T.57(11);af18cc7a-fa8f-11e2-8e56-9f72c6160288;3ad00d57-c611-02fe-8be0-048e9eb72b4d
2021-T.57(12);af18cc7a-fa8f-11e2-8e56-9f72c6160288;b9c6905a-c487-35be-87a7-05355bebe422
2021-T.57(1/27);af18cc7a-fa8f-11e2-8e56-9f72c6160288;0e585c97-461c-8032-62c7-5340fb48de0a
2021-T.57(13);af18cc7a-fa8f-11e2-8e56-9f72c6160288;760a1dc8-d0cd-23d7-44f2-a6ae8fe7e960
2021-T.57(14);af18cc7a-fa8f-11e2-8e56-9f72c6160288;526d6e6d-66a5-3872-e568-cb171c35cb31
2021-T.57(15);af18cc7a-fa8f-11e2-8e56-9f72c6160288;ada4e308-1df1-d892-5a97-50fa2b600be4
2021-T.57(16);af18cc7a-fa8f-11e2-8e56-9f72c6160288;ea2928b2-c099-cc6a-e11c-5b5d3e93e3ef
2021-T.57(17);af18cc7a-fa8f-11e2-8e56-9f72c6160288;16afe7f4-73fe-8564-014a-9ffa9d3d68d7
2021-T.57(18);af18cc7a-fa8f-11e2-8e56-9f72c6160288;20fdce37-2657-b83f-8498-faeb0e20f638
2021-T.57(19);af18cc7a-fa8f-11e2-8e56-9f72c6160288;be534c87-410a-27e4-7eb8-f31092716163
2021-T.57(2);af18cc7a-fa8f-11e2-8e56-9f72c6160288;2ee48ced-9872-be71-7f18-eee599cea4a3
2021-T.57(20);af18cc7a-fa8f-11e2-8e56-9f72c6160288;5f45b9ed-cdf8-a7be-38ab-52c3c7242d6c
2021-T.57(21);af18cc7a-fa8f-11e2-8e56-9f72c6160288;e5e610cc-16bb-5003-4c10-c40cda0ccecf
2021-T.57(22);af18cc7a-fa8f-11e2-8e56-9f72c6160288;2d7cb7fa-351d-5064-e826-b336781b8f0d
2021-T.57(23);af18cc7a-fa8f-11e2-8e56-9f72c6160288;36cd353a-70f5-143c-7e9f-52a7073eef9a
2021-T.57(24);af18cc7a-fa8f-11e2-8e56-9f72c6160288;4cedc275-c2e8-ba67-b28b-20cecd3a9a25
2021-T.57(25);af18cc7a-fa8f-11e2-8e56-9f72c6160288;b120a7db-9222-b507-54f2-855e48bc3895
2021-T.57(26);af18cc7a-fa8f-11e2-8e56-9f72c6160288;9d398a26-2867-b23e-a0ea-5e4cb57d09f8
2021-T.57(27);af18cc7a-fa8f-11e2-8e56-9f72c6160288;53a08c6a-66b2-57f4-1270-8659ed48a517
2021-T.57(3);af18cc7a-fa8f-11e2-8e56-9f72c6160288;24f86f96-f1ed-fb61-cf5f-eb05ebaf3941
2021-T.57(4);af18cc7a-fa8f-11e2-8e56-9f72c6160288;dcbc21b3-119a-7ebc-9ba0-7a6051417820
2021-T.57(5);af18cc7a-fa8f-11e2-8e56-9f72c6160288;6ec63ee1-ac0b-c500-08c8-46c2c5d63b93
2021-T.57(6);af18cc7a-fa8f-11e2-8e56-9f72c6160288;f063d908-f442-3508-00a5-239b0cb468d4
2021-T.57(7);af18cc7a-fa8f-11e2-8e56-9f72c6160288;c8b9b953-55fc-bc46-ec8c-d51075919279
2021-T.57(8);af18cc7a-fa8f-11e2-8e56-9f72c6160288;793af41e-fc14-6427-8a0f-01727091b4ea
2021-T.57(9);af18cc7a-fa8f-11e2-8e56-9f72c6160288;682acef7-8a63-ef19-9ffd-2ee0352db262
2021-T.58(1);af18cc7a-fa8f-11e2-8e56-9f72c6160288;cf5db2d6-8c66-ac15-6a2e-1fb7c2d8deef
2021-T.58(10);af18cc7a-fa8f-11e2-8e56-9f72c6160288;02f3d747-6478-0d3f-7e3f-bb8f4f5c09d7
2021-T.58(11);af18cc7a-fa8f-11e2-8e56-9f72c6160288;e2712855-9673-f506-a1b8-47f590c8add1
2021-T.58(1/11);af18cc7a-fa8f-11e2-8e56-9f72c6160288;974e103b-afdd-13b0-a728-8cf58024e4f2
2021-T.58(2);af18cc7a-fa8f-11e2-8e56-9f72c6160288;9fe39d78-06a9-7b9a-eeff-bb241ad09f00
2021-T.58(3);af18cc7a-fa8f-11e2-8e56-9f72c6160288;89f8cfb4-dba2-f9e5-69f3-9f0e02d36f6a
2021-T.58(4);af18cc7a-fa8f-11e2-8e56-9f72c6160288;1aac2c2d-2f47-5d70-853f-f2c4e3ff82db
2021-T.58(5);af18cc7a-fa8f-11e2-8e56-9f72c6160288;4e971a26-33df-3d98-63df-c4d2e683aaa4
2021-T.58(6);af18cc7a-fa8f-11e2-8e56-9f72c6160288;24184cb3-059f-8621-b0e3-24f7c26f43d3
2021-T.58(7);af18cc7a-fa8f-11e2-8e56-9f72c6160288;56c70ae1-4485-5eee-6b27-746736ced3e6
2021-T.58(8);af18cc7a-fa8f-11e2-8e56-9f72c6160288;41179cc9-5cd9-4769-df46-b563d6faf9f4
2021-T.58(9);af18cc7a-fa8f-11e2-8e56-9f72c6160288;f033d8ea-2e0c-02d1-3af7-226d0c86fb5e
2021-T.59;af18cc7a-fa8f-11e2-8e56-9f72c6160288;e6ebf1fa-2684-28a0-259d-79e59b3d1e77
2021-T.6;af18cc7a-fa8f-11e2-8e56-9f72c6160288;d84a1547-d292-3300-48a7-288a06d46003
2021-T.60;af18cc7a-fa8f-11e2-8e56-9f72c6160288;c6d3c6e7-f513-4ca3-08f3-069dfa6d982f
2021-T.61;af18cc7a-fa8f-11e2-8e56-9f72c6160288;8d2c257a-5bad-cb8c-100b-aed2e7c03f72
2021-T.62;af18cc7a-fa8f-11e2-8e56-9f72c6160288;5b7312ad-aa3d-73d9-0709-6eebfab2a1c1
2021-T.63;af18cc7a-fa8f-11e2-8e56-9f72c6160288;84d9de20-2ad5-cb2e-90fc-40fd5e2eb83e
2021-T.64;af18cc7a-fa8f-11e2-8e56-9f72c6160288;902a7651-0460-9756-8640-e212e448f4aa
2021-T.65;af18cc7a-fa8f-11e2-8e56-9f72c6160288;cacd147f-70b8-46b5-4bac-23312b022d97
2021-T.66;af18cc7a-fa8f-11e2-8e56-9f72c6160288;7e8475ef-80da-566c-c935-f7fdcf7fa613
2021-T.67;af18cc7a-fa8f-11e2-8e56-9f72c6160288;9d284d5c-5239-f32e-3f06-e845a75328e8
2021-T.68;af18cc7a-fa8f-11e2-8e56-9f72c6160288;96f92477-7f41-27cf-eb69-923c297892c3
2021-T.69;af18cc7a-fa8f-11e2-8e56-9f72c6160288;eb63135e-f550-b8ef-6f2e-e8c991d69df1
2021-T.7;af18cc7a-fa8f-11e2-8e56-9f72c6160288;fc99eef6-b9a3-c51c-ce7f-1b5445ee1699
2021-T.70;af18cc7a-fa8f-11e2-8e56-9f72c6160288;d5ab6def-fda5-37c9-4890-03ba2efef9bd
2021-T.71;af18cc7a-fa8f-11e2-8e56-9f72c6160288;034e350d-b3fe-30a0-a9f2-89c40ed57fe3
2021-T.72;af18cc7a-fa8f-11e2-8e56-9f72c6160288;685d964e-cf6c-416c-c412-2c83f53bbed1
2021-T.73;af18cc7a-fa8f-11e2-8e56-9f72c6160288;84173b0b-cc9c-aca4-16cf-c0f5fb20d45c
2021-T.74;af18cc7a-fa8f-11e2-8e56-9f72c6160288;5096668a-f1f4-c77a-6073-ef2820d31407
2021-T.75;af18cc7a-fa8f-11e2-8e56-9f72c6160288;a6954dee-0978-dff3-9289-522cd13364d4
2021-T.76;af18cc7a-fa8f-11e2-8e56-9f72c6160288;981f429a-6ab2-d191-cfec-076053c0d3af
2021-T.77;af18cc7a-fa8f-11e2-8e56-9f72c6160288;cebcb2f5-3d74-57f3-271e-31a0cfbec058
2021-T.78;af18cc7a-fa8f-11e2-8e56-9f72c6160288;a0816551-7018-ca7e-d89c-9c004835e66d
2021-T.79;af18cc7a-fa8f-11e2-8e56-9f72c6160288;b2d3d10d-6414-d55b-5a4c-8b411a92d494
2021-T.8;af18cc7a-fa8f-11e2-8e56-9f72c6160288;ad241062-b0aa-651c-77b3-512e60b38f7a
2021-T.80;af18cc7a-fa8f-11e2-8e56-9f72c6160288;77710c2f-bfc3-1817-4669-cb9a73551be7
2021-T.81;af18cc7a-fa8f-11e2-8e56-9f72c6160288;d96055ea-0434-fba9-2990-ea5b820c2d89
2021-T.82;af18cc7a-fa8f-11e2-8e56-9f72c6160288;0e0bbb30-ae61-d12c-1425-0fe66221db57
2021-T.9;af18cc7a-fa8f-11e2-8e56-9f72c6160288;e74260fb-0071-33cd-8420-98e0bd776ed8
2022-T.1;af18cc7a-fa8f-11e2-8e56-9f72c6160288;ae296f31-6bcb-290b-9c4e-8245c7e95ccc
2022-T.10;af18cc7a-fa8f-11e2-8e56-9f72c6160288;5a17c0ab-e49a-d852-5fa1-087d14da4fee
2022-T.100;af18cc7a-fa8f-11e2-8e56-9f72c6160288;9292d5bf-a402-7394-37cc-dd80644a832f
2022-T.101;af18cc7a-fa8f-11e2-8e56-9f72c6160288;32f8200f-f933-09ea-e135-aaa34535624f
2022-T.102;af18cc7a-fa8f-11e2-8e56-9f72c6160288;c9457d2d-1b27-5bfe-1278-c1bdbbf8ac30
2022-T.103;af18cc7a-fa8f-11e2-8e56-9f72c6160288;957ad790-71a6-c217-4c31-36179d97168a
2022-T.104;af18cc7a-fa8f-11e2-8e56-9f72c6160288;8c25461d-a9af-35c6-32c7-d0561a59e6cd
2022-T.105;af18cc7a-fa8f-11e2-8e56-9f72c6160288;48bc45e1-e26d-530f-8ea1-54bbe61930db
2022-T.106;af18cc7a-fa8f-11e2-8e56-9f72c6160288;058d3507-66f6-216f-8e7c-8c7f9bc0b880
2022-T.107;af18cc7a-fa8f-11e2-8e56-9f72c6160288;c76bd1e5-9a5c-85f4-5db0-7c0333f2ef18
2022-T.108;af18cc7a-fa8f-11e2-8e56-9f72c6160288;7e052c28-474d-a2c2-39fb-68931c9c67ec
2022-T.109;af18cc7a-fa8f-11e2-8e56-9f72c6160288;ff57d039-2f9a-0c8b-ba32-778bb020f53a
2022-T.11;af18cc7a-fa8f-11e2-8e56-9f72c6160288;3907a8af-afad-358e-de79-a1f8ff84e30b
2022-T.110;af18cc7a-fa8f-11e2-8e56-9f72c6160288;09844d73-b9ee-94b2-1b02-786751d09584
2022-T.111;af18cc7a-fa8f-11e2-8e56-9f72c6160288;238dbf98-6872-b30e-ba54-4b884c6aa824
2022-T.112;af18cc7a-fa8f-11e2-8e56-9f72c6160288;01087226-3442-f1e1-2684-355618dbe1e9
2022-T.113;af18cc7a-fa8f-11e2-8e56-9f72c6160288;99373c7a-f4d0-0490-a14a-b6473e8c437d
2022-T.114;af18cc7a-fa8f-11e2-8e56-9f72c6160288;f3ecfe05-5bd8-84a3-57c0-0b9937e7ef4c
2022-T.115;af18cc7a-fa8f-11e2-8e56-9f72c6160288;7cbecb67-c520-1ffc-79c7-450b54c26958
2022-T.116;af18cc7a-fa8f-11e2-8e56-9f72c6160288;a77b9bdf-30c3-3f6a-3f07-056a6699f1f9
2022-T.117;af18cc7a-fa8f-11e2-8e56-9f72c6160288;fb112f9e-19e4-2bb2-f4e7-60c21b72ef48
2022-T.118;af18cc7a-fa8f-11e2-8e56-9f72c6160288;071591ef-c837-299d-f2ff-e7d1ebd30b5e
2022-T.119;af18cc7a-fa8f-11e2-8e56-9f72c6160288;dce63b65-7408-dce4-5213-0aed61315dad
2022-T.12;af18cc7a-fa8f-11e2-8e56-9f72c6160288;4a565448-30d0-b798-23dc-948288e21fe8
2022-T.120;af18cc7a-fa8f-11e2-8e56-9f72c6160288;c4df6cb7-e72a-4510-fed6-676f52e70acd
2022-T.121;af18cc7a-fa8f-11e2-8e56-9f72c6160288;dcc040b8-a57a-9fce-7c39-2d83bc5ae3ea
2022-T.122;af18cc7a-fa8f-11e2-8e56-9f72c6160288;1e160599-7e77-0be4-0723-1a0def71cf86
2022-T.123;af18cc7a-fa8f-11e2-8e56-9f72c6160288;18490827-88de-43d4-aa4a-956ebb0214f0
2022-T.124;af18cc7a-fa8f-11e2-8e56-9f72c6160288;d6fcb273-8047-ad06-d7d2-4eb8fa832539
2022-T.125;af18cc7a-fa8f-11e2-8e56-9f72c6160288;ceab8791-6f6d-75f1-867f-a829fa6624a2
2022-T.126;af18cc7a-fa8f-11e2-8e56-9f72c6160288;7a4e188c-f700-41e1-44bf-c971ec7809a1
2022-T.127;af18cc7a-fa8f-11e2-8e56-9f72c6160288;aad0fb0d-d5b8-7924-6d15-d9714190b67a
2022-T.128;af18cc7a-fa8f-11e2-8e56-9f72c6160288;5978937d-9342-b256-435a-eabe81701e59
2022-T.129;af18cc7a-fa8f-11e2-8e56-9f72c6160288;4e900726-f1ab-e7b2-e147-61062161cc2f
2022-T.13;af18cc7a-fa8f-11e2-8e56-9f72c6160288;5eea46ba-c6f9-36ff-1cb6-56aaa03623c7
2022-T.130;af18cc7a-fa8f-11e2-8e56-9f72c6160288;5e0f8c58-0ed3-ee6e-b6d2-ee6a0d758185
2022-T.131;af18cc7a-fa8f-11e2-8e56-9f72c6160288;8b79a191-be3a-45cf-12ab-014af75160be
2022-T.14;af18cc7a-fa8f-11e2-8e56-9f72c6160288;40f6852b-5a35-6ac3-7ce4-2b8881b74507
2022-T.15;af18cc7a-fa8f-11e2-8e56-9f72c6160288;28b74ef3-b7b1-a391-cd72-d0cb5fdb62cf
2022-T.16;af18cc7a-fa8f-11e2-8e56-9f72c6160288;66dcde4f-56b5-6381-78ed-4415c0c31fa7
2022-T.17;af18cc7a-fa8f-11e2-8e56-9f72c6160288;e1ffd7fc-e561-6fd3-6c56-d3e4e1abd3ae
2022-T.18;af18cc7a-fa8f-11e2-8e56-9f72c6160288;a89e364e-f0d8-5621-12fe-8e3ea3ee98ca
2022-T.19;af18cc7a-fa8f-11e2-8e56-9f72c6160288;60876115-0151-a86a-16aa-719ab3c682ea
2022-T.2;af18cc7a-fa8f-11e2-8e56-9f72c6160288;b2a2033f-f854-0a73-6c42-4fe745fe84ae
2022-T.20;af18cc7a-fa8f-11e2-8e56-9f72c6160288;a1cf3daa-7c9d-698e-5858-56bbed58d60f
2022-T.21;af18cc7a-fa8f-11e2-8e56-9f72c6160288;0678ff2c-b9bc-62b8-b16a-cc8ea8849285
2022-T.22;af18cc7a-fa8f-11e2-8e56-9f72c6160288;7043e745-63b4-f5e8-8c82-c9bb9a4852b2
2022-T.23;af18cc7a-fa8f-11e2-8e56-9f72c6160288;43eea393-601d-bea0-ac14-f882cc74bd4b
2022-T.24;af18cc7a-fa8f-11e2-8e56-9f72c6160288;2669fbaa-b1cd-447c-059f-1d376b2426ae
2022-T.25;af18cc7a-fa8f-11e2-8e56-9f72c6160288;242902de-06ee-93a2-1164-5aa3d2309153
2022-T.26;af18cc7a-fa8f-11e2-8e56-9f72c6160288;d6bc117f-c768-ed0f-9813-da7878621169
2022-T.27;af18cc7a-fa8f-11e2-8e56-9f72c6160288;87d4e3ee-c64f-3a5c-a37c-ce544bb56646
2022-T.28;af18cc7a-fa8f-11e2-8e56-9f72c6160288;a47d502e-ee7d-a7a5-de48-c44f2af6bf12
2022-T.29;af18cc7a-fa8f-11e2-8e56-9f72c6160288;ae4bc6e4-11b9-48ea-990d-7bb182ca352d
2022-T.3;af18cc7a-fa8f-11e2-8e56-9f72c6160288;67dc7ef7-2826-53e2-fded-33e5eabb1383
2022-T.30;af18cc7a-fa8f-11e2-8e56-9f72c6160288;ce00a3e0-6105-27cc-247b-571851fe00ad
2022-T.31;af18cc7a-fa8f-11e2-8e56-9f72c6160288;7817370b-4067-f72b-772a-e35cb38e4ab6
2022-T.32;af18cc7a-fa8f-11e2-8e56-9f72c6160288;17a19f1b-6e7a-251a-0139-73a816fb8516
2022-T.33;af18cc7a-fa8f-11e2-8e56-9f72c6160288;6d6f703f-3bfa-c88d-21b3-a6b3c306c690
2022-T.34;af18cc7a-fa8f-11e2-8e56-9f72c6160288;fd1aa521-d9e6-2705-5575-3665db4cce6a
2022-T.35;af18cc7a-fa8f-11e2-8e56-9f72c6160288;0dd229f5-d09e-c5af-433b-77e2308c632c
2022-T.36;af18cc7a-fa8f-11e2-8e56-9f72c6160288;2349d892-4c2c-da03-0a85-8e2d540d01c3
2022-T.37;af18cc7a-fa8f-11e2-8e56-9f72c6160288;41a692bb-2a64-9b6a-4e55-b2c7466d94ae
2022-T.38;af18cc7a-fa8f-11e2-8e56-9f72c6160288;8633319e-c303-baea-7d76-5fc9c0a111bf
2022-T.39;af18cc7a-fa8f-11e2-8e56-9f72c6160288;6cfb9ad5-300c-7b3f-49d3-5b031e032255
2022-T.4;af18cc7a-fa8f-11e2-8e56-9f72c6160288;c5bb4d78-8db5-e281-ff07-9e171744c5d0
2022-T.40;af18cc7a-fa8f-11e2-8e56-9f72c6160288;e92321da-4920-a158-e3fa-d273ee22c417
2022-T.41;af18cc7a-fa8f-11e2-8e56-9f72c6160288;c5cc230b-1bad-697f-f941-519be9ae4c4b
2022-T.42;af18cc7a-fa8f-11e2-8e56-9f72c6160288;d632486d-e66f-93ed-a8cd-edf8d138d1ea
2022-T.43;af18cc7a-fa8f-11e2-8e56-9f72c6160288;77b551f3-e136-2830-a456-72dbd9fa21dd
2022-T.44;af18cc7a-fa8f-11e2-8e56-9f72c6160288;4b689a32-0796-f7b7-9178-e50f2ff5c980
2022-T.45;af18cc7a-fa8f-11e2-8e56-9f72c6160288;c32def18-6bd9-7cec-8316-29c296f0612a
2022-T.46;af18cc7a-fa8f-11e2-8e56-9f72c6160288;2a9cd1d8-2d67-ac3d-a3fc-e85712a22f5a
2022-T.47;af18cc7a-fa8f-11e2-8e56-9f72c6160288;322376f7-794e-e713-204a-ac519845876b
2022-T.48;af18cc7a-fa8f-11e2-8e56-9f72c6160288;07cddf7b-cb80-c2fe-972e-4ceced8f6e9f
2022-T.49;af18cc7a-fa8f-11e2-8e56-9f72c6160288;eb4dddc2-82f8-132c-630e-c761f309d374
2022-T.5;af18cc7a-fa8f-11e2-8e56-9f72c6160288;67d21857-423e-c565-ca8d-902a95b759b7
2022-T.50;af18cc7a-fa8f-11e2-8e56-9f72c6160288;ee2a159e-df71-bc97-e7ae-9ef886cec367
2022-T.51;af18cc7a-fa8f-11e2-8e56-9f72c6160288;d6bbdf19-7f66-fc0c-dd3f-ae3f26d65a03
2022-T.52;af18cc7a-fa8f-11e2-8e56-9f72c6160288;5ab9afa5-7b9b-3c95-3a30-cbd908030ac3
2022-T.53;af18cc7a-fa8f-11e2-8e56-9f72c6160288;d8c7d2a6-a9eb-90a2-e9b3-ffdfb8bbbb78
2022-T.54;af18cc7a-fa8f-11e2-8e56-9f72c6160288;6ab1320a-eac4-9891-a0c5-8ec9f1326cb9
2022-T.55;af18cc7a-fa8f-11e2-8e56-9f72c6160288;ff6acc88-268c-47bf-ad89-48ad983a49ac
2022-T.56;af18cc7a-fa8f-11e2-8e56-9f72c6160288;3edae692-6273-76c8-de32-88a524e238c4
2022-T.57;af18cc7a-fa8f-11e2-8e56-9f72c6160288;056c263a-e6b7-a7ed-e0d9-8ae631fb9f47
2022-T.58;af18cc7a-fa8f-11e2-8e56-9f72c6160288;f79fec38-f86d-9d78-7688-73a6cf178d32
2022-T.59;af18cc7a-fa8f-11e2-8e56-9f72c6160288;573d6bcd-f09e-8ff3-dadc-4a8652eb3fc9
2022-T.6;af18cc7a-fa8f-11e2-8e56-9f72c6160288;d33930ff-7e8d-d939-47de-b378594f63f8
2022-T.60;af18cc7a-fa8f-11e2-8e56-9f72c6160288;d88066fc-f6da-8eb0-9ad3-14f31b3fda7b
2022-T.61;af18cc7a-fa8f-11e2-8e56-9f72c6160288;f2d0c4bf-389b-1713-4929-155df882ffc5
2022-T.62;af18cc7a-fa8f-11e2-8e56-9f72c6160288;fbc88c6a-1df8-b2d6-9f10-4ecf03c013f0
2022-T.63;af18cc7a-fa8f-11e2-8e56-9f72c6160288;b6417370-0fa5-ca9d-95ef-177f402de099
2022-T.64;af18cc7a-fa8f-11e2-8e56-9f72c6160288;ca911dd8-484e-02d3-ac21-4523855337f8
2022-T.65;af18cc7a-fa8f-11e2-8e56-9f72c6160288;6de11a87-008d-c5eb-302c-30bf4238954a
2022-T.66;af18cc7a-fa8f-11e2-8e56-9f72c6160288;5945a845-0bd9-9435-bb15-82bce87804f3
2022-T.67;af18cc7a-fa8f-11e2-8e56-9f72c6160288;ed2bd7b6-8128-e5e8-25a4-7e34bc6e9f71
2022-T.68;af18cc7a-fa8f-11e2-8e56-9f72c6160288;580d8cbf-836c-bf75-8f1a-4bbf68b8d06b
2022-T.69;af18cc7a-fa8f-11e2-8e56-9f72c6160288;40dcf8e3-1c3f-5d8a-236f-52f972511178
2022-T.7;af18cc7a-fa8f-11e2-8e56-9f72c6160288;f9cab0bb-9f62-e52e-88f7-5341e87d9c4d
2022-T.70;af18cc7a-fa8f-11e2-8e56-9f72c6160288;e41fe8da-f396-183d-a7cc-d5a3c4cbbb5d
2022-T.71;af18cc7a-fa8f-11e2-8e56-9f72c6160288;8133e8df-186e-50e8-1d24-36685cdf86ee
2022-T.72;af18cc7a-fa8f-11e2-8e56-9f72c6160288;011bd36d-4e42-6ad2-c406-e3a56d78dba6
2022-T.73;af18cc7a-fa8f-11e2-8e56-9f72c6160288;e081ca1a-7870-40ae-6ca8-347003464dbd
2022-T.74;af18cc7a-fa8f-11e2-8e56-9f72c6160288;a7170f05-159c-ea80-0a39-f7e9ef1409ea
2022-T.75;af18cc7a-fa8f-11e2-8e56-9f72c6160288;6d4dcfea-7f44-067c-9ece-954da6677d5c
2022-T.76;af18cc7a-fa8f-11e2-8e56-9f72c6160288;0260964a-c39d-4d1b-6f96-1a1376537c2a
2022-T.77;af18cc7a-fa8f-11e2-8e56-9f72c6160288;6ffec3b6-5465-4eea-67ff-7d57dd194756
2022-T.78;af18cc7a-fa8f-11e2-8e56-9f72c6160288;af949650-6fb1-05ce-792f-e749e590b5c7
2022-T.79;af18cc7a-fa8f-11e2-8e56-9f72c6160288;4f5837c9-77e0-bc83-fd31-87b92a96306a
2022-T.8;af18cc7a-fa8f-11e2-8e56-9f72c6160288;b9ba9994-b66b-2e8f-10d4-f12fba8da75a
2022-T.80;af18cc7a-fa8f-11e2-8e56-9f72c6160288;229675e5-45e1-19ed-bf30-99cc170eef28
2022-T.81;af18cc7a-fa8f-11e2-8e56-9f72c6160288;c839dde2-3130-bbaf-b8a6-1f764d77eef5
2022-T.82;af18cc7a-fa8f-11e2-8e56-9f72c6160288;81c3e859-2c43-5c03-533d-f84c26b42f0c
2022-T.83;af18cc7a-fa8f-11e2-8e56-9f72c6160288;aa9cc69b-4ced-aafe-80f7-6dae84b7c4fe
2022-T.84;af18cc7a-fa8f-11e2-8e56-9f72c6160288;5577d22e-026a-1b17-aebe-b90ba83d7c94
2022-T.85;af18cc7a-fa8f-11e2-8e56-9f72c6160288;418b3992-e4b3-c45b-11a5-263c7f3c4cf9
2022-T.86;af18cc7a-fa8f-11e2-8e56-9f72c6160288;c02a20f3-47b7-b07d-89dc-287a7fc994ec
2022-T.87(1);af18cc7a-fa8f-11e2-8e56-9f72c6160288;32cac32e-dfb8-2ee3-74a1-d91a109fd2a0
2022-T.87(10);af18cc7a-fa8f-11e2-8e56-9f72c6160288;29e9c627-069c-e27b-ebd2-95d3811cb030
2022-T.87(11);af18cc7a-fa8f-11e2-8e56-9f72c6160288;1a6151c9-4fe2-5c9f-3fca-06c7791864cb
2022-T.87(12);af18cc7a-fa8f-11e2-8e56-9f72c6160288;7215a189-f76d-b5b3-724f-80b551b09352
2022-T.87(13);af18cc7a-fa8f-11e2-8e56-9f72c6160288;01c89b2b-4daa-8932-c646-2fd3b0a50839
2022-T.87(2);af18cc7a-fa8f-11e2-8e56-9f72c6160288;d1944fe2-1db8-64d0-c346-3beff9837790
2022-T.87(3);af18cc7a-fa8f-11e2-8e56-9f72c6160288;a786a3dc-7268-62a9-9a50-5bd35eadbe42
2022-T.87(4);af18cc7a-fa8f-11e2-8e56-9f72c6160288;bf49344f-74aa-037f-72f6-86140342c391
2022-T.87(5);af18cc7a-fa8f-11e2-8e56-9f72c6160288;f8596e24-f1a0-cdab-f0b8-0e284d1e656b
2022-T.87(6);af18cc7a-fa8f-11e2-8e56-9f72c6160288;21805174-d879-dd41-c8ac-b3742b2cb03b
2022-T.87(7);af18cc7a-fa8f-11e2-8e56-9f72c6160288;d4adb505-9c75-b230-c149-704f8588d7fb
2022-T.87(8);af18cc7a-fa8f-11e2-8e56-9f72c6160288;7e9b04fa-d076-cc79-f978-f7969896755e
2022-T.87(9);af18cc7a-fa8f-11e2-8e56-9f72c6160288;ad3759bc-16f0-378f-3093-e518b2bbbd4b
2022-T.88;af18cc7a-fa8f-11e2-8e56-9f72c6160288;bf1c098d-3cf8-d705-2ecd-c0ade9515e71
2022-T.89;af18cc7a-fa8f-11e2-8e56-9f72c6160288;de22652b-cd2c-0d13-db7e-a25f00438a7f
2022-T.9;af18cc7a-fa8f-11e2-8e56-9f72c6160288;9ca44038-eb45-d6be-aaae-3eaf109d5e64
2022-T.90;af18cc7a-fa8f-11e2-8e56-9f72c6160288;934aef19-a295-115f-966e-8393c7c14803
2022-T.91;af18cc7a-fa8f-11e2-8e56-9f72c6160288;b65a4751-3d86-5aa5-5bce-d70b38e511a1
2022-T.92;af18cc7a-fa8f-11e2-8e56-9f72c6160288;d915e6ae-21b7-ed73-8543-7e56c503d355
2022-T.93;af18cc7a-fa8f-11e2-8e56-9f72c6160288;cc26c91a-3ebc-4112-82bb-404107780b5e
2022-T.94;af18cc7a-fa8f-11e2-8e56-9f72c6160288;1665a72a-1de5-2e0a-c535-d168ba0a3cf5
2022-T.95;af18cc7a-fa8f-11e2-8e56-9f72c6160288;6a7f32ba-838b-e3d4-48e9-eea08d234016
2022-T.96;af18cc7a-fa8f-11e2-8e56-9f72c6160288;e0b0c338-47bd-03eb-3389-7043a964e542
2022-T.97;af18cc7a-fa8f-11e2-8e56-9f72c6160288;6dc1bd41-e82b-67ea-894a-731c47714e82
2022-T.98;af18cc7a-fa8f-11e2-8e56-9f72c6160288;d48d389e-6893-c3aa-8fd9-333beacb19c2
2022-T.99;af18cc7a-fa8f-11e2-8e56-9f72c6160288;19b00c61-843b-8436-e01d-006faaf3d0f2
2023-T.1;af18cc7a-fa8f-11e2-8e56-9f72c6160288;81255428-acd2-adf3-6612-37eedfa9e67f
2023-T.10;af18cc7a-fa8f-11e2-8e56-9f72c6160288;7e2373a9-b486-c50b-d86f-5ac04ce89569
2023-T.100;af18cc7a-fa8f-11e2-8e56-9f72c6160288;0e680811-9b52-74a5-2447-68f9aaa87b02
2023-T.101;af18cc7a-fa8f-11e2-8e56-9f72c6160288;17632249-4668-3b56-7045-90cb8e086a82
2023-T.102;af18cc7a-fa8f-11e2-8e56-9f72c6160288;5461d5fd-dc23-9280-bcb5-b5418af68458
2023-T.103;af18cc7a-fa8f-11e2-8e56-9f72c6160288;f954e705-2928-333f-0087-626d2f2e5d60
2023-T.104;af18cc7a-fa8f-11e2-8e56-9f72c6160288;eaae6a8c-95a8-d20e-cb89-d64eb20426d4
2023-T.105;af18cc7a-fa8f-11e2-8e56-9f72c6160288;15fdcbf8-663b-70e9-89e8-5309ad11a461
2023-T.106;af18cc7a-fa8f-11e2-8e56-9f72c6160288;65be160e-3c07-3833-5382-cb232d3a6ce0
2023-T.107;af18cc7a-fa8f-11e2-8e56-9f72c6160288;c5e933f0-e00f-f1b9-3c6c-25f7a87f3afa
2023-T.108;af18cc7a-fa8f-11e2-8e56-9f72c6160288;5d41f98f-e7b0-5005-ec42-7c1100b88071
2023-T.109;af18cc7a-fa8f-11e2-8e56-9f72c6160288;7dff00c3-eeef-f24e-563b-4bc41de756b3
2023-T.109(1);af18cc7a-fa8f-11e2-8e56-9f72c6160288;0bc33f30-4569-617e-55c8-214b4eca35a8
2023-T.109(10);af18cc7a-fa8f-11e2-8e56-9f72c6160288;f2c80ae9-981c-6129-f038-4a632ce21e97
2023-T.109(11);af18cc7a-fa8f-11e2-8e56-9f72c6160288;c538de88-a18c-a025-951f-aa48e3f6ec03
2023-T.109(12);af18cc7a-fa8f-11e2-8e56-9f72c6160288;1458c345-a0d1-e936-08d7-6f5d31901a0c
2023-T.109(13);af18cc7a-fa8f-11e2-8e56-9f72c6160288;53cbe877-d7b3-d776-2991-beb970f832ef
2023-T.109(14);af18cc7a-fa8f-11e2-8e56-9f72c6160288;292f206b-e4ee-9774-0b80-490857597abd
2023-T.109(15);af18cc7a-fa8f-11e2-8e56-9f72c6160288;a68c9aa9-6f49-44fd-010a-53edc70b9fd2
2023-T.109(16);af18cc7a-fa8f-11e2-8e56-9f72c6160288;b1898106-f0dc-9a2e-5c41-b78435012ac9
2023-T.109(17);af18cc7a-fa8f-11e2-8e56-9f72c6160288;b422b9e4-c8d5-b315-f039-b0063f7e3de7
2023-T.109(18);af18cc7a-fa8f-11e2-8e56-9f72c6160288;b3709bbd-9980-f99a-2fc2-d4906fe64cd7
2023-T.109(19);af18cc7a-fa8f-11e2-8e56-9f72c6160288;bd67bebb-54cc-37f3-53ea-fd1c49672510
2023-T.109(2);af18cc7a-fa8f-11e2-8e56-9f72c6160288;d7e9171f-13bc-6b38-210e-c6a5cff8d1fc
2023-T.109(20);af18cc7a-fa8f-11e2-8e56-9f72c6160288;9e17a320-5546-fb09-0fd5-009f934e3a27
2023-T.109(21);af18cc7a-fa8f-11e2-8e56-9f72c6160288;bf39c912-2e59-531d-549a-cb356f91cc28
2023-T.109(22);af18cc7a-fa8f-11e2-8e56-9f72c6160288;e9c59e68-c221-91f4-e1b1-aaffc0bd41ed
2023-T.109(23);af18cc7a-fa8f-11e2-8e56-9f72c6160288;b2168a7b-aaba-5c61-98df-8571a92c875f
2023-T.109(24);af18cc7a-fa8f-11e2-8e56-9f72c6160288;cc38062b-d4ef-72fa-0385-1aed870ee783
2023-T.109(25);af18cc7a-fa8f-11e2-8e56-9f72c6160288;00c11633-9a8b-ab8e-abec-f9983ba87eb5
2023-T.109(26);af18cc7a-fa8f-11e2-8e56-9f72c6160288;f57d5088-f575-55dd-1366-f394097aa715
2023-T.109(27);af18cc7a-fa8f-11e2-8e56-9f72c6160288;5a16f08d-2f87-d930-44ff-dbd7bb26be36
2023-T.109(28);af18cc7a-fa8f-11e2-8e56-9f72c6160288;8204d88c-ce62-dc26-8bca-abc48ce4358f
2023-T.109(29);af18cc7a-fa8f-11e2-8e56-9f72c6160288;2e741756-9515-8188-9c33-1b7001356c42
2023-T.109(3);af18cc7a-fa8f-11e2-8e56-9f72c6160288;aaeb70b3-15cc-2d8a-8203-46c13ee27957
2023-T.109(30);af18cc7a-fa8f-11e2-8e56-9f72c6160288;65572e92-e43e-23b2-c50b-01b42ea79b8b
2023-T.109(31);af18cc7a-fa8f-11e2-8e56-9f72c6160288;0c2c2d2d-feb9-75f6-bed4-3760ecef3b6d
2023-T.109(32);af18cc7a-fa8f-11e2-8e56-9f72c6160288;3610d430-ccc1-f20e-d8f7-7ae76db099d2
2023-T.109(33);af18cc7a-fa8f-11e2-8e56-9f72c6160288;6e69756b-796c-1655-dfa7-b3e1364fa684
2023-T.109(34);af18cc7a-fa8f-11e2-8e56-9f72c6160288;1004dcf0-2f1d-ca42-5846-4f449f8813c4
2023-T.109(35);af18cc7a-fa8f-11e2-8e56-9f72c6160288;387a06e7-c0cb-05f1-86a3-e8da949083d2
2023-T.109(36);af18cc7a-fa8f-11e2-8e56-9f72c6160288;06ed7b5f-3739-cd9f-ea10-eaa15ce080d7
2023-T.109(37);af18cc7a-fa8f-11e2-8e56-9f72c6160288;ef3263a5-51eb-1790-3261-7e97a3e67011
2023-T.109(38);af18cc7a-fa8f-11e2-8e56-9f72c6160288;5fe58c2e-cee8-201f-1d7b-e1658f6c7bf3
2023-T.109(39);af18cc7a-fa8f-11e2-8e56-9f72c6160288;f2fad307-5c31-f02f-df56-b518f2664edd
2023-T.109(4);af18cc7a-fa8f-11e2-8e56-9f72c6160288;cda9daac-60a1-e4c4-547f-34bda9397d6c
2023-T.109(40);af18cc7a-fa8f-11e2-8e56-9f72c6160288;db491035-b178-aa3b-5c24-7246a0ad8606
2023-T.109(41);af18cc7a-fa8f-11e2-8e56-9f72c6160288;f071e340-d020-5951-93ea-0e906f213d18
2023-T.109(42);af18cc7a-fa8f-11e2-8e56-9f72c6160288;e275aed1-48ef-ee1a-987c-5c66692ede69
2023-T.109(43);af18cc7a-fa8f-11e2-8e56-9f72c6160288;767660cf-0295-3c15-9dba-b8d39e9978c8
2023-T.109(44);af18cc7a-fa8f-11e2-8e56-9f72c6160288;9cb9ab23-b7fc-e964-a8a1-091c5fe6ff93
2023-T.109(45);af18cc7a-fa8f-11e2-8e56-9f72c6160288;42912414-e1e7-3e13-ed0b-e4e20d0e00a9
2023-T.109(46);af18cc7a-fa8f-11e2-8e56-9f72c6160288;c9cbfbe8-0590-93df-0421-0bcd25c7945c
2023-T.109(47);af18cc7a-fa8f-11e2-8e56-9f72c6160288;d322f48c-7840-bc03-7342-0dd5b0dc1743
2023-T.109(48);af18cc7a-fa8f-11e2-8e56-9f72c6160288;4efb3015-2420-bf30-c408-a5d7679d8f6e
2023-T.109(49);af18cc7a-fa8f-11e2-8e56-9f72c6160288;91278b6b-f604-bd4b-1d6a-fdc49af89706
2023-T.109(5);af18cc7a-fa8f-11e2-8e56-9f72c6160288;b397a193-9dbc-b4df-f7ca-e43831fcb367
2023-T.109(50);af18cc7a-fa8f-11e2-8e56-9f72c6160288;799f3f3c-861c-27a6-89c9-e54e44418233
2023-T.109(51);af18cc7a-fa8f-11e2-8e56-9f72c6160288;aaa985b0-0e07-101c-fe24-335ca6fa4ee4
2023-T.109(52);af18cc7a-fa8f-11e2-8e56-9f72c6160288;d88718f1-e531-f507-9f0e-92093bd3e20c
2023-T.109(53);af18cc7a-fa8f-11e2-8e56-9f72c6160288;5eeeaf27-b1a4-fb26-3781-b3074fa267fa
2023-T.109(54);af18cc7a-fa8f-11e2-8e56-9f72c6160288;650ebd77-5a65-3734-71df-0098758f531e
2023-T.109(55);af18cc7a-fa8f-11e2-8e56-9f72c6160288;43823f31-f75e-8b6a-48a8-7526b89774e4
2023-T.109(56);af18cc7a-fa8f-11e2-8e56-9f72c6160288;57d2bb25-8ef8-5dc0-ce88-f2372cf6f063
2023-T.109(57);af18cc7a-fa8f-11e2-8e56-9f72c6160288;5ed3d6d2-a7cd-348c-4948-a3cf848d5514
2023-T.109(58);af18cc7a-fa8f-11e2-8e56-9f72c6160288;bb1452d3-016c-472b-0302-828e993271a1
2023-T.109(59);af18cc7a-fa8f-11e2-8e56-9f72c6160288;2d967717-c4fd-4ec5-d11f-98d61d925016
2023-T.109(6);af18cc7a-fa8f-11e2-8e56-9f72c6160288;a122e955-7b76-89b3-159b-f77ff3ae7da8
2023-T.109(60);af18cc7a-fa8f-11e2-8e56-9f72c6160288;c9307ac7-63f7-ce44-5e67-530d9ef0171a
2023-T.109(61);af18cc7a-fa8f-11e2-8e56-9f72c6160288;7bfb2246-2f16-775f-7890-fe246fdcfe58
2023-T.109(62);af18cc7a-fa8f-11e2-8e56-9f72c6160288;54e3f913-ab76-db5f-381b-1f5a7d4458c3
2023-T.109(63);af18cc7a-fa8f-11e2-8e56-9f72c6160288;fae76639-33dd-67e7-49fc-d6047f3be34c
2023-T.109(64);af18cc7a-fa8f-11e2-8e56-9f72c6160288;71f5ec41-8188-31bf-9412-dad6dd0ac1d3
2023-T.109(65);af18cc7a-fa8f-11e2-8e56-9f72c6160288;f4112803-bb07-ed61-b576-7c8c0e6f468f
2023-T.109(66);af18cc7a-fa8f-11e2-8e56-9f72c6160288;7385897a-57f8-f489-5982-97da48e38dee
2023-T.109(67);af18cc7a-fa8f-11e2-8e56-9f72c6160288;21d7a611-50cd-f59b-98a5-81c17f25027d
2023-T.109(68);af18cc7a-fa8f-11e2-8e56-9f72c6160288;e11989dd-3c8b-3f5a-953f-7cfd5c9cbbdd
2023-T.109(69);af18cc7a-fa8f-11e2-8e56-9f72c6160288;69b43c07-e572-5a40-075d-5f3bff0dda00
2023-T.109(7);af18cc7a-fa8f-11e2-8e56-9f72c6160288;6610a159-97ba-0f83-a307-e9693ea2c633
2023-T.109(70);af18cc7a-fa8f-11e2-8e56-9f72c6160288;097f0fbc-ad3c-d1d9-940c-cebd440dfdfb
2023-T.109(71);af18cc7a-fa8f-11e2-8e56-9f72c6160288;82d4c873-7532-4910-9b3b-682774a273a8
2023-T.109(72);af18cc7a-fa8f-11e2-8e56-9f72c6160288;bff71f0a-f48e-f16a-5d56-8e2c78a29cdb
2023-T.109(73);af18cc7a-fa8f-11e2-8e56-9f72c6160288;4a99f207-e431-5066-89e7-f81f9beec13e
2023-T.109(74);af18cc7a-fa8f-11e2-8e56-9f72c6160288;e4543634-9e3e-ac0a-941a-b207b27356b2
2023-T.109(75);af18cc7a-fa8f-11e2-8e56-9f72c6160288;b78c764a-39fb-04e4-ed15-867a51e1980a
2023-T.109(8);af18cc7a-fa8f-11e2-8e56-9f72c6160288;d34c1b0e-8b18-ff31-2a21-0993df48f49f
2023-T.109(9);af18cc7a-fa8f-11e2-8e56-9f72c6160288;224cc73c-dcfa-de23-69bc-276c631e8418
2023-T.11;af18cc7a-fa8f-11e2-8e56-9f72c6160288;79e4797a-d45d-cb3d-0bb5-29962d522150
2023-T.110;af18cc7a-fa8f-11e2-8e56-9f72c6160288;21f6997d-3cc3-a265-9bfe-34b65aceea5a
2023-T.110(1);af18cc7a-fa8f-11e2-8e56-9f72c6160288;16207765-1036-78cf-3730-e3240dc48016
2023-T.110(10);af18cc7a-fa8f-11e2-8e56-9f72c6160288;00cb811b-f818-189e-4d5b-19c986291d72
2023-T.110(11);af18cc7a-fa8f-11e2-8e56-9f72c6160288;d12b794d-53bc-1d9c-5b81-98f6b03face1
2023-T.110(12);af18cc7a-fa8f-11e2-8e56-9f72c6160288;b3f81de1-81f6-e226-e2ac-24241883e7d5
2023-T.110(13);af18cc7a-fa8f-11e2-8e56-9f72c6160288;1074966e-9bf3-6cbd-938e-5780cc9aaab3
2023-T.110(14);af18cc7a-fa8f-11e2-8e56-9f72c6160288;5a2041fc-fd86-d7ce-1d26-2b52f4f8cc5b
2023-T.110(15);af18cc7a-fa8f-11e2-8e56-9f72c6160288;1a4a33c0-bc47-b658-e301-a05dc142e1a5
2023-T.110(16);af18cc7a-fa8f-11e2-8e56-9f72c6160288;3770436d-4101-7473-de27-81fec71f78b9
2023-T.110(17);af18cc7a-fa8f-11e2-8e56-9f72c6160288;cb8ddadc-1f84-95b2-b1c4-c163c58a6c41
2023-T.110(18);af18cc7a-fa8f-11e2-8e56-9f72c6160288;efe73fcb-0c1b-5ecd-4bf7-de5e8a46e221
2023-T.110(19);af18cc7a-fa8f-11e2-8e56-9f72c6160288;633ecd32-e575-b23b-c57c-408953ffc02a
2023-T.110(2);af18cc7a-fa8f-11e2-8e56-9f72c6160288;15c1a6d6-4a1a-5528-95b1-9432678bc09b
2023-T.110(20);af18cc7a-fa8f-11e2-8e56-9f72c6160288;8f13a2ab-4533-7997-56ef-2ff2e53c4059
2023-T.110(21);af18cc7a-fa8f-11e2-8e56-9f72c6160288;7e7331d7-e841-5445-6cf9-a7a2a596aada
2023-T.110(22);af18cc7a-fa8f-11e2-8e56-9f72c6160288;bc43bc60-7654-4575-c97a-46010c1df5fd
2023-T.110(23);af18cc7a-fa8f-11e2-8e56-9f72c6160288;d4e85125-117c-d1c5-dc6d-f8112e1cebd4
2023-T.110(24);af18cc7a-fa8f-11e2-8e56-9f72c6160288;503bf69f-53e9-547e-783e-cae0ade07384
2023-T.110(25);af18cc7a-fa8f-11e2-8e56-9f72c6160288;34dd26f4-c445-9776-a4c6-f8f7bc60f79d
2023-T.110(26);af18cc7a-fa8f-11e2-8e56-9f72c6160288;2d3c3372-b928-0ff4-86af-58faca07b4bf
2023-T.110(27);af18cc7a-fa8f-11e2-8e56-9f72c6160288;ab3a6706-44b3-1aba-8762-82d1e0e56000
2023-T.110(28);af18cc7a-fa8f-11e2-8e56-9f72c6160288;d480ef08-e37e-b0b0-d5c8-3ea8cb029419
2023-T.110(29);af18cc7a-fa8f-11e2-8e56-9f72c6160288;285c6ce9-5af2-e6d0-5511-4f5a39f9b49d
2023-T.110(3);af18cc7a-fa8f-11e2-8e56-9f72c6160288;d75aedcc-2ff7-06f3-fc60-9e921aae6e93
2023-T.110(30);af18cc7a-fa8f-11e2-8e56-9f72c6160288;5437bab5-5eb5-8226-8e03-7ef6611456ed
2023-T.110(31);af18cc7a-fa8f-11e2-8e56-9f72c6160288;237e2848-8b6a-22c9-bc7f-93dc8e5294d1
2023-T.110(32);af18cc7a-fa8f-11e2-8e56-9f72c6160288;e3a2c22e-581d-617e-5bde-7461ceec48e1
2023-T.110(33);af18cc7a-fa8f-11e2-8e56-9f72c6160288;37956a85-be58-4b29-a3c3-ddf0654ceca3
2023-T.110(34);af18cc7a-fa8f-11e2-8e56-9f72c6160288;dafdf6fe-3de7-249a-2f70-7b87c7489d52
2023-T.110(35);af18cc7a-fa8f-11e2-8e56-9f72c6160288;43a9a61e-c878-4f0c-f76d-230ddc721c10
2023-T.110(36);af18cc7a-fa8f-11e2-8e56-9f72c6160288;8626d6d2-54cd-76ac-0957-e56a48b02fbd
2023-T.110(37);af18cc7a-fa8f-11e2-8e56-9f72c6160288;487f4fb4-b8e9-7fee-298d-52d1739165ab
2023-T.110(38);af18cc7a-fa8f-11e2-8e56-9f72c6160288;b26d43cc-8c09-1243-2b7d-0941eae7b639
2023-T.110(39);af18cc7a-fa8f-11e2-8e56-9f72c6160288;23882685-a5a3-707b-844a-8e6a632abd5c
2023-T.110(4);af18cc7a-fa8f-11e2-8e56-9f72c6160288;d2984cb6-da3f-f1e9-befc-0a35a67ecd9f
2023-T.110(40);af18cc7a-fa8f-11e2-8e56-9f72c6160288;7dfcae4e-211b-25b4-943b-67735390a6ad
2023-T.110(41);af18cc7a-fa8f-11e2-8e56-9f72c6160288;5e4e1cee-0219-38e4-f442-7d7c5320bef2
2023-T.110(42);af18cc7a-fa8f-11e2-8e56-9f72c6160288;049ef1fa-de4d-8257-91ac-2a8a6cf71d86
2023-T.110(43);af18cc7a-fa8f-11e2-8e56-9f72c6160288;a49438f3-fb6a-93e6-cf95-78f0706f597f
2023-T.110(44);af18cc7a-fa8f-11e2-8e56-9f72c6160288;49b1c50b-e100-566b-9f8e-73f0e414af26
2023-T.110(45);af18cc7a-fa8f-11e2-8e56-9f72c6160288;553b9ebd-256d-03d5-7aa6-ca1c8de18197
2023-T.110(46);af18cc7a-fa8f-11e2-8e56-9f72c6160288;e7e9c84d-62b9-17b3-c7e5-fe45fea2f0ef
2023-T.110(47);af18cc7a-fa8f-11e2-8e56-9f72c6160288;b9759feb-2333-f266-d7db-5d3f4a80c167
2023-T.110(48);af18cc7a-fa8f-11e2-8e56-9f72c6160288;9b9217e0-611d-5539-1d43-60098ec7fd89
2023-T.110(49);af18cc7a-fa8f-11e2-8e56-9f72c6160288;f9e0fefa-680d-f265-32bd-8a15b796383a
2023-T.110(5);af18cc7a-fa8f-11e2-8e56-9f72c6160288;a502acd7-9749-2737-0555-dba250d74a45
2023-T.110(50);af18cc7a-fa8f-11e2-8e56-9f72c6160288;acf1a7dc-50f7-a715-52b9-eb6cf53eb878
2023-T.110(51);af18cc7a-fa8f-11e2-8e56-9f72c6160288;b72a2a7b-5a3f-3710-c493-24be4cc786cf
2023-T.110(52);af18cc7a-fa8f-11e2-8e56-9f72c6160288;4e5d288b-d86d-c176-60b9-38eed34842b7
2023-T.110(53);af18cc7a-fa8f-11e2-8e56-9f72c6160288;967c0706-2dbc-279c-c726-1d5992ccc223
2023-T.110(54);af18cc7a-fa8f-11e2-8e56-9f72c6160288;9b17a0b7-9605-c939-884e-99b2ad55f51d
2023-T.110(55);af18cc7a-fa8f-11e2-8e56-9f72c6160288;e846e03a-c81e-cfd5-1376-03ccf5b97388
2023-T.110(56);af18cc7a-fa8f-11e2-8e56-9f72c6160288;efd1f4b2-7437-0234-27ca-ada649e9e6dc
2023-T.110(57);af18cc7a-fa8f-11e2-8e56-9f72c6160288;f00df0f9-dd55-7d25-1f8a-2fa353835392
2023-T.110(58);af18cc7a-fa8f-11e2-8e56-9f72c6160288;c60e9ab5-a185-a5ad-4deb-85ef3a461a18
2023-T.110(59);af18cc7a-fa8f-11e2-8e56-9f72c6160288;99adac68-724e-c3ad-cf9c-47cfe849fcdc
2023-T.110(6);af18cc7a-fa8f-11e2-8e56-9f72c6160288;31bcf333-b5b2-a7af-3600-2a8da193d3d5
2023-T.110(60);af18cc7a-fa8f-11e2-8e56-9f72c6160288;0a1eabba-f55f-03e2-971c-2fed2ad5133a
2023-T.110(61);af18cc7a-fa8f-11e2-8e56-9f72c6160288;f4a42771-f041-c9a1-a5ab-5fba6739bd5a
2023-T.110(62);af18cc7a-fa8f-11e2-8e56-9f72c6160288;f2138d0a-0b61-f26c-20c5-ba47f011166b
2023-T.110(63);af18cc7a-fa8f-11e2-8e56-9f72c6160288;4038e99b-80b8-62d4-293d-5dcf5e248480
2023-T.110(64);af18cc7a-fa8f-11e2-8e56-9f72c6160288;d6ccb1c2-25b5-7b15-67bb-b111587e3a43
2023-T.110(65);af18cc7a-fa8f-11e2-8e56-9f72c6160288;663bc5b9-ba1e-3326-e801-f167e4becf99
2023-T.110(66);af18cc7a-fa8f-11e2-8e56-9f72c6160288;6fad4653-4a1b-2fc1-83eb-b594df2af207
2023-T.110(67);af18cc7a-fa8f-11e2-8e56-9f72c6160288;b46f24a2-b4b5-e442-a440-72e55043b8d5
2023-T.110(7);af18cc7a-fa8f-11e2-8e56-9f72c6160288;9e1be2e2-cfd3-1125-5135-4e6023e544c4
2023-T.110(8);af18cc7a-fa8f-11e2-8e56-9f72c6160288;655b2646-f514-5579-05c0-6ab08cee1ba4
2023-T.110(9);af18cc7a-fa8f-11e2-8e56-9f72c6160288;fefc6052-2376-009b-4231-a201b8fe0286
2023-T.111;af18cc7a-fa8f-11e2-8e56-9f72c6160288;5450dc37-5e32-ca9e-f9d8-bda92fe9ee57
2023-T.111(1);af18cc7a-fa8f-11e2-8e56-9f72c6160288;a41ae840-1fa7-2304-7c63-8a86c0f66cca
2023-T.111(10);af18cc7a-fa8f-11e2-8e56-9f72c6160288;ef960dcd-971f-2553-b30b-e8509f4d35e3
2023-T.111(11);af18cc7a-fa8f-11e2-8e56-9f72c6160288;7a429298-9dfa-f7e6-6175-a87d3575114b
2023-T.111(12);af18cc7a-fa8f-11e2-8e56-9f72c6160288;e468671d-d655-6085-7cec-8bd62e881ad5
2023-T.111(13);af18cc7a-fa8f-11e2-8e56-9f72c6160288;402d871d-a051-62e5-e38f-797ed40b64ab
2023-T.111(14);af18cc7a-fa8f-11e2-8e56-9f72c6160288;64249ede-bd8d-6983-5d42-de521c76fbdd
2023-T.111(15);af18cc7a-fa8f-11e2-8e56-9f72c6160288;903a305a-1b54-cf68-f1d3-c6cf99385349
2023-T.111(16);af18cc7a-fa8f-11e2-8e56-9f72c6160288;7d148bec-e432-d87a-0c50-293745324b6d
2023-T.111(17);af18cc7a-fa8f-11e2-8e56-9f72c6160288;c688ba9b-ed83-52d4-879b-b4dda8c4ee08
2023-T.111(18);af18cc7a-fa8f-11e2-8e56-9f72c6160288;75e5d826-b5af-ec45-51a8-71bccd10c3f6
2023-T.111(19);af18cc7a-fa8f-11e2-8e56-9f72c6160288;45ef1bc5-0eb8-b0c6-6946-fb20860fcf26
2023-T.111(2);af18cc7a-fa8f-11e2-8e56-9f72c6160288;77c98567-a4f6-8875-c00f-a09dc432da65
2023-T.111(20);af18cc7a-fa8f-11e2-8e56-9f72c6160288;2172b735-ea3e-6d08-ead8-26577f301c1f
2023-T.111(21);af18cc7a-fa8f-11e2-8e56-9f72c6160288;e2239b9e-2886-252c-e71b-8364e0019fdf
2023-T.111(22);af18cc7a-fa8f-11e2-8e56-9f72c6160288;17732702-eea3-8d81-401e-02357d750a8e
2023-T.111(23);af18cc7a-fa8f-11e2-8e56-9f72c6160288;ef6a77ef-e27b-8dce-3cd2-04c0714e528a
2023-T.111(24);af18cc7a-fa8f-11e2-8e56-9f72c6160288;a3e45d97-e4da-937a-9f7f-ef22c032c05a
2023-T.111(25);af18cc7a-fa8f-11e2-8e56-9f72c6160288;8ade0dac-0885-09b6-1d29-d4bc41714db6
2023-T.111(26);af18cc7a-fa8f-11e2-8e56-9f72c6160288;afc36fb6-5207-dbff-47a2-f18735e32e15
2023-T.111(27);af18cc7a-fa8f-11e2-8e56-9f72c6160288;721387ab-3437-a46c-6f54-f69fe57ba62e
2023-T.111(28);af18cc7a-fa8f-11e2-8e56-9f72c6160288;b6f59118-aa5f-daf0-7d48-f44569d660f6
2023-T.111(29);af18cc7a-fa8f-11e2-8e56-9f72c6160288;74dce786-2687-48b5-3aed-514629de3b95
2023-T.111(3);af18cc7a-fa8f-11e2-8e56-9f72c6160288;12204d81-df50-38de-5ce6-299f175973f4
2023-T.111(30);af18cc7a-fa8f-11e2-8e56-9f72c6160288;9933731c-b590-21b5-3bd5-8a3ed7e44d04
2023-T.111(31);af18cc7a-fa8f-11e2-8e56-9f72c6160288;65863b35-be7a-7f8b-d95b-79069ca4f092
2023-T.111(32);af18cc7a-fa8f-11e2-8e56-9f72c6160288;5519fb32-05b4-9b8d-2dfb-5971de578e06
2023-T.111(33);af18cc7a-fa8f-11e2-8e56-9f72c6160288;64ad5b4d-c8af-44b2-39a9-37bbf3160232
2023-T.111(34);af18cc7a-fa8f-11e2-8e56-9f72c6160288;07262180-4dbf-2a45-de95-74a58068fcea
2023-T.111(35);af18cc7a-fa8f-11e2-8e56-9f72c6160288;04c4a991-f453-ba0f-13e4-3ecf92494be9
2023-T.111(36);af18cc7a-fa8f-11e2-8e56-9f72c6160288;4400eee8-7cec-2dd9-b7e6-e22f9cfa9aac
2023-T.111(37);af18cc7a-fa8f-11e2-8e56-9f72c6160288;79710cb4-bb72-218c-ab8e-6ed0e5e396a0
2023-T.111(38);af18cc7a-fa8f-11e2-8e56-9f72c6160288;92c900a7-5d28-e164-f9f9-41cf10f39d16
2023-T.111(39);af18cc7a-fa8f-11e2-8e56-9f72c6160288;5af7647b-aeda-3ce3-a803-147035f61202
2023-T.111(4);af18cc7a-fa8f-11e2-8e56-9f72c6160288;3f12d22a-b196-703b-f000-e7fc00593120
2023-T.111(40);af18cc7a-fa8f-11e2-8e56-9f72c6160288;e9f4f2a2-5b56-9781-0856-a0f2fc2ceedc
2023-T.111(41);af18cc7a-fa8f-11e2-8e56-9f72c6160288;540e106a-6284-81e8-0e6e-8c243bc185f0
2023-T.111(42);af18cc7a-fa8f-11e2-8e56-9f72c6160288;a412369c-db30-e229-8b74-7f2670bac8ea
2023-T.111(43);af18cc7a-fa8f-11e2-8e56-9f72c6160288;e57786d0-33bf-d814-8609-f277737a1789
2023-T.111(44);af18cc7a-fa8f-11e2-8e56-9f72c6160288;e7f77a95-b781-ef79-c30a-f24742268067
2023-T.111(45);af18cc7a-fa8f-11e2-8e56-9f72c6160288;89af8aa7-8c4d-aae1-10cd-600015867943
2023-T.111(46);af18cc7a-fa8f-11e2-8e56-9f72c6160288;23dadc82-4213-4e19-ffc5-893442531ca4
2023-T.111(47);af18cc7a-fa8f-11e2-8e56-9f72c6160288;8d4a2038-4caf-8d81-3f4a-b92b1c94f830
2023-T.111(48);af18cc7a-fa8f-11e2-8e56-9f72c6160288;17473b34-cd3c-8cc6-068f-42245e41bfd2
2023-T.111(49);af18cc7a-fa8f-11e2-8e56-9f72c6160288;453d3999-d63d-9bf7-5c1d-b97528c2caca
2023-T.111(5);af18cc7a-fa8f-11e2-8e56-9f72c6160288;4498f4af-fc0d-8cff-3ec5-b53c95cc25ae
2023-T.111(50);af18cc7a-fa8f-11e2-8e56-9f72c6160288;a0c666d1-c006-7b2d-6fb6-e5c4a59df3a6
2023-T.111(51);af18cc7a-fa8f-11e2-8e56-9f72c6160288;a7fd6bf5-7909-f4ad-c430-9778e0302d2b
2023-T.111(6);af18cc7a-fa8f-11e2-8e56-9f72c6160288;344a7b41-9e08-0842-4cbb-76b6468bad94
2023-T.111(7);af18cc7a-fa8f-11e2-8e56-9f72c6160288;fdf61874-6416-48e5-449a-31c15289c38a
2023-T.111(8);af18cc7a-fa8f-11e2-8e56-9f72c6160288;181c20e4-6a9d-11bc-17c9-e066a995185b
2023-T.111(9);af18cc7a-fa8f-11e2-8e56-9f72c6160288;95630ce9-177d-444a-3787-18aabd8e92a5
2023-T.112;af18cc7a-fa8f-11e2-8e56-9f72c6160288;fc0b3a09-6331-36ec-0863-9bc171910358
2023-T.112(1);af18cc7a-fa8f-11e2-8e56-9f72c6160288;492b24b5-4e61-4a2a-faaf-c4e5d587540f
2023-T.112(10);af18cc7a-fa8f-11e2-8e56-9f72c6160288;ad33d48a-af80-0261-b50d-d4a4741fd533
2023-T.112(11);af18cc7a-fa8f-11e2-8e56-9f72c6160288;4ef6d2ba-33f6-dfbf-8b9b-2a3eee5d175f
2023-T.112(12);af18cc7a-fa8f-11e2-8e56-9f72c6160288;68102a13-4200-75ce-1cf2-c2e74844c989
2023-T.112(13);af18cc7a-fa8f-11e2-8e56-9f72c6160288;21ebefe6-8750-4785-90a9-704b0208e762
2023-T.112(14);af18cc7a-fa8f-11e2-8e56-9f72c6160288;e093f47a-89f2-c37e-e2e6-9e8e2bb5a00a
2023-T.112(15);af18cc7a-fa8f-11e2-8e56-9f72c6160288;ee02216b-2e65-1c5e-730b-b2860a9f0763
2023-T.112(16);af18cc7a-fa8f-11e2-8e56-9f72c6160288;881a7951-d451-10f7-5ebf-ce54c33ab328
2023-T.112(17);af18cc7a-fa8f-11e2-8e56-9f72c6160288;f67bcc20-c5cf-638a-89f7-05fdb7a4018a
2023-T.112(18);af18cc7a-fa8f-11e2-8e56-9f72c6160288;8aa5b680-917d-f685-607d-3b2aac142023
2023-T.112(19);af18cc7a-fa8f-11e2-8e56-9f72c6160288;cc89dc33-28b8-27c7-ae47-bd83b31e2c40
2023-T.112(2);af18cc7a-fa8f-11e2-8e56-9f72c6160288;574b3f74-94b0-087c-f90e-99e7d959d983
2023-T.112(20);af18cc7a-fa8f-11e2-8e56-9f72c6160288;dc05a46c-dbb1-ee9d-ca4b-36c4936bb438
2023-T.112(21);af18cc7a-fa8f-11e2-8e56-9f72c6160288;cae0e717-4414-4649-ad25-14478cf45bec
2023-T.112(22);af18cc7a-fa8f-11e2-8e56-9f72c6160288;3e802486-4dd9-c4a4-80bd-939cdb3cd8b9
2023-T.112(23);af18cc7a-fa8f-11e2-8e56-9f72c6160288;44e8e822-dd09-7329-b4fe-407764b99a4a
2023-T.112(24);af18cc7a-fa8f-11e2-8e56-9f72c6160288;a4b60627-9508-4ab7-188f-feb700475411
2023-T.112(25);af18cc7a-fa8f-11e2-8e56-9f72c6160288;6461f664-8942-a05e-383f-7e8c5ae3cef6
2023-T.112(26);af18cc7a-fa8f-11e2-8e56-9f72c6160288;2c167b44-2883-5bfe-1bed-6f1053ced98a
2023-T.112(27);af18cc7a-fa8f-11e2-8e56-9f72c6160288;3851e6bc-9900-b393-4331-1e07959c7dc6
2023-T.112(28);af18cc7a-fa8f-11e2-8e56-9f72c6160288;be10abac-cc0f-81c0-eba8-8ac1d1541e1a
2023-T.112(29);af18cc7a-fa8f-11e2-8e56-9f72c6160288;4d7ca0fb-856c-3061-bc8a-7693e4d0694c
2023-T.112(3);af18cc7a-fa8f-11e2-8e56-9f72c6160288;2f522238-7d29-6bd9-309b-e99e5c574b10
2023-T.112(30);af18cc7a-fa8f-11e2-8e56-9f72c6160288;f17f66b9-6731-9054-7c37-75d56b2b90a3
2023-T.112(31);af18cc7a-fa8f-11e2-8e56-9f72c6160288;2c3c5d4b-18e3-84de-e160-2e5f05b06608
2023-T.112(32);af18cc7a-fa8f-11e2-8e56-9f72c6160288;28b291db-1e31-9920-5291-67df823c4f7d
2023-T.112(33);af18cc7a-fa8f-11e2-8e56-9f72c6160288;1d2989db-169c-dabb-d6b4-d467ed410a3b
2023-T.112(34);af18cc7a-fa8f-11e2-8e56-9f72c6160288;e6a75175-f330-bc3f-1530-ec7f7f6d41c3
2023-T.112(35);af18cc7a-fa8f-11e2-8e56-9f72c6160288;b55c5da3-2fad-cfd1-a99f-28a997bf985e
2023-T.112(36);af18cc7a-fa8f-11e2-8e56-9f72c6160288;46b97c25-5bb7-e1bf-a823-3d38b665df00
2023-T.112(37);af18cc7a-fa8f-11e2-8e56-9f72c6160288;5ae5e405-e99b-49f6-5cc2-4f8d086f56fd
2023-T.112(38);af18cc7a-fa8f-11e2-8e56-9f72c6160288;cc199a2e-73db-c259-8386-255c386f6d77
2023-T.112(39);af18cc7a-fa8f-11e2-8e56-9f72c6160288;589a0379-a6e3-8a8d-e1ad-b80d0e0e3689
2023-T.112(4);af18cc7a-fa8f-11e2-8e56-9f72c6160288;2f522238-7d29-6bd9-309b-e99e5c574b10
2023-T.112(40);af18cc7a-fa8f-11e2-8e56-9f72c6160288;80683e55-ecf1-2381-c358-0a5e3ef96bd9
2023-T.112(41);af18cc7a-fa8f-11e2-8e56-9f72c6160288;9b7674d6-1f7e-77b7-8726-3bf9f150b265
2023-T.112(42);af18cc7a-fa8f-11e2-8e56-9f72c6160288;9817810b-df6e-23e1-4ce7-c458b2afd223
2023-T.112(43);af18cc7a-fa8f-11e2-8e56-9f72c6160288;d27e2a77-8f71-f7e4-c99e-9bfc2da2005a
2023-T.112(44);af18cc7a-fa8f-11e2-8e56-9f72c6160288;d27e2a77-8f71-f7e4-c99e-9bfc2da2005a
2023-T.112(45);af18cc7a-fa8f-11e2-8e56-9f72c6160288;16b82335-f9d4-8795-e863-5d1f61578c79
2023-T.112(46);af18cc7a-fa8f-11e2-8e56-9f72c6160288;b651c9d9-121e-0ada-b7cd-0dc5e3d6dba2
2023-T.112(47);af18cc7a-fa8f-11e2-8e56-9f72c6160288;76d60e17-3d57-9469-fafe-5041582896dc
2023-T.112(48);af18cc7a-fa8f-11e2-8e56-9f72c6160288;98851b23-24d5-95aa-651b-535c72bdd5fd
2023-T.112(49);af18cc7a-fa8f-11e2-8e56-9f72c6160288;a5c0666a-93e0-3a19-59c1-79b72e5a5f60
2023-T.112(5);af18cc7a-fa8f-11e2-8e56-9f72c6160288;b91ec685-175c-aa5e-a4a8-bbb406833cd2
2023-T.112(50);af18cc7a-fa8f-11e2-8e56-9f72c6160288;6595afef-8afc-ea36-d0c0-8b5510a5ed39
2023-T.112(51);af18cc7a-fa8f-11e2-8e56-9f72c6160288;e5ad6873-ae56-efb5-5c37-dac1df304592
2023-T.112(52);af18cc7a-fa8f-11e2-8e56-9f72c6160288;46315865-f364-1bd5-8702-3f2fd947a796
2023-T.112(53);af18cc7a-fa8f-11e2-8e56-9f72c6160288;fe4c938f-0e92-8fd0-15a8-48c60c6a0c6d
2023-T.112(54);af18cc7a-fa8f-11e2-8e56-9f72c6160288;fe4c938f-0e92-8fd0-15a8-48c60c6a0c6d
2023-T.112(55);af18cc7a-fa8f-11e2-8e56-9f72c6160288;e252d096-2e1a-9c74-a108-66c6611842d1
2023-T.112(56);af18cc7a-fa8f-11e2-8e56-9f72c6160288;e252d096-2e1a-9c74-a108-66c6611842d1
2023-T.112(57);af18cc7a-fa8f-11e2-8e56-9f72c6160288;8ea6a09c-9f44-cf77-b06a-921fd40fb204
2023-T.112(6);af18cc7a-fa8f-11e2-8e56-9f72c6160288;11a0f51c-ed4f-88da-27f3-649eb23b4338
2023-T.112(7);af18cc7a-fa8f-11e2-8e56-9f72c6160288;1de5aa87-4886-62ea-e4b9-ad9424694637
2023-T.112(8);af18cc7a-fa8f-11e2-8e56-9f72c6160288;93463888-b6b8-1a85-17da-6becc290d7bf
2023-T.112(9);af18cc7a-fa8f-11e2-8e56-9f72c6160288;340d82b0-a30c-030c-e1bb-d7ddc9929b25
2023-T.113;af18cc7a-fa8f-11e2-8e56-9f72c6160288;fd076213-463f-98a9-40e9-67c20067de37
2023-T.114;af18cc7a-fa8f-11e2-8e56-9f72c6160288;716f501e-9088-8738-7c09-e4f973330245
2023-T.115;af18cc7a-fa8f-11e2-8e56-9f72c6160288;c8dd0041-c73f-9e6d-d3d0-1afb9d6e3f1c
2023-T.116;af18cc7a-fa8f-11e2-8e56-9f72c6160288;f5cefcc4-10a8-6f5f-b1dc-94d5e14cf8a2
2023-T.117(1);af18cc7a-fa8f-11e2-8e56-9f72c6160288;947f035e-6fd9-cc5c-b52e-98ec14de3aba
2023-T.117(10);af18cc7a-fa8f-11e2-8e56-9f72c6160288;e17988e8-e70c-b944-fccd-385bce92f996
2023-T.117(11);af18cc7a-fa8f-11e2-8e56-9f72c6160288;9493f1d9-7e6e-ae3d-af31-97c3915bb536
2023-T.117(12);af18cc7a-fa8f-11e2-8e56-9f72c6160288;105c27a3-0620-b777-9153-6c6bf89fbc28
2023-T.117(13);af18cc7a-fa8f-11e2-8e56-9f72c6160288;0a9c1241-00cc-c22d-96fa-f6d8148e1eaa
2023-T.117(14);af18cc7a-fa8f-11e2-8e56-9f72c6160288;08a4db58-f157-4069-2c44-0c1595df97d9
2023-T.117(15);af18cc7a-fa8f-11e2-8e56-9f72c6160288;8a8e15fa-da0c-cdd8-648d-5765c7ba99bb
2023-T.117(16);af18cc7a-fa8f-11e2-8e56-9f72c6160288;ac7e6a41-b01c-05d2-b69e-180f79e5f550
2023-T.117(17);af18cc7a-fa8f-11e2-8e56-9f72c6160288;138efef9-67d3-648e-0ae7-5ffe56dca315
2023-T.117(18);af18cc7a-fa8f-11e2-8e56-9f72c6160288;48ede133-7edc-7b9a-1d4c-77a3cedbaa5b
2023-T.117(19);af18cc7a-fa8f-11e2-8e56-9f72c6160288;894b1ddf-06ba-5266-7495-f8915ba4b198
2023-T.117(1/92);af18cc7a-fa8f-11e2-8e56-9f72c6160288;a1093ead-077c-75eb-e6f7-a958d22b51ef
2023-T.117(2);af18cc7a-fa8f-11e2-8e56-9f72c6160288;24670a20-8634-ef8e-23b8-a0697917339c
2023-T.117(20);af18cc7a-fa8f-11e2-8e56-9f72c6160288;276b1bc2-2cf2-f99d-d27c-7560f2eafb3a
2023-T.117(21);af18cc7a-fa8f-11e2-8e56-9f72c6160288;ca397317-d525-3ff1-ab3e-ae097989945a
2023-T.117(22);af18cc7a-fa8f-11e2-8e56-9f72c6160288;962938bb-0c25-8ad8-7f58-72831ad341da
2023-T.117(23);af18cc7a-fa8f-11e2-8e56-9f72c6160288;8db0100d-15d5-c623-0fa8-b1f10546dc7c
2023-T.117(24);af18cc7a-fa8f-11e2-8e56-9f72c6160288;631554d0-2211-0183-4976-ceb06fadae0d
2023-T.117(25);af18cc7a-fa8f-11e2-8e56-9f72c6160288;007df2e7-dccc-ff11-cddc-94bcecc4f805
2023-T.117(26);af18cc7a-fa8f-11e2-8e56-9f72c6160288;99550557-5265-d627-64dd-3575ea9e4a30
2023-T.117(27);af18cc7a-fa8f-11e2-8e56-9f72c6160288;35f60551-450c-3098-a282-bd217f03b600
2023-T.117(28);af18cc7a-fa8f-11e2-8e56-9f72c6160288;bd989ca0-08e4-ff17-22c1-2ac2268c9fed
2023-T.117(29);af18cc7a-fa8f-11e2-8e56-9f72c6160288;252fa33e-1a11-0b96-cf57-56dbbcfabf7b
2023-T.117(3);af18cc7a-fa8f-11e2-8e56-9f72c6160288;05f992b2-4e57-eeeb-710b-be09ff353339
2023-T.117(30);af18cc7a-fa8f-11e2-8e56-9f72c6160288;1d39c459-633e-fe9a-3092-08928210854e
2023-T.117(31);af18cc7a-fa8f-11e2-8e56-9f72c6160288;a20a929f-d1ba-2b64-cc7b-03d203a5c72f
2023-T.117(32);af18cc7a-fa8f-11e2-8e56-9f72c6160288;a2bc6592-0893-4c34-190a-e271569e1375
2023-T.117(33);af18cc7a-fa8f-11e2-8e56-9f72c6160288;fe86a8d3-a3dd-dfd4-f101-ff148875dad3
2023-T.117(34);af18cc7a-fa8f-11e2-8e56-9f72c6160288;cc3b9e2f-6b36-4388-cbd4-30af5440f67f
2023-T.117(35);af18cc7a-fa8f-11e2-8e56-9f72c6160288;2b8b3435-1de9-5d8c-8ce5-720194c1f8fb
2023-T.117(36);af18cc7a-fa8f-11e2-8e56-9f72c6160288;8a156659-f3d0-d6eb-bccc-e03378189c3c
2023-T.117(37);af18cc7a-fa8f-11e2-8e56-9f72c6160288;a33cefac-8a0a-5943-d1cc-51bb3c447a35
2023-T.117(38);af18cc7a-fa8f-11e2-8e56-9f72c6160288;e320f20f-36a3-72b3-e1f9-9d2295d76b22
2023-T.117(39);af18cc7a-fa8f-11e2-8e56-9f72c6160288;5a0f5a8d-5904-7bf1-5239-601a16136e40
2023-T.117(4);af18cc7a-fa8f-11e2-8e56-9f72c6160288;794d2ea5-ef9e-3c3a-61b3-681c29f30b2a
2023-T.117(40);af18cc7a-fa8f-11e2-8e56-9f72c6160288;1a0fa349-ac84-44eb-2f94-646e3f39a700
2023-T.117(41);af18cc7a-fa8f-11e2-8e56-9f72c6160288;16350cd6-b1f2-c942-b780-22dc0909fa64
2023-T.117(42);af18cc7a-fa8f-11e2-8e56-9f72c6160288;376b5126-0719-87fa-ab11-888f575b6dbe
2023-T.117(43);af18cc7a-fa8f-11e2-8e56-9f72c6160288;073ab82a-245a-442b-4f6d-fa7eb2be566f
2023-T.117(44);af18cc7a-fa8f-11e2-8e56-9f72c6160288;c3515aa3-bd56-0e36-fe90-bb6697c27dff
2023-T.117(45);af18cc7a-fa8f-11e2-8e56-9f72c6160288;527f6212-f576-05e5-2930-3aaea15d2fd9
2023-T.117(46);af18cc7a-fa8f-11e2-8e56-9f72c6160288;18fe5291-bc48-79ad-33e2-1ad6f2f479d4
2023-T.117(47);af18cc7a-fa8f-11e2-8e56-9f72c6160288;6cf0619f-a3cb-cfe7-3e0c-8704526ec5d1
2023-T.117(48);af18cc7a-fa8f-11e2-8e56-9f72c6160288;17ab55ee-3cec-5a56-10b1-ba581091d2db
2023-T.117(49);af18cc7a-fa8f-11e2-8e56-9f72c6160288;58f103f0-af29-d1eb-2571-33b12841802e
2023-T.117(5);af18cc7a-fa8f-11e2-8e56-9f72c6160288;a5824c3f-da67-a9cd-3f83-ef0887b0e88e
2023-T.117(50);af18cc7a-fa8f-11e2-8e56-9f72c6160288;757dba0a-196f-6971-7126-c2c650b08564
2023-T.117(51);af18cc7a-fa8f-11e2-8e56-9f72c6160288;f871ad3e-2ae5-8413-3279-71b86755458f
2023-T.117(52);af18cc7a-fa8f-11e2-8e56-9f72c6160288;856b46a1-c3b5-bb0c-4912-275f8c6ef01c
2023-T.117(53);af18cc7a-fa8f-11e2-8e56-9f72c6160288;d46a5ca4-4e35-8cf1-7475-2e21700d3c48
2023-T.117(54);af18cc7a-fa8f-11e2-8e56-9f72c6160288;32df7389-d98b-ac28-9ca7-76390a02d694
2023-T.117(55);af18cc7a-fa8f-11e2-8e56-9f72c6160288;e9f04114-229a-0f3f-8a80-1ae2a0509655
2023-T.117(56);af18cc7a-fa8f-11e2-8e56-9f72c6160288;7a6f59a6-dd3f-8035-155f-ad6e8d98335d
2023-T.117(57);af18cc7a-fa8f-11e2-8e56-9f72c6160288;c5735233-0460-b091-88c4-69ef717c33be
2023-T.117(58);af18cc7a-fa8f-11e2-8e56-9f72c6160288;7aa5dcfd-b715-662c-5075-e9d73d7ad99d
2023-T.117(59);af18cc7a-fa8f-11e2-8e56-9f72c6160288;ee191f48-56c1-0161-7b0d-9a20eb46836a
2023-T.117(6);af18cc7a-fa8f-11e2-8e56-9f72c6160288;beb347b6-4b2d-5c63-73b5-aaf0510f22ac
2023-T.117(60);af18cc7a-fa8f-11e2-8e56-9f72c6160288;ba9d0e60-6090-665b-e44c-e08f24c0da05
2023-T.117(61);af18cc7a-fa8f-11e2-8e56-9f72c6160288;7b1859be-c6a3-2ab8-a003-b52c7bfc6754
2023-T.117(62);af18cc7a-fa8f-11e2-8e56-9f72c6160288;f5ec965e-8f70-f485-9331-2e42f5a01e61
2023-T.117(63);af18cc7a-fa8f-11e2-8e56-9f72c6160288;fd699924-ae1b-dfce-5350-1f176bc93ada
2023-T.117(64);af18cc7a-fa8f-11e2-8e56-9f72c6160288;c97ad98d-0f79-fd4d-3ff7-96a876462030
2023-T.117(65);af18cc7a-fa8f-11e2-8e56-9f72c6160288;2b2c0d7b-0957-3822-d97f-ea1451420542
2023-T.117(66);af18cc7a-fa8f-11e2-8e56-9f72c6160288;356e0842-d364-96ee-7f67-6b60cc048f6f
2023-T.117(67);af18cc7a-fa8f-11e2-8e56-9f72c6160288;f02e982f-64c6-e0b2-7ef9-17fa0d765e66
2023-T.117(68);af18cc7a-fa8f-11e2-8e56-9f72c6160288;74d5331c-b613-eaf5-d812-7e30620ba1fd
2023-T.117(69);af18cc7a-fa8f-11e2-8e56-9f72c6160288;9e99ad82-a991-121c-9181-4892e0f86cc5
2023-T.117(7);af18cc7a-fa8f-11e2-8e56-9f72c6160288;11ab3ee1-656b-81bc-f228-cca79832c7fc
2023-T.117(70);af18cc7a-fa8f-11e2-8e56-9f72c6160288;07400bfe-fad0-1480-30e2-823d393202b5
2023-T.117(71);af18cc7a-fa8f-11e2-8e56-9f72c6160288;b83dfdc2-ebfc-6b3b-5eba-e93b5396d0e5
2023-T.117(72);af18cc7a-fa8f-11e2-8e56-9f72c6160288;5c995c76-86c0-14a6-3082-521c995d883c
2023-T.117(73);af18cc7a-fa8f-11e2-8e56-9f72c6160288;ab97b9b2-6aaa-a8ff-452f-04d9616e984d
2023-T.117(74);af18cc7a-fa8f-11e2-8e56-9f72c6160288;abb6c814-0047-d168-b104-a367c9d04c1c
2023-T.117(75);af18cc7a-fa8f-11e2-8e56-9f72c6160288;e657cc91-5ac7-3f56-db7a-2b69cf902ba3
2023-T.117(76);af18cc7a-fa8f-11e2-8e56-9f72c6160288;601a6b0a-1abf-517b-b6ac-b352489a39f1
2023-T.117(77);af18cc7a-fa8f-11e2-8e56-9f72c6160288;c4bb9977-6957-fb4d-882b-2e94da7b91ab
2023-T.117(78);af18cc7a-fa8f-11e2-8e56-9f72c6160288;aca48dd8-9d0f-5a12-efc3-c50d6b6ee547
2023-T.117(79);af18cc7a-fa8f-11e2-8e56-9f72c6160288;f290480d-4434-3766-6b1b-1110b71bda38
2023-T.117(8);af18cc7a-fa8f-11e2-8e56-9f72c6160288;c8c1be66-ebab-4e5d-9a88-fe06b099ef27
2023-T.117(80);af18cc7a-fa8f-11e2-8e56-9f72c6160288;2ad7f81f-6eb5-79ae-5f07-d90e63a0e48b
2023-T.117(81);af18cc7a-fa8f-11e2-8e56-9f72c6160288;1c9fd55c-652d-7f91-fc09-f73de8e0e639
2023-T.117(82);af18cc7a-fa8f-11e2-8e56-9f72c6160288;abe6275a-43f6-788b-2519-9ce562823235
2023-T.117(83);af18cc7a-fa8f-11e2-8e56-9f72c6160288;98f78cd5-f527-8ce5-92a3-35aad227aacb
2023-T.117(84);af18cc7a-fa8f-11e2-8e56-9f72c6160288;354db879-cc66-8d35-b8fa-c88fa527f568
2023-T.117(85);af18cc7a-fa8f-11e2-8e56-9f72c6160288;96203c9b-5ba1-b1d1-782d-ab843a0f1086
2023-T.117(86);af18cc7a-fa8f-11e2-8e56-9f72c6160288;955ee76e-1d31-f5eb-52a6-25338f1a342b
2023-T.117(87);af18cc7a-fa8f-11e2-8e56-9f72c6160288;86686509-c706-5f02-93ef-096e970e58bc
2023-T.117(88);af18cc7a-fa8f-11e2-8e56-9f72c6160288;a6e19c5e-0141-b294-12ee-e27602980db7
2023-T.117(89);af18cc7a-fa8f-11e2-8e56-9f72c6160288;98580b78-4267-c8f5-e16c-d1e6e127a2e7
2023-T.117(9);af18cc7a-fa8f-11e2-8e56-9f72c6160288;dcb666d7-3ddb-f576-ad3f-cc572eba1a5f
2023-T.117(90);af18cc7a-fa8f-11e2-8e56-9f72c6160288;7f0cf9db-c7aa-1713-8849-2162edf1a2ff
2023-T.117(91);af18cc7a-fa8f-11e2-8e56-9f72c6160288;b50a52a1-85b4-79f9-70d2-d5885228c279
2023-T.117(92);af18cc7a-fa8f-11e2-8e56-9f72c6160288;c2acf227-690e-ff06-c3a6-6ac7b0abe6fb
2023-T.118(1);af18cc7a-fa8f-11e2-8e56-9f72c6160288;40ceaa3b-c3bc-127f-e31f-c18886e45a2a
2023-T.118(10);af18cc7a-fa8f-11e2-8e56-9f72c6160288;5e38df35-2726-7123-5764-0f28bb3692d2
2023-T.118(11);af18cc7a-fa8f-11e2-8e56-9f72c6160288;eba4f188-ed81-ee3a-641d-3e4b3b4f773a
2023-T.118(12);af18cc7a-fa8f-11e2-8e56-9f72c6160288;eba4f188-ed81-ee3a-641d-3e4b3b4f773a
2023-T.118(1/26);af18cc7a-fa8f-11e2-8e56-9f72c6160288;7c643cd6-5790-2c7a-2ee1-b9e8ad0c2b95
2023-T.118(13);af18cc7a-fa8f-11e2-8e56-9f72c6160288;2be8ac76-290d-a9f6-7cdd-6172ffd9f459
2023-T.118(14);af18cc7a-fa8f-11e2-8e56-9f72c6160288;2be8ac76-290d-a9f6-7cdd-6172ffd9f459
2023-T.118(15);af18cc7a-fa8f-11e2-8e56-9f72c6160288;c6e58821-4976-5510-f2b9-1b53966d331e
2023-T.118(16);af18cc7a-fa8f-11e2-8e56-9f72c6160288;1984c745-fc80-c54f-7d39-762d5729319f
2023-T.118(17);af18cc7a-fa8f-11e2-8e56-9f72c6160288;f9cfef5b-dac6-cfb4-c255-3b40782c543a
2023-T.118(18);af18cc7a-fa8f-11e2-8e56-9f72c6160288;f061f33a-f7c6-642b-4f3f-1daeff5176d5
2023-T.118(19);af18cc7a-fa8f-11e2-8e56-9f72c6160288;7f0b04ec-d083-4afb-803f-f1049c508071
2023-T.118(2);af18cc7a-fa8f-11e2-8e56-9f72c6160288;40ceaa3b-c3bc-127f-e31f-c18886e45a2a
2023-T.118(20);af18cc7a-fa8f-11e2-8e56-9f72c6160288;7f0b04ec-d083-4afb-803f-f1049c508071
2023-T.118(21);af18cc7a-fa8f-11e2-8e56-9f72c6160288;76e9bcfc-75e3-4cc3-a5db-df000c70aa0b
2023-T.118(22);af18cc7a-fa8f-11e2-8e56-9f72c6160288;76e9bcfc-75e3-4cc3-a5db-df000c70aa0b
2023-T.118(23);af18cc7a-fa8f-11e2-8e56-9f72c6160288;c3b6fc44-1f54-2180-4352-120f5193608c
2023-T.118(24);af18cc7a-fa8f-11e2-8e56-9f72c6160288;e2dfb017-203a-da33-687a-88ff0f8a936f
2023-T.118(25);af18cc7a-fa8f-11e2-8e56-9f72c6160288;e2dfb017-203a-da33-687a-88ff0f8a936f
2023-T.118(26);af18cc7a-fa8f-11e2-8e56-9f72c6160288;2cd199c1-fa75-8d8c-417f-dd2cdaafd040
2023-T.118(27);af18cc7a-fa8f-11e2-8e56-9f72c6160288;9889a869-a3d8-8005-1448-d78cba8ed33c
2023-T.118(28);af18cc7a-fa8f-11e2-8e56-9f72c6160288;4eaca1bb-4bc1-7e45-9f8f-3cef681912b6
2023-T.118(3);af18cc7a-fa8f-11e2-8e56-9f72c6160288;e3e79085-5071-f254-45a4-4679551b83f0
2023-T.118(4);af18cc7a-fa8f-11e2-8e56-9f72c6160288;e3e79085-5071-f254-45a4-4679551b83f0
2023-T.118(5);af18cc7a-fa8f-11e2-8e56-9f72c6160288;d332e225-1505-1d14-3b50-7094659b2054
2023-T.118(6);af18cc7a-fa8f-11e2-8e56-9f72c6160288;d332e225-1505-1d14-3b50-7094659b2054
2023-T.118(7);af18cc7a-fa8f-11e2-8e56-9f72c6160288;7b841302-b4cc-f333-41ef-b5d3355191a5
2023-T.118(8);af18cc7a-fa8f-11e2-8e56-9f72c6160288;7b841302-b4cc-f333-41ef-b5d3355191a5
2023-T.118(9);af18cc7a-fa8f-11e2-8e56-9f72c6160288;5e38df35-2726-7123-5764-0f28bb3692d2
2023-T.119(1);af18cc7a-fa8f-11e2-8e56-9f72c6160288;2029a857-565b-cca5-9e26-51772c5b1229
2023-T.119(10);af18cc7a-fa8f-11e2-8e56-9f72c6160288;b1055828-7811-6eac-fb38-f1c0b30d4247
2023-T.119(100);af18cc7a-fa8f-11e2-8e56-9f72c6160288;bac5cc69-7533-6f4d-23b0-7342e6eb3a27
2023-T.119(101);af18cc7a-fa8f-11e2-8e56-9f72c6160288;1c5a535d-8594-d817-8c4e-2be46630cae8
2023-T.119(102);af18cc7a-fa8f-11e2-8e56-9f72c6160288;be21f53c-8448-40b5-ee76-85a7d51c1768
2023-T.119(103);af18cc7a-fa8f-11e2-8e56-9f72c6160288;60ef6c11-2277-2cc5-9f78-27dfdc42ff97
2023-T.119(104);af18cc7a-fa8f-11e2-8e56-9f72c6160288;b89575c8-3e29-7df5-f5a3-5585d1e3f408
2023-T.119(105);af18cc7a-fa8f-11e2-8e56-9f72c6160288;03478580-0160-8a8a-e994-f1de451ae94f
2023-T.119(106);af18cc7a-fa8f-11e2-8e56-9f72c6160288;51a93220-c874-d95b-4619-32f867fd8196
2023-T.119(107);af18cc7a-fa8f-11e2-8e56-9f72c6160288;432b1446-454f-7605-ca43-0cdf968c4a4d
2023-T.119(108);af18cc7a-fa8f-11e2-8e56-9f72c6160288;71e8e015-959a-b3e5-20cb-8ef5d60493db
2023-T.119(109);af18cc7a-fa8f-11e2-8e56-9f72c6160288;6803d654-2702-d56c-2d11-fb2dab4d176e
2023-T.119(11);af18cc7a-fa8f-11e2-8e56-9f72c6160288;5087eed2-d2b4-2f4f-82a5-6a88f8e10f79
2023-T.119(110);af18cc7a-fa8f-11e2-8e56-9f72c6160288;eebe584a-9dfb-de51-ad53-508781aaf0da
2023-T.119(111);af18cc7a-fa8f-11e2-8e56-9f72c6160288;4a2bb564-bee6-cc75-0647-2eef45dc8e1e
2023-T.119(112);af18cc7a-fa8f-11e2-8e56-9f72c6160288;bf8a8453-cb14-9114-63f0-964c28704f4d
2023-T.119(113);af18cc7a-fa8f-11e2-8e56-9f72c6160288;794a9393-8164-68c3-c743-503a335684f2
2023-T.119(1/131);af18cc7a-fa8f-11e2-8e56-9f72c6160288;b325c8c8-181f-2604-174a-17eb0e77b605
2023-T.119(114);af18cc7a-fa8f-11e2-8e56-9f72c6160288;001225a4-581c-3e57-addd-8c4534fd33fa
2023-T.119(115);af18cc7a-fa8f-11e2-8e56-9f72c6160288;acef9124-81a8-9c8a-8912-264fb50799a3
2023-T.119(116);af18cc7a-fa8f-11e2-8e56-9f72c6160288;3f44f48d-4cd1-1045-143e-234e6a4ed21d
2023-T.119(117);af18cc7a-fa8f-11e2-8e56-9f72c6160288;2f4ff489-94d4-0a89-e983-0d09be867629
2023-T.119(118);af18cc7a-fa8f-11e2-8e56-9f72c6160288;c517db13-d468-377a-e50b-cec787bb590d
2023-T.119(119);af18cc7a-fa8f-11e2-8e56-9f72c6160288;e6dd084d-8b0f-29cf-9d1b-8f9afd4d05f0
2023-T.119(12);af18cc7a-fa8f-11e2-8e56-9f72c6160288;c3606089-82b4-7a75-0898-94e3bdbeac7c
2023-T.119(120);af18cc7a-fa8f-11e2-8e56-9f72c6160288;8e245205-d961-519a-7818-7551de831dff
2023-T.119(121);af18cc7a-fa8f-11e2-8e56-9f72c6160288;bf9edd9e-c8b5-3aec-897c-ef9195ba9312
2023-T.119(122);af18cc7a-fa8f-11e2-8e56-9f72c6160288;5e50c8d9-5ae3-d2d6-acf6-c5ff3db451da
2023-T.119(123);af18cc7a-fa8f-11e2-8e56-9f72c6160288;a2953e31-9fca-202f-e9ca-74cb41b81589
2023-T.119(124);af18cc7a-fa8f-11e2-8e56-9f72c6160288;914e415a-4c7a-d7ce-8f30-881588027210
2023-T.119(125);af18cc7a-fa8f-11e2-8e56-9f72c6160288;b35e7324-cef8-9977-faf0-07dcae633fa4
2023-T.119(126);af18cc7a-fa8f-11e2-8e56-9f72c6160288;46e0119c-d73d-fc37-a4eb-61f2986fe7b6
2023-T.119(127);af18cc7a-fa8f-11e2-8e56-9f72c6160288;a7fbb1a4-9b1c-b88a-a792-829464491cb1
2023-T.119(128);af18cc7a-fa8f-11e2-8e56-9f72c6160288;ec76f671-e72d-3bec-7741-fa3130f825c5
2023-T.119(129);af18cc7a-fa8f-11e2-8e56-9f72c6160288;2b8da6fa-c359-be99-8abf-8af5a305d5df
2023-T.119(13);af18cc7a-fa8f-11e2-8e56-9f72c6160288;f9e5d41c-92c6-a19f-b033-d7adb4cf63aa
2023-T.119(130);af18cc7a-fa8f-11e2-8e56-9f72c6160288;b1259625-174a-768e-b77e-04cc33501e5b
2023-T.119(131);af18cc7a-fa8f-11e2-8e56-9f72c6160288;432e191c-0195-023a-fbca-7d2af71c2837
2023-T.119(14);af18cc7a-fa8f-11e2-8e56-9f72c6160288;105b925b-bb33-bd3b-b9bd-c448998090de
2023-T.119(15);af18cc7a-fa8f-11e2-8e56-9f72c6160288;696ffa8a-b5fe-5608-e53d-066f1d5831ab
2023-T.119(16);af18cc7a-fa8f-11e2-8e56-9f72c6160288;f0630ce6-36c6-e63a-b7e1-f193978c9814
2023-T.119(17);af18cc7a-fa8f-11e2-8e56-9f72c6160288;c0c841ec-252c-e99d-3237-d7cc8e568b20
2023-T.119(18);af18cc7a-fa8f-11e2-8e56-9f72c6160288;1cacc0bf-6db1-1489-4c16-23da77da7815
2023-T.119(19);af18cc7a-fa8f-11e2-8e56-9f72c6160288;cc62680d-b609-e6d0-ca4d-82875c5724d7
2023-T.119(2);af18cc7a-fa8f-11e2-8e56-9f72c6160288;96dd15b0-b99e-5cfe-ce50-780b17a89a87
2023-T.119(20);af18cc7a-fa8f-11e2-8e56-9f72c6160288;54016b16-2ed5-7a85-1fef-9fd50d7a5e0e
2023-T.119(21);af18cc7a-fa8f-11e2-8e56-9f72c6160288;c819b2c9-0cf4-8d47-9e27-bcd2c8dd4535
2023-T.119(22);af18cc7a-fa8f-11e2-8e56-9f72c6160288;fb1d1f77-4112-fbc9-76fa-ce65c106c78d
2023-T.119(23);af18cc7a-fa8f-11e2-8e56-9f72c6160288;bda3cf85-53a2-b656-2bca-22315cea3827
2023-T.119(24);af18cc7a-fa8f-11e2-8e56-9f72c6160288;350f6730-6877-b5de-e1ae-e42995fa7574
2023-T.119(25);af18cc7a-fa8f-11e2-8e56-9f72c6160288;6fcb5c15-758c-1454-a664-03d83efd6daa
2023-T.119(26);af18cc7a-fa8f-11e2-8e56-9f72c6160288;b1a7594d-fdf1-97ac-ab13-9bae6a77bb54
2023-T.119(27);af18cc7a-fa8f-11e2-8e56-9f72c6160288;b74c3727-eb5c-4ca0-b5a1-b6db6009fe68
2023-T.119(28);af18cc7a-fa8f-11e2-8e56-9f72c6160288;413cd2c0-4d18-dc7c-d91d-b7e7e5c5951b
2023-T.119(29);af18cc7a-fa8f-11e2-8e56-9f72c6160288;251a5aa5-23de-6985-001b-2b02c9aad053
2023-T.119(3);af18cc7a-fa8f-11e2-8e56-9f72c6160288;94f31ae5-c526-f50d-a2a4-1b3ba37bac14
2023-T.119(30);af18cc7a-fa8f-11e2-8e56-9f72c6160288;c5dab6ed-434c-8329-b5f5-a7ce9ed15080
2023-T.119(31);af18cc7a-fa8f-11e2-8e56-9f72c6160288;89fd0b71-049e-519f-f8e1-82479a172fa8
2023-T.119(32);af18cc7a-fa8f-11e2-8e56-9f72c6160288;db92b2ad-88cf-5d8b-499e-c517b0d98eb9
2023-T.119(33);af18cc7a-fa8f-11e2-8e56-9f72c6160288;7f98c45e-889a-ce31-0f56-bdae9398da66
2023-T.119(34);af18cc7a-fa8f-11e2-8e56-9f72c6160288;f23d3ef3-c5dd-3e32-0936-1febc806b4fc
2023-T.119(35);af18cc7a-fa8f-11e2-8e56-9f72c6160288;08cd2d8e-757f-a077-28c3-aba45e58701b
2023-T.119(36);af18cc7a-fa8f-11e2-8e56-9f72c6160288;e4955cda-50dd-e8f9-a353-e171caf69394
2023-T.119(37);af18cc7a-fa8f-11e2-8e56-9f72c6160288;9f284825-a545-eb18-460c-6c52a46409d2
2023-T.119(38);af18cc7a-fa8f-11e2-8e56-9f72c6160288;92b62f31-8199-8907-a4e2-2636c4f36469
2023-T.119(39);af18cc7a-fa8f-11e2-8e56-9f72c6160288;1eef001f-14a9-c9ff-14f7-91c5d2d0992d
2023-T.119(4);af18cc7a-fa8f-11e2-8e56-9f72c6160288;da0a2fa2-ed40-745c-a613-79ebc43bd8f9
2023-T.119(40);af18cc7a-fa8f-11e2-8e56-9f72c6160288;810a6b37-9d72-f6d7-05a9-e1ee70c059fe
2023-T.119(41);af18cc7a-fa8f-11e2-8e56-9f72c6160288;3ac6470d-ab65-dfb6-d01f-aa5e48e429b2
2023-T.119(42);af18cc7a-fa8f-11e2-8e56-9f72c6160288;a2e5000f-7334-c0b0-f1d6-ab1adf5a4295
2023-T.119(43);af18cc7a-fa8f-11e2-8e56-9f72c6160288;3094a0f0-9b45-d1db-ab83-9c71292cec06
2023-T.119(44);af18cc7a-fa8f-11e2-8e56-9f72c6160288;e38284ea-744d-eaf8-0227-20523541bf57
2023-T.119(45);af18cc7a-fa8f-11e2-8e56-9f72c6160288;24a6cd3b-d221-6cef-90b2-5ee5a94b5ebe
2023-T.119(46);af18cc7a-fa8f-11e2-8e56-9f72c6160288;1adb30fd-41d7-709d-74b5-9d7d334dde93
2023-T.119(47);af18cc7a-fa8f-11e2-8e56-9f72c6160288;54ecb147-340f-50b8-345b-3c653b48b47b
2023-T.119(48);af18cc7a-fa8f-11e2-8e56-9f72c6160288;62d06e5c-b470-a2a6-7b5d-3f5721111d87
2023-T.119(49);af18cc7a-fa8f-11e2-8e56-9f72c6160288;26235d8c-097f-903d-6f23-a92d7aeac42d
2023-T.119(5);af18cc7a-fa8f-11e2-8e56-9f72c6160288;6a265cb6-c5de-5f8a-a3d4-3863a9168345
2023-T.119(50);af18cc7a-fa8f-11e2-8e56-9f72c6160288;51a1bf4c-a18d-5fdd-3138-dcda7d4b6e67
2023-T.119(51);af18cc7a-fa8f-11e2-8e56-9f72c6160288;e237067a-b209-a9e3-37b7-9634f669d56c
2023-T.119(52);af18cc7a-fa8f-11e2-8e56-9f72c6160288;fd0936c0-5c4b-0b69-9ef7-391161540886
2023-T.119(53);af18cc7a-fa8f-11e2-8e56-9f72c6160288;78e05daa-f8fd-1647-3c48-96aa33cc9404
2023-T.119(54);af18cc7a-fa8f-11e2-8e56-9f72c6160288;1c30d537-4a4e-e0e0-5dc2-fabda68515c9
2023-T.119(55);af18cc7a-fa8f-11e2-8e56-9f72c6160288;d3c69c12-89a8-3e40-83e5-ad216b9bfc7e
2023-T.119(56);af18cc7a-fa8f-11e2-8e56-9f72c6160288;e54ab04e-7311-c351-05c9-7b60b6921256
2023-T.119(57);af18cc7a-fa8f-11e2-8e56-9f72c6160288;ec521306-90ec-518e-47cd-8abb13d8821b
2023-T.119(58);af18cc7a-fa8f-11e2-8e56-9f72c6160288;08a8ca60-6f22-389a-bd68-385bd8ca8ffd
2023-T.119(59);af18cc7a-fa8f-11e2-8e56-9f72c6160288;ea54db7e-0489-881a-6f61-0c24e1bf5a6b
2023-T.119(6);af18cc7a-fa8f-11e2-8e56-9f72c6160288;a0cfbf63-b6b9-799d-e8bd-c3fc9704588d
2023-T.119(60);af18cc7a-fa8f-11e2-8e56-9f72c6160288;688a8e01-ace2-40d1-22ae-994049ef9b6d
2023-T.119(61);af18cc7a-fa8f-11e2-8e56-9f72c6160288;f2caf63d-0e62-5a48-af48-8bebd19d68c8
2023-T.119(62);af18cc7a-fa8f-11e2-8e56-9f72c6160288;c75fe094-3f9c-4107-ec9c-4ad4cb2eb8e7
2023-T.119(63);af18cc7a-fa8f-11e2-8e56-9f72c6160288;11386b6f-a635-0bad-be00-6281580ec426
2023-T.119(64);af18cc7a-fa8f-11e2-8e56-9f72c6160288;8d2bab87-f170-ef64-0c60-84c4c8d804da
2023-T.119(65);af18cc7a-fa8f-11e2-8e56-9f72c6160288;7a16d119-952f-6c1d-547a-a01dfa051080
2023-T.119(66);af18cc7a-fa8f-11e2-8e56-9f72c6160288;f44cfbfe-e691-c3db-cc64-238f9f8a59ef
2023-T.119(67);af18cc7a-fa8f-11e2-8e56-9f72c6160288;8e35bc90-b9d4-a4e9-379b-8e4fdcc58198
2023-T.119(68);af18cc7a-fa8f-11e2-8e56-9f72c6160288;394e2430-20b5-8821-12be-75609749f1ea
2023-T.119(69);af18cc7a-fa8f-11e2-8e56-9f72c6160288;7e6934a1-0118-50c7-6025-c40e99078569
2023-T.119(7);af18cc7a-fa8f-11e2-8e56-9f72c6160288;6980f5ee-bf20-8b70-ad2b-569361ab3aa1
2023-T.119(70);af18cc7a-fa8f-11e2-8e56-9f72c6160288;b1bfaf48-5cf6-4d73-50ef-6923d3670b2f
2023-T.119(71);af18cc7a-fa8f-11e2-8e56-9f72c6160288;42811329-bf37-fc4f-d26e-19694101c148
2023-T.119(72);af18cc7a-fa8f-11e2-8e56-9f72c6160288;b8e37149-58bc-8cc6-3f38-b1505dd22020
2023-T.119(73);af18cc7a-fa8f-11e2-8e56-9f72c6160288;5ae3d92c-1ff6-77d2-6536-76fa050557bc
2023-T.119(74);af18cc7a-fa8f-11e2-8e56-9f72c6160288;24e982e3-1cef-7311-6d3a-08e7e23116a6
2023-T.119(75);af18cc7a-fa8f-11e2-8e56-9f72c6160288;3158bd77-be50-1bd7-945a-79341166b83f
2023-T.119(76);af18cc7a-fa8f-11e2-8e56-9f72c6160288;89f91e3a-ca9b-561d-5c45-1191f29c5d39
2023-T.119(77);af18cc7a-fa8f-11e2-8e56-9f72c6160288;d7d5c4e9-ab8b-5364-087f-7c5cffce5551
2023-T.119(78);af18cc7a-fa8f-11e2-8e56-9f72c6160288;c4f7b49f-aca5-dfa5-e22f-0dd4bb2658e3
2023-T.119(79);af18cc7a-fa8f-11e2-8e56-9f72c6160288;c729aafa-718a-d46e-0415-9bcb3a05b7d6
2023-T.119(8);af18cc7a-fa8f-11e2-8e56-9f72c6160288;0ea8eb51-f101-2b44-8c11-b42bc6e04ca5
2023-T.119(80);af18cc7a-fa8f-11e2-8e56-9f72c6160288;efd9ea3a-6e24-706b-8437-cfc3d81cc727
2023-T.119(81);af18cc7a-fa8f-11e2-8e56-9f72c6160288;61ff2c77-8af0-7889-2727-ab2f672cfa11
2023-T.119(82);af18cc7a-fa8f-11e2-8e56-9f72c6160288;bb428c18-6811-2d8a-5c8b-e72a56e56937
2023-T.119(83);af18cc7a-fa8f-11e2-8e56-9f72c6160288;32fffc5f-3b50-db2d-5bcd-85dd2b1817d6
2023-T.119(84);af18cc7a-fa8f-11e2-8e56-9f72c6160288;01f59696-4302-9ea7-7e11-ddeddd1d385e
2023-T.119(85);af18cc7a-fa8f-11e2-8e56-9f72c6160288;d7d285af-b8d1-47b8-df65-ca5ef576e083
2023-T.119(86);af18cc7a-fa8f-11e2-8e56-9f72c6160288;110e525a-8114-d44f-4b57-9a2c6d439816
2023-T.119(87);af18cc7a-fa8f-11e2-8e56-9f72c6160288;2c603ee4-f467-1362-17dc-7e5c6c31745d
2023-T.119(88);af18cc7a-fa8f-11e2-8e56-9f72c6160288;82f5a105-2476-84df-148f-1be0886fc310
2023-T.119(89);af18cc7a-fa8f-11e2-8e56-9f72c6160288;6527c5aa-1077-771d-bf79-36ef5b8ac5fc
2023-T.119(9);af18cc7a-fa8f-11e2-8e56-9f72c6160288;24b1963a-b2f0-6639-4bed-8d2b90388eda
2023-T.119(90);af18cc7a-fa8f-11e2-8e56-9f72c6160288;e41dfa4c-3351-8193-6cd5-d1e1028ee582
2023-T.119(91);af18cc7a-fa8f-11e2-8e56-9f72c6160288;b8c1d7f9-d18d-6e19-be42-440801e3ebb3
2023-T.119(92);af18cc7a-fa8f-11e2-8e56-9f72c6160288;4f240eb6-3bef-8dd8-eacc-e24e248005bf
2023-T.119(93);af18cc7a-fa8f-11e2-8e56-9f72c6160288;814ca3bc-2a88-890f-3192-85f047c30896
2023-T.119(94);af18cc7a-fa8f-11e2-8e56-9f72c6160288;cea1090a-c494-36bb-43bc-6bed95d5eee7
2023-T.119(95);af18cc7a-fa8f-11e2-8e56-9f72c6160288;a200b6a3-7610-6de3-0c73-c72b885c53e6
2023-T.119(96);af18cc7a-fa8f-11e2-8e56-9f72c6160288;47205856-dc11-c311-ce0c-b4864350d380
2023-T.119(97);af18cc7a-fa8f-11e2-8e56-9f72c6160288;34c40475-08f2-3c11-cb9c-b86491f2c05b
2023-T.119(98);af18cc7a-fa8f-11e2-8e56-9f72c6160288;c3e808a0-4da4-0d8a-fd65-31ec0a53b40a
2023-T.119(99);af18cc7a-fa8f-11e2-8e56-9f72c6160288;9af9354d-e380-bccd-3b5a-41cef77db2c1
2023-T.12;af18cc7a-fa8f-11e2-8e56-9f72c6160288;8964717c-6335-b3f7-5b7e-a5ce7ede74f3
2023-T.120(1);af18cc7a-fa8f-11e2-8e56-9f72c6160288;40b9f3df-6315-5994-1dac-d245a3035c12
2023-T.120(10);af18cc7a-fa8f-11e2-8e56-9f72c6160288;8e5ba134-1a6c-d803-b4d6-376319df59cd
2023-T.120(11);af18cc7a-fa8f-11e2-8e56-9f72c6160288;ae05f26a-e949-39dc-599b-9b7eded25cf1
2023-T.120(12);af18cc7a-fa8f-11e2-8e56-9f72c6160288;eb4c2f25-4176-2085-3242-e09a4377d98d
2023-T.120(13);af18cc7a-fa8f-11e2-8e56-9f72c6160288;eb4c2f25-4176-2085-3242-e09a4377d98d
2023-T.120(14);af18cc7a-fa8f-11e2-8e56-9f72c6160288;458740e1-9cf7-09a2-d475-57ceba5ce133
2023-T.120(15);af18cc7a-fa8f-11e2-8e56-9f72c6160288;458740e1-9cf7-09a2-d475-57ceba5ce133
2023-T.120(1/58);af18cc7a-fa8f-11e2-8e56-9f72c6160288;0f38f8d9-143f-12c0-9b5b-3f3025107920
2023-T.120(16);af18cc7a-fa8f-11e2-8e56-9f72c6160288;e31bbd52-f3a1-9d9d-c205-729a587c3212
2023-T.120(17);af18cc7a-fa8f-11e2-8e56-9f72c6160288;bf217875-f376-2cd1-6e34-7c25974bb8f6
2023-T.120(18);af18cc7a-fa8f-11e2-8e56-9f72c6160288;740cfdfe-b09c-02ca-c4b8-1808b5938242
2023-T.120(19);af18cc7a-fa8f-11e2-8e56-9f72c6160288;dfcc825c-512f-375a-2064-fecda36179f5
2023-T.120(2);af18cc7a-fa8f-11e2-8e56-9f72c6160288;be7cd1a3-d257-5081-26c8-326beaa2d18b
2023-T.120(20);af18cc7a-fa8f-11e2-8e56-9f72c6160288;dfcc825c-512f-375a-2064-fecda36179f5
2023-T.120(21);af18cc7a-fa8f-11e2-8e56-9f72c6160288;8c0e0719-cecc-f1b3-982d-205ef31cd0d7
2023-T.120(22);af18cc7a-fa8f-11e2-8e56-9f72c6160288;360c3054-3263-98d9-eccd-f884f8a54e14
2023-T.120(23);af18cc7a-fa8f-11e2-8e56-9f72c6160288;8a9384aa-cb12-7db8-12e7-af52bc50a27c
2023-T.120(24);af18cc7a-fa8f-11e2-8e56-9f72c6160288;8a9384aa-cb12-7db8-12e7-af52bc50a27c
2023-T.120(25);af18cc7a-fa8f-11e2-8e56-9f72c6160288;26ce00b5-1edd-6ed9-5e95-4183f8914ed1
2023-T.120(26);af18cc7a-fa8f-11e2-8e56-9f72c6160288;26ce00b5-1edd-6ed9-5e95-4183f8914ed1
2023-T.120(27);af18cc7a-fa8f-11e2-8e56-9f72c6160288;b9e8b6e7-ff70-254e-1ea4-6d949b9355ad
2023-T.120(28);af18cc7a-fa8f-11e2-8e56-9f72c6160288;417af7b1-2e78-e8c9-f89c-9b055793bfd1
2023-T.120(29);af18cc7a-fa8f-11e2-8e56-9f72c6160288;2a66ecfc-782d-2ab5-7932-c51c39ae664a
2023-T.120(3);af18cc7a-fa8f-11e2-8e56-9f72c6160288;be7cd1a3-d257-5081-26c8-326beaa2d18b
2023-T.120(30);af18cc7a-fa8f-11e2-8e56-9f72c6160288;2a66ecfc-782d-2ab5-7932-c51c39ae664a
2023-T.120(31);af18cc7a-fa8f-11e2-8e56-9f72c6160288;d79e12e8-2664-f472-7cee-84ea29c630d1
2023-T.120(32);af18cc7a-fa8f-11e2-8e56-9f72c6160288;d1105f85-ef3f-49d1-fc43-9ad8dae26461
2023-T.120(33);af18cc7a-fa8f-11e2-8e56-9f72c6160288;7d49e9a8-cbd4-8bea-0594-223c8b7480ff
2023-T.120(34);af18cc7a-fa8f-11e2-8e56-9f72c6160288;7d49e9a8-cbd4-8bea-0594-223c8b7480ff
2023-T.120(35);af18cc7a-fa8f-11e2-8e56-9f72c6160288;08aa9a04-4dd4-991d-39d9-4438d29d637e
2023-T.120(36);af18cc7a-fa8f-11e2-8e56-9f72c6160288;08aa9a04-4dd4-991d-39d9-4438d29d637e
2023-T.120(37);af18cc7a-fa8f-11e2-8e56-9f72c6160288;91185e1b-aa39-0cdd-d371-4d7fc8a42dbc
2023-T.120(38);af18cc7a-fa8f-11e2-8e56-9f72c6160288;506adc74-ef61-ef3d-553c-95a35a3f4983
2023-T.120(39);af18cc7a-fa8f-11e2-8e56-9f72c6160288;506adc74-ef61-ef3d-553c-95a35a3f4983
2023-T.120(4);af18cc7a-fa8f-11e2-8e56-9f72c6160288;eb1cb351-a630-dbfe-c8f5-42fd06463115
2023-T.120(40);af18cc7a-fa8f-11e2-8e56-9f72c6160288;c5730381-ff35-edd5-29c3-814ddfd051f4
2023-T.120(41);af18cc7a-fa8f-11e2-8e56-9f72c6160288;c2780ffb-581f-2253-2e12-94537260ec37
2023-T.120(42);af18cc7a-fa8f-11e2-8e56-9f72c6160288;aef676f8-c292-a5b5-1a92-8c73988e47c3
2023-T.120(43);af18cc7a-fa8f-11e2-8e56-9f72c6160288;667dbf46-19d1-16cd-9392-aaf9f57a358a
2023-T.120(44);af18cc7a-fa8f-11e2-8e56-9f72c6160288;667dbf46-19d1-16cd-9392-aaf9f57a358a
2023-T.120(45);af18cc7a-fa8f-11e2-8e56-9f72c6160288;0073944c-7627-3dc9-db81-fec34ea43c5f
2023-T.120(46);af18cc7a-fa8f-11e2-8e56-9f72c6160288;0073944c-7627-3dc9-db81-fec34ea43c5f
2023-T.120(47);af18cc7a-fa8f-11e2-8e56-9f72c6160288;e08425eb-c288-48e0-891b-3ee02245a7a7
2023-T.120(48);af18cc7a-fa8f-11e2-8e56-9f72c6160288;40840ca0-e748-7503-6715-f2b68ddbb20b
2023-T.120(49);af18cc7a-fa8f-11e2-8e56-9f72c6160288;d662e894-12fb-6215-487d-40a1c03d514b
2023-T.120(5);af18cc7a-fa8f-11e2-8e56-9f72c6160288;cc17bee6-e779-2913-49d0-8c704fb619f0
2023-T.120(50);af18cc7a-fa8f-11e2-8e56-9f72c6160288;fcc5dbe4-df27-61c8-6288-00a4862d7350
2023-T.120(51);af18cc7a-fa8f-11e2-8e56-9f72c6160288;bba9a2b6-07bc-6b97-ac7b-d164f217b0af
2023-T.120(52);af18cc7a-fa8f-11e2-8e56-9f72c6160288;6601747b-8464-5685-f1ae-301e00c9f2bb
2023-T.120(53);af18cc7a-fa8f-11e2-8e56-9f72c6160288;6601747b-8464-5685-f1ae-301e00c9f2bb
2023-T.120(54);af18cc7a-fa8f-11e2-8e56-9f72c6160288;36d7883c-92a0-25c4-1c3d-bb104175da48
2023-T.120(55);af18cc7a-fa8f-11e2-8e56-9f72c6160288;36d7883c-92a0-25c4-1c3d-bb104175da48
2023-T.120(56);af18cc7a-fa8f-11e2-8e56-9f72c6160288;14534146-4bed-8f62-2465-9a14829daf66
2023-T.120(57);af18cc7a-fa8f-11e2-8e56-9f72c6160288;14534146-4bed-8f62-2465-9a14829daf66
2023-T.120(58);af18cc7a-fa8f-11e2-8e56-9f72c6160288;cd3459be-e64f-fab9-9abc-0ed6e69b68e9
2023-T.120(6);af18cc7a-fa8f-11e2-8e56-9f72c6160288;fe3c08d6-a4a3-8f81-aeef-e61a418755e9
2023-T.120(7);af18cc7a-fa8f-11e2-8e56-9f72c6160288;491dd939-feb8-dca4-21a4-95e3cf04ef5b
2023-T.120(8);af18cc7a-fa8f-11e2-8e56-9f72c6160288;ecc26a69-8541-0fd5-e712-c7252f0e4eef
2023-T.120(9);af18cc7a-fa8f-11e2-8e56-9f72c6160288;8e5ba134-1a6c-d803-b4d6-376319df59cd
2023-T.121;af18cc7a-fa8f-11e2-8e56-9f72c6160288;8eab0427-206e-0b7c-478b-e67591fb2eb5
2023-T.122;af18cc7a-fa8f-11e2-8e56-9f72c6160288;c97584fd-742c-39bd-5060-590b92a1b36f
2023-T.123;af18cc7a-fa8f-11e2-8e56-9f72c6160288;9ae47ebd-5101-fd6f-722d-bf6f9ce5b400
2023-T.124;af18cc7a-fa8f-11e2-8e56-9f72c6160288;b7ee9c62-bc4f-4ced-b884-930c00f65454
2023-T.125;af18cc7a-fa8f-11e2-8e56-9f72c6160288;a7a0794f-8c58-23eb-457a-48a2e8fb9dda
2023-T.126;af18cc7a-fa8f-11e2-8e56-9f72c6160288;0b32224e-5dec-a57c-f5ef-9bc4191c0bc3
2023-T.127;af18cc7a-fa8f-11e2-8e56-9f72c6160288;a3b91d9b-dfd4-7a8c-4efa-a7e7233a9dce
2023-T.128;af18cc7a-fa8f-11e2-8e56-9f72c6160288;c811ba72-a084-078d-270d-db057e8a7c6f
2023-T.129;af18cc7a-fa8f-11e2-8e56-9f72c6160288;03411b0f-acad-9edf-bb78-95bc09e2da8e
2023-T.13;af18cc7a-fa8f-11e2-8e56-9f72c6160288;00938c59-1139-e0e3-fa8f-15dab0f712da
2023-T.130;af18cc7a-fa8f-11e2-8e56-9f72c6160288;fb9c616b-c0ff-ff74-7875-b784d1136ed4
2023-T.131;af18cc7a-fa8f-11e2-8e56-9f72c6160288;4a699935-4d1d-b16c-78bd-c4cc056cab27
2023-T.132;af18cc7a-fa8f-11e2-8e56-9f72c6160288;ffc699ae-350d-1760-3c12-082fc5c4cb8e
2023-T.133;af18cc7a-fa8f-11e2-8e56-9f72c6160288;4774a7f7-c76f-f097-503b-7512ca01fc07
2023-T.134;af18cc7a-fa8f-11e2-8e56-9f72c6160288;1c15099f-c45d-119f-7509-4e9485aa7698
2023-T.135;af18cc7a-fa8f-11e2-8e56-9f72c6160288;5847fb3a-9630-b3ff-1c6e-2b1ea5a7ca29
2023-T.136;af18cc7a-fa8f-11e2-8e56-9f72c6160288;52f8ca81-531e-1907-a623-68f479d50cdb
2023-T.137;af18cc7a-fa8f-11e2-8e56-9f72c6160288;6ca0b8b4-ce82-720c-58de-8c6075c434a8
2023-T.138;af18cc7a-fa8f-11e2-8e56-9f72c6160288;26d966da-8371-2d90-6d16-30e0460e1ddc
2023-T.139;af18cc7a-fa8f-11e2-8e56-9f72c6160288;89670b81-9178-3f82-54f7-8fc5de44d964
2023-T.14;af18cc7a-fa8f-11e2-8e56-9f72c6160288;a6e511f1-b322-6be8-9d1c-360d0a057f48
2023-T.140;af18cc7a-fa8f-11e2-8e56-9f72c6160288;03730893-9166-b48b-b9c7-dabf2a067766
2023-T.141;af18cc7a-fa8f-11e2-8e56-9f72c6160288;90f19b80-967c-b0ef-ff80-404f26723167
2023-T.142;af18cc7a-fa8f-11e2-8e56-9f72c6160288;e7d48c9e-83ed-2d25-2e82-4d19ec99acde
2023-T.143;af18cc7a-fa8f-11e2-8e56-9f72c6160288;3ca16e38-fed2-bb44-5b99-6f0807f5be86
2023-T.144;af18cc7a-fa8f-11e2-8e56-9f72c6160288;a6b38208-04e4-82a7-a515-74891ba25c07
2023-T.145;af18cc7a-fa8f-11e2-8e56-9f72c6160288;ab80408a-5104-29b8-cbcf-f827d3abb6e2
2023-T.146;af18cc7a-fa8f-11e2-8e56-9f72c6160288;610f65f4-7c17-fd66-b577-0b2f3a2df887
2023-T.147;af18cc7a-fa8f-11e2-8e56-9f72c6160288;be757812-f785-cca9-9158-60dc1e3eb643
2023-T.148;af18cc7a-fa8f-11e2-8e56-9f72c6160288;8eda3fe0-19f5-8db0-4349-8d7a69fa78c1
2023-T.149;af18cc7a-fa8f-11e2-8e56-9f72c6160288;297b1525-6bde-3635-9e39-99a95f9484df
2023-T.15;af18cc7a-fa8f-11e2-8e56-9f72c6160288;50b376bb-fc98-4895-b350-ea8ba23ff057
2023-T.150;af18cc7a-fa8f-11e2-8e56-9f72c6160288;f75e7766-b05d-33db-dc1f-ce611ed7703e
2023-T.151;af18cc7a-fa8f-11e2-8e56-9f72c6160288;b3ceccf6-7078-6d06-2390-5f4e8109d528
2023-T.152;af18cc7a-fa8f-11e2-8e56-9f72c6160288;2af3ec46-a4d6-470e-d318-4371bd9ca77e
2023-T.153;af18cc7a-fa8f-11e2-8e56-9f72c6160288;a2cab5ce-02a3-8b2f-9cd1-99c0c5c00999
2023-T.154;af18cc7a-fa8f-11e2-8e56-9f72c6160288;fd1fee83-e4f7-ab7e-f490-cd25d970360f
2023-T.155;af18cc7a-fa8f-11e2-8e56-9f72c6160288;ed40cb13-bede-747a-c9a2-2da72317d0ba
2023-T.156;af18cc7a-fa8f-11e2-8e56-9f72c6160288;756f09d4-5106-6df1-19e6-c64a5ea23fbf
2023-T.157;af18cc7a-fa8f-11e2-8e56-9f72c6160288;4ec789f8-d34d-f992-7fd4-f748df7809ca
2023-T.158;af18cc7a-fa8f-11e2-8e56-9f72c6160288;602faddf-1214-6a36-8c79-b5cbe3eb4cf3
2023-T.159;af18cc7a-fa8f-11e2-8e56-9f72c6160288;7e0839dd-9e75-52fa-3d5b-69f19fba3b06
2023-T.16;af18cc7a-fa8f-11e2-8e56-9f72c6160288;a2500a25-c90f-c30b-0f32-fadab427a64d
2023-T.160;af18cc7a-fa8f-11e2-8e56-9f72c6160288;4096b9d9-c06e-f57c-4347-432201157dd5
2023-T.161;af18cc7a-fa8f-11e2-8e56-9f72c6160288;37816bbd-2442-c5aa-8016-74e35db1680f
2023-T.162;af18cc7a-fa8f-11e2-8e56-9f72c6160288;b9560f63-7a26-8007-9597-8874aeca8117
2023-T.163;af18cc7a-fa8f-11e2-8e56-9f72c6160288;51e3a831-f286-f68e-6a5f-5b55afd35ba3
2023-T.164;af18cc7a-fa8f-11e2-8e56-9f72c6160288;39a1a870-09c9-a9c5-9a61-7af62f40ab29
2023-T.165;af18cc7a-fa8f-11e2-8e56-9f72c6160288;22b6e636-ca8f-b316-812c-d4db1f9950bc
2023-T.166;af18cc7a-fa8f-11e2-8e56-9f72c6160288;bf13fc4e-f2bd-ceec-3fed-22071c9bb405
2023-T.167;af18cc7a-fa8f-11e2-8e56-9f72c6160288;d14e1599-1ac4-9427-cb6b-308e28188066
2023-T.168;af18cc7a-fa8f-11e2-8e56-9f72c6160288;adca2e4f-2781-67c1-eb0b-5d6704646fbd
2023-T.17;af18cc7a-fa8f-11e2-8e56-9f72c6160288;f25628b5-6afd-2532-74b7-b0d622d1bcf9
2023-T.18;af18cc7a-fa8f-11e2-8e56-9f72c6160288;8788f496-1649-2b87-c249-609bd835640c
2023-T.19;af18cc7a-fa8f-11e2-8e56-9f72c6160288;ea83eb22-3557-826f-46be-68350f3c066b
2023-T.2;af18cc7a-fa8f-11e2-8e56-9f72c6160288;4886ab79-7260-dbb8-a1f7-ad68e0ac5940
2023-T.20;af18cc7a-fa8f-11e2-8e56-9f72c6160288;f566e09a-9fcf-4dd0-9611-50415ee4920b
2023-T.21;af18cc7a-fa8f-11e2-8e56-9f72c6160288;b79c23c7-47a1-c8a1-f524-044c1c3f7ef1
2023-T.22;af18cc7a-fa8f-11e2-8e56-9f72c6160288;41056ecc-8910-2c8e-8c6a-0f62d178e099
2023-T.23;af18cc7a-fa8f-11e2-8e56-9f72c6160288;94fde8cb-5ee1-6260-083a-e1a7b915ca53
2023-T.24;af18cc7a-fa8f-11e2-8e56-9f72c6160288;37e5d712-2662-fc88-fef0-e102c98781c2
2023-T.25;af18cc7a-fa8f-11e2-8e56-9f72c6160288;3809cf1a-0dab-cd8a-1ba2-844b0f81a8a3
2023-T.26;af18cc7a-fa8f-11e2-8e56-9f72c6160288;de033392-6d66-be3a-0678-7a93633b490b
2023-T.27;af18cc7a-fa8f-11e2-8e56-9f72c6160288;aa2648e3-6e3b-308c-ffa6-37e9e9871e3e
2023-T.28;af18cc7a-fa8f-11e2-8e56-9f72c6160288;73239b2d-4e92-5009-81a2-48a8aeedd705
2023-T.29;af18cc7a-fa8f-11e2-8e56-9f72c6160288;c70fc73d-bcc5-d01a-15f0-40da038bfb6b
2023-T.3;af18cc7a-fa8f-11e2-8e56-9f72c6160288;62fad899-869b-ff14-e8b3-bf0b5ef239b6
2023-T.30;af18cc7a-fa8f-11e2-8e56-9f72c6160288;5b59606b-6269-a10d-a91e-cdfc04c1e287
2023-T.31;af18cc7a-fa8f-11e2-8e56-9f72c6160288;7de13d2e-981b-cb5f-be18-dd9572fed880
2023-T.32;af18cc7a-fa8f-11e2-8e56-9f72c6160288;58dba015-cf13-7607-00ea-693955f466d5
2023-T.33;af18cc7a-fa8f-11e2-8e56-9f72c6160288;47052d21-e2d5-1aaf-6a1f-53d0cff4603d
2023-T.34;af18cc7a-fa8f-11e2-8e56-9f72c6160288;69096fcf-f04d-34cd-281e-1da0ac26ec6f
2023-T.35;af18cc7a-fa8f-11e2-8e56-9f72c6160288;8ce8b66d-f282-bc2f-b79d-85ed693767dc
2023-T.36;af18cc7a-fa8f-11e2-8e56-9f72c6160288;6559d8b5-dc5e-a5c6-b1d1-86af945bb674
2023-T.37;af18cc7a-fa8f-11e2-8e56-9f72c6160288;3efb0d8e-c195-0bd2-b66e-9dee0dec2e3b
2023-T.38;af18cc7a-fa8f-11e2-8e56-9f72c6160288;3524f36d-3295-b408-9e04-9c7601d85081
2023-T.39;af18cc7a-fa8f-11e2-8e56-9f72c6160288;9f565492-26d9-8b5b-cb71-9e10bbf6b508
2023-T.4;af18cc7a-fa8f-11e2-8e56-9f72c6160288;8971dd3f-027c-a148-d220-aa44d625b1cd
2023-T.40;af18cc7a-fa8f-11e2-8e56-9f72c6160288;afd4230d-581f-7b08-4718-e89acf259146
2023-T.40(1);af18cc7a-fa8f-11e2-8e56-9f72c6160288;b062913c-bdff-622c-27b9-bb1122110354
2023-T.40(10);af18cc7a-fa8f-11e2-8e56-9f72c6160288;f95049ee-2b70-1f39-2031-52226ce5310c
2023-T.40(11);af18cc7a-fa8f-11e2-8e56-9f72c6160288;fdbeef54-46d0-32f1-179d-f4ac95c5fbb9
2023-T.40(12);af18cc7a-fa8f-11e2-8e56-9f72c6160288;fdbeef54-46d0-32f1-179d-f4ac95c5fbb9
2023-T.40(13);af18cc7a-fa8f-11e2-8e56-9f72c6160288;3ceb3afe-d9a8-5278-dc1a-746a7fa136cf
2023-T.40(14);af18cc7a-fa8f-11e2-8e56-9f72c6160288;8840278b-2147-db68-d2ae-31e0a22bdb6b
2023-T.40(15);af18cc7a-fa8f-11e2-8e56-9f72c6160288;6e5f1a51-f271-2774-1491-be5ad24d3fa3
2023-T.40(16);af18cc7a-fa8f-11e2-8e56-9f72c6160288;cec52d4b-f6ed-a516-5e6d-4c104f633efd
2023-T.40(17);af18cc7a-fa8f-11e2-8e56-9f72c6160288;c09d3e04-dcce-e046-8ce5-0f78ca8f8141
2023-T.40(18);af18cc7a-fa8f-11e2-8e56-9f72c6160288;3dd394c1-4cf2-14b1-6f4f-9bcd5893c4a1
2023-T.40(19);af18cc7a-fa8f-11e2-8e56-9f72c6160288;16cd9d94-c29d-0445-32ea-a52cfc23ae1c
2023-T.40(2);af18cc7a-fa8f-11e2-8e56-9f72c6160288;9b067ddb-22bc-900b-2f6d-e81cbd9f0f1f
2023-T.40(20);af18cc7a-fa8f-11e2-8e56-9f72c6160288;ed46c93d-9330-2429-dd0c-1ed7fa1c2e45
2023-T.40(21);af18cc7a-fa8f-11e2-8e56-9f72c6160288;fe39b3d1-a827-bed0-685c-5e6bc2c6bc39
2023-T.40(22);af18cc7a-fa8f-11e2-8e56-9f72c6160288;2fdb2136-004b-ad4f-f393-33475ab3f8a6
2023-T.40(23);af18cc7a-fa8f-11e2-8e56-9f72c6160288;bf499aa7-9237-dc17-2063-a1d1b0c2e248
2023-T.40(24);af18cc7a-fa8f-11e2-8e56-9f72c6160288;013afe87-a16b-2a7e-f85f-8d37d65f092a
2023-T.40(25);af18cc7a-fa8f-11e2-8e56-9f72c6160288;013afe87-a16b-2a7e-f85f-8d37d65f092a
2023-T.40(26);af18cc7a-fa8f-11e2-8e56-9f72c6160288;6d93769d-89ed-ba18-d0f9-7629fbcf0f41
2023-T.40(27);af18cc7a-fa8f-11e2-8e56-9f72c6160288;45066b83-54a6-71a5-55f0-b71abd91f37f
2023-T.40(28);af18cc7a-fa8f-11e2-8e56-9f72c6160288;b6302c11-36a9-c3e2-12d6-1f3640915ffe
2023-T.40(29);af18cc7a-fa8f-11e2-8e56-9f72c6160288;c6afe11e-3591-8bff-b99b-2952e456908a
2023-T.40(3);af18cc7a-fa8f-11e2-8e56-9f72c6160288;446b1b13-e729-6b4d-9782-2260e2e557cc
2023-T.40(30);af18cc7a-fa8f-11e2-8e56-9f72c6160288;c6afe11e-3591-8bff-b99b-2952e456908a
2023-T.40(31);af18cc7a-fa8f-11e2-8e56-9f72c6160288;dd34975b-3555-331e-63c7-2cfd8e3e4238
2023-T.40(32);af18cc7a-fa8f-11e2-8e56-9f72c6160288;dd34975b-3555-331e-63c7-2cfd8e3e4238
2023-T.40(33);af18cc7a-fa8f-11e2-8e56-9f72c6160288;7960f532-302c-3809-148e-c31c77adb597
2023-T.40(34);af18cc7a-fa8f-11e2-8e56-9f72c6160288;7960f532-302c-3809-148e-c31c77adb597
2023-T.40(35);af18cc7a-fa8f-11e2-8e56-9f72c6160288;33310639-f07c-63fa-6009-8679a0093a6a
2023-T.40(36);af18cc7a-fa8f-11e2-8e56-9f72c6160288;05c7effc-3a95-6df1-3337-af6522cd5b01
2023-T.40(37);af18cc7a-fa8f-11e2-8e56-9f72c6160288;05c7effc-3a95-6df1-3337-af6522cd5b01
2023-T.40(38);af18cc7a-fa8f-11e2-8e56-9f72c6160288;3b66ed0e-ea87-3b65-4403-d4ee2e27c418
2023-T.40(39);af18cc7a-fa8f-11e2-8e56-9f72c6160288;679fd37d-4014-d70d-9bd9-577788c5a3be
2023-T.40(4);af18cc7a-fa8f-11e2-8e56-9f72c6160288;c476c0c3-9a67-f8d1-5d33-6b9a15767843
2023-T.40(40);af18cc7a-fa8f-11e2-8e56-9f72c6160288;d9a165b2-8624-c1b1-6b9c-9931c309c2cb
2023-T.40(41);af18cc7a-fa8f-11e2-8e56-9f72c6160288;d9a165b2-8624-c1b1-6b9c-9931c309c2cb
2023-T.40(42);af18cc7a-fa8f-11e2-8e56-9f72c6160288;818742c6-56d7-dfd2-892e-7a68cdf5d64d
2023-T.40(43);af18cc7a-fa8f-11e2-8e56-9f72c6160288;818742c6-56d7-dfd2-892e-7a68cdf5d64d
2023-T.40(44);af18cc7a-fa8f-11e2-8e56-9f72c6160288;d8936034-c24d-2371-e023-c560d82dc401
2023-T.40(45);af18cc7a-fa8f-11e2-8e56-9f72c6160288;d8936034-c24d-2371-e023-c560d82dc401
2023-T.40(46);af18cc7a-fa8f-11e2-8e56-9f72c6160288;d608a870-daa4-ffea-51c2-f4d68475560e
2023-T.40(47);af18cc7a-fa8f-11e2-8e56-9f72c6160288;d608a870-daa4-ffea-51c2-f4d68475560e
2023-T.40(48);af18cc7a-fa8f-11e2-8e56-9f72c6160288;15f50407-cc41-bdf1-cb89-d43aead7366d
2023-T.40(49);af18cc7a-fa8f-11e2-8e56-9f72c6160288;15f50407-cc41-bdf1-cb89-d43aead7366d
2023-T.40(5);af18cc7a-fa8f-11e2-8e56-9f72c6160288;87ac069d-625c-bb7b-c3b1-fda29fabd05b
2023-T.40(50);af18cc7a-fa8f-11e2-8e56-9f72c6160288;3f237d8c-7710-1202-1462-d0e06938f304
2023-T.40(51);af18cc7a-fa8f-11e2-8e56-9f72c6160288;3f237d8c-7710-1202-1462-d0e06938f304
2023-T.40(52);af18cc7a-fa8f-11e2-8e56-9f72c6160288;82abb2ed-6e47-a860-7df7-7d1a66826628
2023-T.40(53);af18cc7a-fa8f-11e2-8e56-9f72c6160288;82abb2ed-6e47-a860-7df7-7d1a66826628
2023-T.40(54);af18cc7a-fa8f-11e2-8e56-9f72c6160288;5b5e96a5-ff05-4f83-1184-131ed500d8da
2023-T.40(55);af18cc7a-fa8f-11e2-8e56-9f72c6160288;5b5e96a5-ff05-4f83-1184-131ed500d8da
2023-T.40(56);af18cc7a-fa8f-11e2-8e56-9f72c6160288;5ac96760-33fd-e444-ced2-f2c0428ebc6e
2023-T.40(57);af18cc7a-fa8f-11e2-8e56-9f72c6160288;7dc31b83-5f39-6b18-49e5-64fc15b4e87b
2023-T.40(58);af18cc7a-fa8f-11e2-8e56-9f72c6160288;963c68cb-8b6d-86fb-6adc-9b04de4ba320
2023-T.40(59);af18cc7a-fa8f-11e2-8e56-9f72c6160288;79cfd098-261b-bfc4-6e39-86e7fe0c3545
2023-T.40(6);af18cc7a-fa8f-11e2-8e56-9f72c6160288;87ac069d-625c-bb7b-c3b1-fda29fabd05b
2023-T.40(60);af18cc7a-fa8f-11e2-8e56-9f72c6160288;79cfd098-261b-bfc4-6e39-86e7fe0c3545
2023-T.40(61);af18cc7a-fa8f-11e2-8e56-9f72c6160288;f498d97b-7ad3-88ab-2190-2be079c3a66a
2023-T.40(62);af18cc7a-fa8f-11e2-8e56-9f72c6160288;f498d97b-7ad3-88ab-2190-2be079c3a66a
2023-T.40(63);af18cc7a-fa8f-11e2-8e56-9f72c6160288;4ab2051f-0238-6c0e-a128-66afc6b747c3
2023-T.40(64);af18cc7a-fa8f-11e2-8e56-9f72c6160288;4ab2051f-0238-6c0e-a128-66afc6b747c3
2023-T.40(65);af18cc7a-fa8f-11e2-8e56-9f72c6160288;268f930f-2bde-872d-6a98-4bfe6e1551a0
2023-T.40(66);af18cc7a-fa8f-11e2-8e56-9f72c6160288;20b0b17c-0621-85cb-93ef-37e452aabd10
2023-T.40(67);af18cc7a-fa8f-11e2-8e56-9f72c6160288;0251a753-d6a1-18c8-6039-91a3dec757c0
2023-T.40(68);af18cc7a-fa8f-11e2-8e56-9f72c6160288;f50c98bf-07b2-6bd2-46a7-c9267cb8011d
2023-T.40(69);af18cc7a-fa8f-11e2-8e56-9f72c6160288;cd158e9d-41a9-8214-e181-db799bac5c9b
2023-T.40(7);af18cc7a-fa8f-11e2-8e56-9f72c6160288;e5d728ae-0b36-7197-599d-807b9147615c
2023-T.40(70);af18cc7a-fa8f-11e2-8e56-9f72c6160288;4a46a205-fcd8-b2c2-2c4a-e886be679522
2023-T.40(8);af18cc7a-fa8f-11e2-8e56-9f72c6160288;e5d728ae-0b36-7197-599d-807b9147615c
2023-T.40(9);af18cc7a-fa8f-11e2-8e56-9f72c6160288;f95049ee-2b70-1f39-2031-52226ce5310c
2023-T.41;af18cc7a-fa8f-11e2-8e56-9f72c6160288;ac2cd5e5-bc79-aea1-d706-e6c570f05871
2023-T.42;af18cc7a-fa8f-11e2-8e56-9f72c6160288;d8f453a1-9aed-9448-75d0-ff86d550d4de
2023-T.43;af18cc7a-fa8f-11e2-8e56-9f72c6160288;7e78af20-54d2-666b-fe0a-d09aefe8dc7a
2023-T.44;af18cc7a-fa8f-11e2-8e56-9f72c6160288;f40266d7-839c-2781-7f23-f625510bf2af
2023-T.45;af18cc7a-fa8f-11e2-8e56-9f72c6160288;b00eb270-c07e-18c8-8f23-a5066532ba9c
2023-T.46;af18cc7a-fa8f-11e2-8e56-9f72c6160288;fd305973-64ef-6fe6-2a00-b29fefec6fdb
2023-T.47;af18cc7a-fa8f-11e2-8e56-9f72c6160288;0f0021da-bd21-8dbd-e1ca-ca3836215d36
2023-T.48;af18cc7a-fa8f-11e2-8e56-9f72c6160288;5c8d89f7-c701-8cc5-26d4-514806fcbaca
2023-T.49;af18cc7a-fa8f-11e2-8e56-9f72c6160288;7b73aab5-26a8-b0ba-7e4f-97683d345def
2023-T.5;af18cc7a-fa8f-11e2-8e56-9f72c6160288;66984a18-917d-c51a-25d2-be4de4884d22
2023-T.50;af18cc7a-fa8f-11e2-8e56-9f72c6160288;11480990-e7ec-d2fd-8f29-bb880c2c3081
2023-T.51;af18cc7a-fa8f-11e2-8e56-9f72c6160288;dbd81a72-11cf-0db7-7c7f-4a638e907902
2023-T.52;af18cc7a-fa8f-11e2-8e56-9f72c6160288;8193951e-06dc-9cfb-1fc5-eaac69616166
2023-T.53;af18cc7a-fa8f-11e2-8e56-9f72c6160288;4068cdab-83f6-d482-e776-a8d48aa805b7
2023-T.54;af18cc7a-fa8f-11e2-8e56-9f72c6160288;a18d00b2-8eaf-ef02-592c-5571025a80c3
2023-T.55;af18cc7a-fa8f-11e2-8e56-9f72c6160288;96fc44fb-2648-e84d-6fab-6e20ca617fc4
2023-T.56;af18cc7a-fa8f-11e2-8e56-9f72c6160288;ab6bf0d6-0b7b-2021-e67c-9608b10e6800
2023-T.57;af18cc7a-fa8f-11e2-8e56-9f72c6160288;7d4cf907-313d-d645-613d-dfd01942b548
2023-T.58;af18cc7a-fa8f-11e2-8e56-9f72c6160288;d3328b12-4ec8-f5f0-5d9f-9350ec7b2869
2023-T.59;af18cc7a-fa8f-11e2-8e56-9f72c6160288;61ba879f-f43c-7c2f-7824-10167979c08a
2023-T.6;af18cc7a-fa8f-11e2-8e56-9f72c6160288;411fa892-3b12-b26d-cee3-f2735a39086a
2023-T.60;af18cc7a-fa8f-11e2-8e56-9f72c6160288;b9d554cc-660f-b9f3-b444-568e830ae62b
2023-T.61;af18cc7a-fa8f-11e2-8e56-9f72c6160288;cff57545-0fd4-fa7a-58c2-45d010ece097
2023-T.62;af18cc7a-fa8f-11e2-8e56-9f72c6160288;54d9dfb1-f542-7955-a5ca-d4e056b0fc25
2023-T.63;af18cc7a-fa8f-11e2-8e56-9f72c6160288;42eb4dcb-fb19-d2f4-22f3-2e49d77860d2
2023-T.64;af18cc7a-fa8f-11e2-8e56-9f72c6160288;5429ce1f-04eb-3ff4-65e0-2747765a7522
2023-T.65;af18cc7a-fa8f-11e2-8e56-9f72c6160288;037caf4a-6fce-27c2-4bcb-196030b38e39
2023-T.66;af18cc7a-fa8f-11e2-8e56-9f72c6160288;2ecd8678-8636-a659-76d4-8f0bb10f301a
2023-T.67;af18cc7a-fa8f-11e2-8e56-9f72c6160288;759b8296-efaf-b024-8ea2-32f418fd515b
2023-T.68;af18cc7a-fa8f-11e2-8e56-9f72c6160288;50fb6d0d-2ccd-1383-6c5d-7d18dfa8e5c4
2023-T.69;af18cc7a-fa8f-11e2-8e56-9f72c6160288;b0351d88-ad7a-1ba8-9542-414876fa74d4
2023-T.7;af18cc7a-fa8f-11e2-8e56-9f72c6160288;ba4cdbfc-e6ad-2755-1bd3-8a99f8bf1659
2023-T.70;af18cc7a-fa8f-11e2-8e56-9f72c6160288;37ae89f3-c5e6-5fc6-38d0-ab6257d6fc46
2023-T.71;af18cc7a-fa8f-11e2-8e56-9f72c6160288;eb0e130d-af04-f523-defa-06500945b3f6
2023-T.72;af18cc7a-fa8f-11e2-8e56-9f72c6160288;deff3021-8564-8792-c094-0f24e27c112d
2023-T.73;af18cc7a-fa8f-11e2-8e56-9f72c6160288;5a26ef71-70f3-abc5-9586-1af29a1f636e
2023-T.74;af18cc7a-fa8f-11e2-8e56-9f72c6160288;d41560db-8cd4-b2ea-e7cf-ff88761f4094
2023-T.75;af18cc7a-fa8f-11e2-8e56-9f72c6160288;1fb7cdaa-0618-c7e1-9aad-f36db014452f
2023-T.76;af18cc7a-fa8f-11e2-8e56-9f72c6160288;b9df07aa-7389-780f-d47f-c6265894bb57
2023-T.77(1);af18cc7a-fa8f-11e2-8e56-9f72c6160288;89fa5b8c-c277-b3f3-66b9-60c16e263761
2023-T.77(10);af18cc7a-fa8f-11e2-8e56-9f72c6160288;7d5bcc5d-e20a-530e-0993-65e5bca9c8ae
2023-T.77(11);af18cc7a-fa8f-11e2-8e56-9f72c6160288;473fd366-cb4d-dc2a-1f1e-575984217bef
2023-T.77(1/17);af18cc7a-fa8f-11e2-8e56-9f72c6160288;04ee617a-d088-afe3-e78d-459ee908e3bf
2023-T.77(12);af18cc7a-fa8f-11e2-8e56-9f72c6160288;39b1527f-bebb-298c-8a05-eb1dc9f9b412
2023-T.77(13);af18cc7a-fa8f-11e2-8e56-9f72c6160288;d2acc53a-2ad0-802b-1fb4-e15e6e9a080f
2023-T.77(14);af18cc7a-fa8f-11e2-8e56-9f72c6160288;f10970c6-643a-29ca-3657-e5038fc64e10
2023-T.77(15);af18cc7a-fa8f-11e2-8e56-9f72c6160288;3c144a30-9010-9599-5fe7-d1e9a34e0c60
2023-T.77(16);af18cc7a-fa8f-11e2-8e56-9f72c6160288;5a31ed40-989c-f92e-54ce-2cea30efeb8d
2023-T.77(17);af18cc7a-fa8f-11e2-8e56-9f72c6160288;b4b49f9f-04e7-a73f-ed68-43ae62b1119b
2023-T.77(2);af18cc7a-fa8f-11e2-8e56-9f72c6160288;662f2e3a-fd1a-90a9-f8cc-85a91a49d50d
2023-T.77(3);af18cc7a-fa8f-11e2-8e56-9f72c6160288;0b89004a-e874-08b7-fcc3-31d1fc3c7a01
2023-T.77(4);af18cc7a-fa8f-11e2-8e56-9f72c6160288;f9171c61-598b-82ac-5489-e8ee3e15b346
2023-T.77(5);af18cc7a-fa8f-11e2-8e56-9f72c6160288;a8db0009-d2d3-58e0-b37f-1bfa36daf07c
2023-T.77(6);af18cc7a-fa8f-11e2-8e56-9f72c6160288;ea3de3f0-fbc4-6f4b-e6ac-e94fe4c6b0c5
2023-T.77(7);af18cc7a-fa8f-11e2-8e56-9f72c6160288;00f262cc-ada6-f3d0-ce6e-303fd80cdbaa
2023-T.77(8);af18cc7a-fa8f-11e2-8e56-9f72c6160288;18902056-e4a4-2b8f-76b3-7839fee5318c
2023-T.77(9);af18cc7a-fa8f-11e2-8e56-9f72c6160288;d7cd231d-f988-897c-f410-38ff60dc9536
2023-T.78;af18cc7a-fa8f-11e2-8e56-9f72c6160288;a5c39971-e6a5-52e4-46b5-9fca9d3ba302
2023-T.79;af18cc7a-fa8f-11e2-8e56-9f72c6160288;44153c05-7286-ea8d-0b2f-6b18bce5caf3
2023-T.8;af18cc7a-fa8f-11e2-8e56-9f72c6160288;eef9c2b7-43a2-2f60-7f1e-2e9a69261266
2023-T.80;af18cc7a-fa8f-11e2-8e56-9f72c6160288;47623cfe-621a-8c1a-b041-9336a0b90947
2023-T.81;af18cc7a-fa8f-11e2-8e56-9f72c6160288;dd820770-448a-ddbd-0ff4-cb5981a5cb73
2023-T.82;af18cc7a-fa8f-11e2-8e56-9f72c6160288;0dab8354-94ad-cd28-5c85-eb75c4b9b939
2023-T.83(1);af18cc7a-fa8f-11e2-8e56-9f72c6160288;1605b87d-2fdd-4704-a3e4-a5d2ff629624
2023-T.83(10);af18cc7a-fa8f-11e2-8e56-9f72c6160288;99c8d777-3c1c-5b36-95b3-a00696d06599
2023-T.83(11);af18cc7a-fa8f-11e2-8e56-9f72c6160288;42e9a2db-323b-a21c-cb99-2ab66691320d
2023-T.83(12);af18cc7a-fa8f-11e2-8e56-9f72c6160288;f5d0f88f-e1fa-c243-a242-9444e25a3d77
2023-T.83(13);af18cc7a-fa8f-11e2-8e56-9f72c6160288;b7c6d6c9-1553-e375-84c3-1eecefb787e1
2023-T.83(14);af18cc7a-fa8f-11e2-8e56-9f72c6160288;ec929291-0487-5374-ad1f-b89ce6302b44
2023-T.83(15);af18cc7a-fa8f-11e2-8e56-9f72c6160288;b33968dd-8651-4c61-7899-afacb9d75f44
2023-T.83(16);af18cc7a-fa8f-11e2-8e56-9f72c6160288;b3484cf6-dd41-5a5d-86ad-0194bfd752b5
2023-T.83(1/67);af18cc7a-fa8f-11e2-8e56-9f72c6160288;1605b87d-2fdd-4704-a3e4-a5d2ff629624
2023-T.83(17);af18cc7a-fa8f-11e2-8e56-9f72c6160288;12d26f9a-1b4f-0da3-ac54-25f9561747dd
2023-T.83(18);af18cc7a-fa8f-11e2-8e56-9f72c6160288;b582d3be-c392-2d1c-7ccf-d01d2de82dea
2023-T.83(19);af18cc7a-fa8f-11e2-8e56-9f72c6160288;1bb20f24-5d4f-99f4-5654-f72be292e104
2023-T.83(2);af18cc7a-fa8f-11e2-8e56-9f72c6160288;ad81210f-e63f-60cc-ce55-41e2954278b6
2023-T.83(20);af18cc7a-fa8f-11e2-8e56-9f72c6160288;43b54c20-3109-c44c-55f9-d67a9883e7e2
2023-T.83(21);af18cc7a-fa8f-11e2-8e56-9f72c6160288;317e2b80-510c-7cd9-b01e-4e65c7d21155
2023-T.83(22);af18cc7a-fa8f-11e2-8e56-9f72c6160288;e934d20a-544d-b9a0-96bc-d5758afd979a
2023-T.83(23);af18cc7a-fa8f-11e2-8e56-9f72c6160288;2cfc465c-6924-eef3-068a-bdea9094e139
2023-T.83(24);af18cc7a-fa8f-11e2-8e56-9f72c6160288;5d9b096b-310a-529e-a936-b4ce4ea4482b
2023-T.83(25);af18cc7a-fa8f-11e2-8e56-9f72c6160288;43cd30d5-eb40-cb85-d759-77c20d905776
2023-T.83(26);af18cc7a-fa8f-11e2-8e56-9f72c6160288;e4b1860f-d1bf-eaf6-2050-f256601f6b64
2023-T.83(27);af18cc7a-fa8f-11e2-8e56-9f72c6160288;1e3456b9-bb4e-23a7-e032-c920014f5c5d
2023-T.83(28);af18cc7a-fa8f-11e2-8e56-9f72c6160288;97b82064-8dd1-b040-9cf7-48ea64d4b2af
2023-T.83(29);af18cc7a-fa8f-11e2-8e56-9f72c6160288;6678b3a1-6029-d058-fd1f-1bf846c918a4
2023-T.83(3);af18cc7a-fa8f-11e2-8e56-9f72c6160288;3af32fad-a8c8-9752-7b4c-a3a7201b64a4
2023-T.83(30);af18cc7a-fa8f-11e2-8e56-9f72c6160288;085c120d-f468-7afb-7786-f9399610cdca
2023-T.83(31);af18cc7a-fa8f-11e2-8e56-9f72c6160288;405e8209-e85d-83b5-139c-f3e72e9aa29e
2023-T.83(32);af18cc7a-fa8f-11e2-8e56-9f72c6160288;17d9ddb2-2edd-53d1-5c64-34014b60f172
2023-T.83(33);af18cc7a-fa8f-11e2-8e56-9f72c6160288;e3c965f0-4de3-662a-d12b-bf4bcf3a63ee
2023-T.83(34);af18cc7a-fa8f-11e2-8e56-9f72c6160288;500993e2-cc71-7d83-28ab-f9f39ed003e8
2023-T.83(35);af18cc7a-fa8f-11e2-8e56-9f72c6160288;3c451a23-c1c5-e1f6-f2ac-876dba322066
2023-T.83(36);af18cc7a-fa8f-11e2-8e56-9f72c6160288;604dc17d-5730-d5cc-8b52-13dd835d7692
2023-T.83(37);af18cc7a-fa8f-11e2-8e56-9f72c6160288;8d3ea716-5f94-9e89-af33-942485199f3f
2023-T.83(38);af18cc7a-fa8f-11e2-8e56-9f72c6160288;da5f9cf4-b5b5-54ba-bae2-a43c79e7e57a
2023-T.83(39);af18cc7a-fa8f-11e2-8e56-9f72c6160288;8dd9c421-4cdd-7647-786d-cd35453a30c7
2023-T.83(4);af18cc7a-fa8f-11e2-8e56-9f72c6160288;b35487d8-ecd6-d9eb-0a96-eaf2d9d62f9d
2023-T.83(40);af18cc7a-fa8f-11e2-8e56-9f72c6160288;11ac409d-a872-9164-7ee9-43be1eae5fb3
2023-T.83(41);af18cc7a-fa8f-11e2-8e56-9f72c6160288;7dcf2a30-ee0c-d473-2e60-72bf0a52e727
2023-T.83(42);af18cc7a-fa8f-11e2-8e56-9f72c6160288;24fccdf9-b50f-95b6-8a19-839dc78f2357
2023-T.83(43);af18cc7a-fa8f-11e2-8e56-9f72c6160288;b1a4c86a-ac11-66e7-bcb1-2e56cde38296
2023-T.83(44);af18cc7a-fa8f-11e2-8e56-9f72c6160288;3f446c99-e0a4-8865-e9aa-f1ecfaa8b4c1
2023-T.83(45);af18cc7a-fa8f-11e2-8e56-9f72c6160288;7ac31c77-cdd2-ca73-1b73-1c217d53be66
2023-T.83(46);af18cc7a-fa8f-11e2-8e56-9f72c6160288;bbf1d588-91ee-9516-c6aa-886178e2d7a2
2023-T.83(47);af18cc7a-fa8f-11e2-8e56-9f72c6160288;8b454d6e-1dc5-b4b2-9739-ebe46e565a6f
2023-T.83(48);af18cc7a-fa8f-11e2-8e56-9f72c6160288;ea3e702d-7156-06a2-a288-9c1d710ce5f0
2023-T.83(49);af18cc7a-fa8f-11e2-8e56-9f72c6160288;ac5186e6-ca8f-d249-2f42-ab00dd68a8b2
2023-T.83(5);af18cc7a-fa8f-11e2-8e56-9f72c6160288;8b9e0316-e035-0757-1a23-71ea55b52f97
2023-T.83(50);af18cc7a-fa8f-11e2-8e56-9f72c6160288;8e848c5f-e772-cb96-0f34-da9c5c4fd107
2023-T.83(51);af18cc7a-fa8f-11e2-8e56-9f72c6160288;caf0a5c9-d140-c3fc-7837-7261f29cfc5a
2023-T.83(52);af18cc7a-fa8f-11e2-8e56-9f72c6160288;67f547d7-5853-8e25-03c2-9e0495a12976
2023-T.83(53);af18cc7a-fa8f-11e2-8e56-9f72c6160288;73ae3736-599f-9045-cb3f-bc486e4f67eb
2023-T.83(54);af18cc7a-fa8f-11e2-8e56-9f72c6160288;a20e07ae-bbac-d5b1-f334-9aa2ffd8f82d
2023-T.83(55);af18cc7a-fa8f-11e2-8e56-9f72c6160288;1176766d-e527-850f-cd77-118f0073b453
2023-T.83(56);af18cc7a-fa8f-11e2-8e56-9f72c6160288;ee075b26-70c3-1fe7-4c89-792e548006e2
2023-T.83(57);af18cc7a-fa8f-11e2-8e56-9f72c6160288;26b4a7cc-828e-1118-a837-c47ad054f80c
2023-T.83(58);af18cc7a-fa8f-11e2-8e56-9f72c6160288;6c05905a-fb0e-1ec1-fddb-cd3c6b170c84
2023-T.83(59);af18cc7a-fa8f-11e2-8e56-9f72c6160288;0eb6c219-9434-39d7-10bb-99188fa93b60
2023-T.83(6);af18cc7a-fa8f-11e2-8e56-9f72c6160288;6729f08e-b0c7-79f3-4b37-63b95a8fcfa8
2023-T.83(60);af18cc7a-fa8f-11e2-8e56-9f72c6160288;69688f12-0690-009e-88bf-051bec6a4b27
2023-T.83(61);af18cc7a-fa8f-11e2-8e56-9f72c6160288;92847b07-13d8-86a6-1627-432ddf3d8a12
2023-T.83(62);af18cc7a-fa8f-11e2-8e56-9f72c6160288;2aee8aee-125f-8480-ab8b-96221f4b663f
2023-T.83(63);af18cc7a-fa8f-11e2-8e56-9f72c6160288;bdcf379e-1ce6-07b4-4829-3e7fd4c935cc
2023-T.83(64);af18cc7a-fa8f-11e2-8e56-9f72c6160288;dde5b993-84b7-802e-ada5-d47223de5489
2023-T.83(65);af18cc7a-fa8f-11e2-8e56-9f72c6160288;5add8bb8-c637-9103-23d3-095947849c50
2023-T.83(66);af18cc7a-fa8f-11e2-8e56-9f72c6160288;ab068b79-46bf-3473-39b2-4c5acd550048
2023-T.83(67);af18cc7a-fa8f-11e2-8e56-9f72c6160288;195b1094-6938-8fa4-a346-6a1a88e7c0a4
2023-T.83(7);af18cc7a-fa8f-11e2-8e56-9f72c6160288;7d2cc001-a882-a3e7-93f4-45c676d9c441
2023-T.83(8);af18cc7a-fa8f-11e2-8e56-9f72c6160288;649b2fc5-c9ce-f129-922a-08045050216b
2023-T.83(9);af18cc7a-fa8f-11e2-8e56-9f72c6160288;b070eed2-2bd6-47ec-ab05-e187465e4582
2023-T.84;af18cc7a-fa8f-11e2-8e56-9f72c6160288;6faa4013-ba89-312a-d70f-f77e9a11e2f1
2023-T.85;af18cc7a-fa8f-11e2-8e56-9f72c6160288;9505c59d-df02-eb35-cfa1-232161df6683
2023-T.86;af18cc7a-fa8f-11e2-8e56-9f72c6160288;8e11edcf-ab4e-5f00-91b9-b79afc7a9927
2023-T.87;af18cc7a-fa8f-11e2-8e56-9f72c6160288;16cde212-12d1-dd89-bafe-2dc8a8631912
2023-T.88;af18cc7a-fa8f-11e2-8e56-9f72c6160288;6527e377-e3b2-b174-5244-716596bdf7c6
2023-T.89;af18cc7a-fa8f-11e2-8e56-9f72c6160288;04c22b5b-43af-76da-a809-2a1e2bbcd029
2023-T.9;af18cc7a-fa8f-11e2-8e56-9f72c6160288;1c2282c0-49ca-7360-0500-138e7e296a7e
2023-T.90;af18cc7a-fa8f-11e2-8e56-9f72c6160288;b8e2b9a0-0332-5acc-2a2f-24e53cfd4ccd
2023-T.91;af18cc7a-fa8f-11e2-8e56-9f72c6160288;31822a9c-a2f3-d2d8-9307-392aacfa47b7
2023-T.92;af18cc7a-fa8f-11e2-8e56-9f72c6160288;9e4f6e2f-c597-6e7b-7a28-a11b4a8aa4f7
2023-T.93;af18cc7a-fa8f-11e2-8e56-9f72c6160288;318a26eb-d07a-7c34-1557-a0283a9dadf4
2023-T.94;af18cc7a-fa8f-11e2-8e56-9f72c6160288;56c12eb6-3c56-1c4f-27a3-f113295f9064
2023-T.95;af18cc7a-fa8f-11e2-8e56-9f72c6160288;666cfc63-78e1-04c5-db9c-ee6cef1ef94b
2023-T.96;af18cc7a-fa8f-11e2-8e56-9f72c6160288;dac404ce-eadf-eb1c-33e7-fcf3a4c322f0
2023-T.97;af18cc7a-fa8f-11e2-8e56-9f72c6160288;88fee47a-62a9-2b92-3ac0-0763f307af93
2023-T.98;af18cc7a-fa8f-11e2-8e56-9f72c6160288;ac4f1a9c-8d07-22a8-32ed-3035adfbd822
2023-T.99;af18cc7a-fa8f-11e2-8e56-9f72c6160288;d7520a37-bf62-4563-78de-9c8b0b1f65fe
2024-BB.2(1);af18cc7a-fa8f-11e2-8e56-9f72c6160288;e7884671-c162-f9e3-bc28-b4abcf3ef58a
2024-T.1;af18cc7a-fa8f-11e2-8e56-9f72c6160288;7203e017-fd62-d74b-0cc0-62f68d631f55
2024-T.10;af18cc7a-fa8f-11e2-8e56-9f72c6160288;77c76856-b71f-081d-43a8-87b22f67bad4
2024-T.11;af18cc7a-fa8f-11e2-8e56-9f72c6160288;14f183f4-3e54-5f6c-b3f5-7ce9cf79b4d3
2024-T.12;af18cc7a-fa8f-11e2-8e56-9f72c6160288;455e72bf-034b-e84b-2f46-2dbebc1d3e0e
2024-T.13;af18cc7a-fa8f-11e2-8e56-9f72c6160288;6d413f47-7b70-398a-0b49-1a7f06db4d93
2024-T.14;af18cc7a-fa8f-11e2-8e56-9f72c6160288;5c07187e-40e6-77dc-1931-72f2b10d9079
2024-T.15;af18cc7a-fa8f-11e2-8e56-9f72c6160288;0d7e874c-f0d6-20b0-0552-c970ef95417b
2024-T.16;af18cc7a-fa8f-11e2-8e56-9f72c6160288;6cdf9b57-84d5-fe28-b96b-a044146c1102
2024-T.17;af18cc7a-fa8f-11e2-8e56-9f72c6160288;f5a27d23-61b6-fc70-225f-6d68a6a1261c
2024-T.18;af18cc7a-fa8f-11e2-8e56-9f72c6160288;3f7c3020-cd61-dd8d-8583-e5e88bbce50b
2024-T.19;af18cc7a-fa8f-11e2-8e56-9f72c6160288;3ef95385-8fab-20f6-ef9d-62e7a186607d
2024-T.2;af18cc7a-fa8f-11e2-8e56-9f72c6160288;1c56ec47-49ab-504f-19f4-dd3942a4f99e
2024-T.20;af18cc7a-fa8f-11e2-8e56-9f72c6160288;0439448f-1f07-4197-507b-a9a41713bda8
2024-T.21;af18cc7a-fa8f-11e2-8e56-9f72c6160288;464d65b7-ac7f-adb8-5c12-75a888e29e79
2024-T.22;af18cc7a-fa8f-11e2-8e56-9f72c6160288;bb24b19e-bd07-3d84-82de-2d58f5d76ca2
2024-T.23;af18cc7a-fa8f-11e2-8e56-9f72c6160288;3419f906-6955-e43d-80eb-5bbedd754510
2024-T.24;af18cc7a-fa8f-11e2-8e56-9f72c6160288;24d54f4f-1dc8-d0db-4767-1241b9c72701
2024-T.25;af18cc7a-fa8f-11e2-8e56-9f72c6160288;6fcd9c87-7694-19ab-182f-87daf2f30d93
2024-T.26;af18cc7a-fa8f-11e2-8e56-9f72c6160288;29b43e3e-1daa-698b-2730-e6a435d638dc
2024-T.27;af18cc7a-fa8f-11e2-8e56-9f72c6160288;01fb9467-b891-a956-464e-60136c461e5c
2024-T.28;af18cc7a-fa8f-11e2-8e56-9f72c6160288;e95432dd-3c01-cdcc-574b-7ee397af9371
2024-T.29;af18cc7a-fa8f-11e2-8e56-9f72c6160288;5248a0d0-349f-e8a8-50bb-2a6824c676a3
2024-T.3;af18cc7a-fa8f-11e2-8e56-9f72c6160288;25125150-caf3-b175-4314-f44ed8666e57
2024-T.30;af18cc7a-fa8f-11e2-8e56-9f72c6160288;23f50c3e-5a5e-5e93-530e-6490b6ba2e6e
2024-T.31;af18cc7a-fa8f-11e2-8e56-9f72c6160288;9990e8f8-6b89-6001-6646-fd3de0e69178
2024-T.32;af18cc7a-fa8f-11e2-8e56-9f72c6160288;0cddc4dc-3f5b-9871-f6af-7ececda84683
2024-T.33;af18cc7a-fa8f-11e2-8e56-9f72c6160288;f5a15178-01b4-583a-da95-a96902c57f73
2024-T.34;af18cc7a-fa8f-11e2-8e56-9f72c6160288;3a1352a4-621e-e61c-f67e-3d2145963945
2024-T.35;af18cc7a-fa8f-11e2-8e56-9f72c6160288;2d02034a-5bd0-8d70-c59c-08260328dcf8
2024-T.36;af18cc7a-fa8f-11e2-8e56-9f72c6160288;408bc28e-6ad0-a37d-d035-934b864640ac
2024-T.37;af18cc7a-fa8f-11e2-8e56-9f72c6160288;0c4738ba-73c5-31ef-d8ac-e9db15c3137f
2024-T.38;af18cc7a-fa8f-11e2-8e56-9f72c6160288;9b4873e4-7f52-41ba-9d79-aa8b08dad66a
2024-T.39;af18cc7a-fa8f-11e2-8e56-9f72c6160288;1a347aa9-0a19-465e-c9d0-a61d7c196a67
2024-T.4;af18cc7a-fa8f-11e2-8e56-9f72c6160288;a2093b5b-279e-5ce1-e802-b8e42349e975
2024-T.40;af18cc7a-fa8f-11e2-8e56-9f72c6160288;ff0417b3-3439-2909-23d9-ca401f4168d9
2024-T.41;af18cc7a-fa8f-11e2-8e56-9f72c6160288;592f8f25-0ca9-b6d6-f50e-6a590ef6548b
2024-T.42;af18cc7a-fa8f-11e2-8e56-9f72c6160288;7ebcaf3b-9cf4-de15-1def-ffb1a371ceef
2024-T.43;af18cc7a-fa8f-11e2-8e56-9f72c6160288;4141a350-a14b-670a-e1ce-39c68b052f0f
2024-T.44;af18cc7a-fa8f-11e2-8e56-9f72c6160288;3daabba8-255a-b199-8b22-a4c461bf8669
2024-T.45;af18cc7a-fa8f-11e2-8e56-9f72c6160288;b572d6db-a82b-41c7-f5fd-1ef8079e3809
2024-T.46;af18cc7a-fa8f-11e2-8e56-9f72c6160288;b946f5eb-2385-f783-7cbe-91e15a6ebf4a
2024-T.47;af18cc7a-fa8f-11e2-8e56-9f72c6160288;a112d601-1280-007b-ccde-e0914e649ddd
2024-T.48;af18cc7a-fa8f-11e2-8e56-9f72c6160288;7223ff58-10e7-e6ea-bec0-debfdd2ba721
2024-T.49;af18cc7a-fa8f-11e2-8e56-9f72c6160288;bddeee76-7aa0-b38b-2584-814efadc9981
2024-T.5;af18cc7a-fa8f-11e2-8e56-9f72c6160288;6014b2a6-cc89-8942-c89b-75d83af43765
2024-T.50;af18cc7a-fa8f-11e2-8e56-9f72c6160288;84648da3-721e-6a73-0962-d38a228d1db2
2024-T.51;af18cc7a-fa8f-11e2-8e56-9f72c6160288;963e1a9a-7e01-02b5-c9d2-e2c1fe1d4dad
2024-T.52;af18cc7a-fa8f-11e2-8e56-9f72c6160288;a9999741-30d0-a217-5758-c6766dab91d2
2024-T.53;af18cc7a-fa8f-11e2-8e56-9f72c6160288;ba71ff2c-7a2d-aeed-58ec-9765bc7dc785
2024-T.54;af18cc7a-fa8f-11e2-8e56-9f72c6160288;1810120d-3f0e-b569-b3e5-1907b3cc5d8f
2024-T.55;af18cc7a-fa8f-11e2-8e56-9f72c6160288;d0838be5-60ca-4dc2-d151-9d73e8396d27
2024-T.56;af18cc7a-fa8f-11e2-8e56-9f72c6160288;ace5a7ec-92e5-9253-f52d-082e45b795d4
2024-T.57;af18cc7a-fa8f-11e2-8e56-9f72c6160288;99104838-538b-a1ad-b3fc-58bddecd0446
2024-T.58;af18cc7a-fa8f-11e2-8e56-9f72c6160288;cbf2eaa0-85a3-cf36-b530-634557e948e9
2024-T.59;af18cc7a-fa8f-11e2-8e56-9f72c6160288;fe56e3e9-4e1f-4e06-3a2f-91d8c2441120
2024-T.6;af18cc7a-fa8f-11e2-8e56-9f72c6160288;51499996-aac5-340e-1dde-2d118ccb67a4
2024-T.60;af18cc7a-fa8f-11e2-8e56-9f72c6160288;46caa259-8d6a-179d-2320-2414edf0e0cc
2024-T.61;af18cc7a-fa8f-11e2-8e56-9f72c6160288;4020ca2b-b72c-0fc5-dc16-22b337b79e27
2024-T.61.fol.168r;af18cc7a-fa8f-11e2-8e56-9f72c6160288;ca2f0d80-182e-a323-a8b2-7f9370d917be
2024-T.61.fol.97v;af18cc7a-fa8f-11e2-8e56-9f72c6160288;38124dff-c237-0d3b-c861-0df0ed349f0e
2024-T.62;af18cc7a-fa8f-11e2-8e56-9f72c6160288;de73c6fd-14aa-c1c3-ff71-932bd9dca537
2024-T.63;af18cc7a-fa8f-11e2-8e56-9f72c6160288;dd8ccbc4-b513-da5c-49dc-7c1489b24ad2
2024-T.64;af18cc7a-fa8f-11e2-8e56-9f72c6160288;bcf410d3-a1e4-f134-3e92-aec82e00c715
2024-T.65;af18cc7a-fa8f-11e2-8e56-9f72c6160288;8d3f7998-a75e-347e-81f5-daa30ece753c
2024-T.66;af18cc7a-fa8f-11e2-8e56-9f72c6160288;17c0e31f-b09b-acda-0254-adf2608f8a87
2024-T.7;af18cc7a-fa8f-11e2-8e56-9f72c6160288;a893ba63-12a6-fc0a-353d-75f919b986f4
2024-T.8;af18cc7a-fa8f-11e2-8e56-9f72c6160288;e84486ee-1c39-6424-0e60-c7e262ccf845
2024-T.9;af18cc7a-fa8f-11e2-8e56-9f72c6160288;b8679305-dc4a-756b-88db-857a0a174837
2025-T.1;af18cc7a-fa8f-11e2-8e56-9f72c6160288;1cd7dc2c-b0de-b153-e37b-0e517fd3c947
2025-T.10;af18cc7a-fa8f-11e2-8e56-9f72c6160288;864414f1-be02-3a6a-1399-44bff2c8a555
2025-T.11;af18cc7a-fa8f-11e2-8e56-9f72c6160288;c07d9efe-49e1-bf09-84b4-064ee734f54c
2025-T.12;af18cc7a-fa8f-11e2-8e56-9f72c6160288;01e9408e-251a-5ffd-9dfb-04d01b7ae017
2025-T.13;af18cc7a-fa8f-11e2-8e56-9f72c6160288;83c22eb4-7a67-410e-784c-b88c787e4523
2025-T.14;af18cc7a-fa8f-11e2-8e56-9f72c6160288;1718bfb3-0b7f-d8ff-9e36-0d882431808b
2025-T.15;af18cc7a-fa8f-11e2-8e56-9f72c6160288;195b9249-0346-9bab-1eb7-354a1f53a6de
2025-T.16;af18cc7a-fa8f-11e2-8e56-9f72c6160288;d986456a-92e9-b608-dba6-875f198211b1
2025-T.17;af18cc7a-fa8f-11e2-8e56-9f72c6160288;24fb0b4d-7701-c352-2dbc-056ca5e4143c
2025-T.18;af18cc7a-fa8f-11e2-8e56-9f72c6160288;304ab343-9b7e-b0e5-95a0-a798e7556f9a
2025-T.19;af18cc7a-fa8f-11e2-8e56-9f72c6160288;72c16ec8-befd-8b3b-b150-b2cbf5ff6d8e
2025-T.2;af18cc7a-fa8f-11e2-8e56-9f72c6160288;3bf83ecf-7a05-aeee-2c7d-00af546bd5c8
2025-T.20;af18cc7a-fa8f-11e2-8e56-9f72c6160288;adf6d17b-9a38-e809-557c-e9b241dee2b0
2025-T.21;af18cc7a-fa8f-11e2-8e56-9f72c6160288;ee830370-36de-830a-b824-d54640d4f7f5
2025-T.22;af18cc7a-fa8f-11e2-8e56-9f72c6160288;e3fb09af-848c-2cfa-1e89-a6a3b895278d
2025-T.23;af18cc7a-fa8f-11e2-8e56-9f72c6160288;08a4113b-8fa3-3086-d7fe-eea3d4b9b75b
2025-T.24;af18cc7a-fa8f-11e2-8e56-9f72c6160288;22c8a30c-3572-8e13-9150-09d246aeb4be
2025-T.25;af18cc7a-fa8f-11e2-8e56-9f72c6160288;00cd03fc-626a-0a84-9e92-ad214f9941a2
2025-T.26;af18cc7a-fa8f-11e2-8e56-9f72c6160288;6b2ec611-205d-b68c-e3d6-bb11bbb3e22c
2025-T.27;af18cc7a-fa8f-11e2-8e56-9f72c6160288;2b6e7eec-bf6b-b48e-12d9-ffe2fb2dd4af
2025-T.28;af18cc7a-fa8f-11e2-8e56-9f72c6160288;23f0dca7-f50f-00ba-f0c4-ef006a9f4818
2025-T.29;af18cc7a-fa8f-11e2-8e56-9f72c6160288;a54ebba0-8035-14e6-df83-34528f894398
2025-T.3;af18cc7a-fa8f-11e2-8e56-9f72c6160288;9bf0c3d6-5226-2358-b0ef-6682d8dfce0f
2025-T.30;af18cc7a-fa8f-11e2-8e56-9f72c6160288;e3753b83-bdee-0889-ce79-8bf7e9f6ce04
2025-T.31;af18cc7a-fa8f-11e2-8e56-9f72c6160288;dc06b9c8-cf44-4230-c5d2-f6ddc5f34f14
2025-T.32;af18cc7a-fa8f-11e2-8e56-9f72c6160288;e8568e62-9b10-d6f0-6414-6ef76eda3aa2
2025-T.33;af18cc7a-fa8f-11e2-8e56-9f72c6160288;6efe4acb-a23c-e2c8-5717-ffdd1785a20c
2025-T.34;af18cc7a-fa8f-11e2-8e56-9f72c6160288;4123fd3e-b734-52e6-4527-5a0f7eda0c3f
2025-T.4;af18cc7a-fa8f-11e2-8e56-9f72c6160288;f55e6d75-2336-5e7d-c2d1-499315fd315d
2025-T.5;af18cc7a-fa8f-11e2-8e56-9f72c6160288;bc0628aa-c1a0-cf21-b693-d6aab2bf69d2
2025-T.6;af18cc7a-fa8f-11e2-8e56-9f72c6160288;33132cab-882d-9dba-3a50-3011be254600
2025-T.7;af18cc7a-fa8f-11e2-8e56-9f72c6160288;46e00d24-87eb-13ec-1c00-d15e609780b7
2025-T.8;af18cc7a-fa8f-11e2-8e56-9f72c6160288;490c362a-f87e-d44e-173a-a51b8e9396ab
2025-T.9;af18cc7a-fa8f-11e2-8e56-9f72c6160288;c03bdb52-eb30-fdbb-9809-575393c613cd
2026-T.1;af18cc7a-fa8f-11e2-8e56-9f72c6160288;2cfdbcc3-5683-e8aa-20b0-1d675ef0474f
2026-T.10;af18cc7a-fa8f-11e2-8e56-9f72c6160288;4b3a5134-d76e-589b-28ef-8786051e9fee
2026-T.11;af18cc7a-fa8f-11e2-8e56-9f72c6160288;8ac41210-0b8c-1f42-be72-a5ba3eaa9431
2026-T.12;af18cc7a-fa8f-11e2-8e56-9f72c6160288;70efcf70-b9ed-1397-dfb9-76bf0ca1fef7
2026-T.13;af18cc7a-fa8f-11e2-8e56-9f72c6160288;ca8064e1-b432-61fb-297a-f1504bbe1a85
2026-T.14;af18cc7a-fa8f-11e2-8e56-9f72c6160288;
2026-T.15;af18cc7a-fa8f-11e2-8e56-9f72c6160288;
2026-T.2;af18cc7a-fa8f-11e2-8e56-9f72c6160288;846c18c0-7db6-3152-324f-22ecf663f4aa
2026-T.3;af18cc7a-fa8f-11e2-8e56-9f72c6160288;c4c0c07c-9b09-d002-5a87-09ae7584fddd
2026-T.4;af18cc7a-fa8f-11e2-8e56-9f72c6160288;ebd0dcf9-949c-6176-c762-a8cfd772f2ea
2026-T.5;af18cc7a-fa8f-11e2-8e56-9f72c6160288;27d45b5b-746c-30f5-86b1-0ee3a2aa4df0
2026-T.6;af18cc7a-fa8f-11e2-8e56-9f72c6160288;66830831-118d-6102-effe-b4d69949700a
2026-T.7;af18cc7a-fa8f-11e2-8e56-9f72c6160288;f94ac0eb-9984-2680-a730-a0502694d8b8
2026-T.8;af18cc7a-fa8f-11e2-8e56-9f72c6160288;2843af2d-edb4-13df-5764-857006bcad12
2026-T.9;af18cc7a-fa8f-11e2-8e56-9f72c6160288;86ab2a98-5d0e-2fd7-a9b2-e730e1cfd0c0
2033;af18cc7a-fa8f-11e2-8e56-9f72c6160288;5f7dbd2e-1c24-6b1c-da8a-702a07916881
2034;af18cc7a-fa8f-11e2-8e56-9f72c6160288;50be2bd2-350f-ef21-a793-7ec3f423abf8
2035;af18cc7a-fa8f-11e2-8e56-9f72c6160288;1272e492-9a98-190a-3ba4-12a851ee4bb1
2072;af18cc7a-fa8f-11e2-8e56-9f72c6160288;6b03ea7a-15d5-eeee-1591-34f7a9af8e6d
213;af18cc7a-fa8f-11e2-8e56-9f72c6160288;dcfc23ac-1d5a-86c7-4a59-8e73193eecfe
2138;af18cc7a-fa8f-11e2-8e56-9f72c6160288;e0e46f17-fa69-a5b1-84ca-1117b3627a49
214;af18cc7a-fa8f-11e2-8e56-9f72c6160288;1704b70e-19ff-7dcd-e34c-4b06d10d766f
2142;af18cc7a-fa8f-11e2-8e56-9f72c6160288;6f455865-156c-d354-2c11-8296af4b8438
2143;af18cc7a-fa8f-11e2-8e56-9f72c6160288;d9934570-654d-27fb-5387-9938bdefe7e6
2145;af18cc7a-fa8f-11e2-8e56-9f72c6160288;24ab1a63-6ae9-01c2-53b8-64fab1ab624b
2146;af18cc7a-fa8f-11e2-8e56-9f72c6160288;b3b5a697-4a4a-9cbc-8653-1eb00a67652d
215;af18cc7a-fa8f-11e2-8e56-9f72c6160288;5490f03c-f689-362c-1791-4f3960b36400
216;af18cc7a-fa8f-11e2-8e56-9f72c6160288;be4c0ace-836e-5f41-eacb-866388765381
217 (lost);af18cc7a-fa8f-11e2-8e56-9f72c6160288;
218;af18cc7a-fa8f-11e2-8e56-9f72c6160288;b45521f1-3674-317c-2584-8b6cfa8be7c0
220;af18cc7a-fa8f-11e2-8e56-9f72c6160288;578649dd-813d-ab2b-a128-c78cf53d856c
2201;af18cc7a-fa8f-11e2-8e56-9f72c6160288;c88a409f-083e-060c-63c8-8c9cdf13f3a1
2202;af18cc7a-fa8f-11e2-8e56-9f72c6160288;92d2059e-8ce8-bddb-8864-203b60beea97
2203;af18cc7a-fa8f-11e2-8e56-9f72c6160288;a5280471-f9be-1b30-a652-28ee319b5fb0
2204;af18cc7a-fa8f-11e2-8e56-9f72c6160288;7f67edc8-cfb3-593f-04fd-1d114b475b61
2205;af18cc7a-fa8f-11e2-8e56-9f72c6160288;66d55b50-ce5f-8022-1e5b-1485817c76cf
2206;af18cc7a-fa8f-11e2-8e56-9f72c6160288;ca1268c7-7983-9d19-909a-22932db05727
2207;af18cc7a-fa8f-11e2-8e56-9f72c6160288;17935bb4-c158-fe95-b12a-55f377fba1bb
2208;af18cc7a-fa8f-11e2-8e56-9f72c6160288;73669f57-5ac9-6553-70ef-4f1f03912021
2209 (lost);af18cc7a-fa8f-11e2-8e56-9f72c6160288;
221;af18cc7a-fa8f-11e2-8e56-9f72c6160288;1e85a580-3fe2-65a0-7447-ab7a1be8263b
2210;af18cc7a-fa8f-11e2-8e56-9f72c6160288;c302972c-06cc-9041-2c40-16d81b47ab18
2211 (lost);af18cc7a-fa8f-11e2-8e56-9f72c6160288;
2215;af18cc7a-fa8f-11e2-8e56-9f72c6160288;868034be-cd59-bed6-5783-35b9ca7fc11b
2217;af18cc7a-fa8f-11e2-8e56-9f72c6160288;37637c1f-6932-272e-a3af-427528582413
2218;af18cc7a-fa8f-11e2-8e56-9f72c6160288;708cf482-222d-f5b6-e748-f618bd340fec
2222;af18cc7a-fa8f-11e2-8e56-9f72c6160288;e5f671e5-f202-da2e-ed35-ced6ae60a355
2226;af18cc7a-fa8f-11e2-8e56-9f72c6160288;d17ed52e-bb3b-580d-a19b-64f2526aa222
2227;af18cc7a-fa8f-11e2-8e56-9f72c6160288;dcaf69ec-cd6e-a020-9c72-535545b42a4a
2228;af18cc7a-fa8f-11e2-8e56-9f72c6160288;3be1935e-ebde-a1bb-0863-8ddbcf4f60fa
2229;af18cc7a-fa8f-11e2-8e56-9f72c6160288;33aef335-b481-e4fe-c0af-a1f1becb6c16
222 (lost);af18cc7a-fa8f-11e2-8e56-9f72c6160288;
223;af18cc7a-fa8f-11e2-8e56-9f72c6160288;d46f2c6b-82a0-964e-0fbd-68ebb6575f72
2230;af18cc7a-fa8f-11e2-8e56-9f72c6160288;cbdf2fdd-ac0d-9897-8abc-1e9733562f92
2231;af18cc7a-fa8f-11e2-8e56-9f72c6160288;f0e6e320-1dcf-38c0-56e1-927e14156f31
2232;af18cc7a-fa8f-11e2-8e56-9f72c6160288;ea94badd-3902-db9f-13c7-a7954a6fee2a
2233;af18cc7a-fa8f-11e2-8e56-9f72c6160288;d16d240d-393d-d327-f5c9-1626880fbf53
2234;af18cc7a-fa8f-11e2-8e56-9f72c6160288;c8bc1bc6-03df-233c-a2f7-56c73abc3654
2236;af18cc7a-fa8f-11e2-8e56-9f72c6160288;f7f8cf41-20d8-a03b-9847-9ed0f101d100
2238;af18cc7a-fa8f-11e2-8e56-9f72c6160288;25aea147-3db7-e4b2-f18b-ab90f38dfd97
2239;af18cc7a-fa8f-11e2-8e56-9f72c6160288;23b0abb6-7c51-094e-d2d6-ced11649240c
224;af18cc7a-fa8f-11e2-8e56-9f72c6160288;f3940595-11b1-e324-f299-ba9ab04a6f30
225;af18cc7a-fa8f-11e2-8e56-9f72c6160288;7d3a94fe-0fe5-c566-4a35-cdfcb45bbe55
2250;af18cc7a-fa8f-11e2-8e56-9f72c6160288;dfe7e398-d459-2324-df75-f17943e71945
226;af18cc7a-fa8f-11e2-8e56-9f72c6160288;aae32bea-51cc-115d-c71a-faa3ec62627d
227;af18cc7a-fa8f-11e2-8e56-9f72c6160288;8dec5107-d96a-9581-a051-9b6d6876e7c1
228;af18cc7a-fa8f-11e2-8e56-9f72c6160288;10b5979f-0091-590f-df10-c36588d10a84
229;af18cc7a-fa8f-11e2-8e56-9f72c6160288;a088c09c-696e-b49f-72ea-8908db0a0385
230 (lost);af18cc7a-fa8f-11e2-8e56-9f72c6160288;f20be23d-05cc-0930-f851-76ce392cb105
231;af18cc7a-fa8f-11e2-8e56-9f72c6160288;bb96bd84-298b-d768-36cb-a08f6cdef110
2310;af18cc7a-fa8f-11e2-8e56-9f72c6160288;b2af4905-9bf5-e3fe-b5e3-b8efc12f3e70
2311;af18cc7a-fa8f-11e2-8e56-9f72c6160288;78379955-8a7c-a5f6-41c5-31529f53de0b
2312;af18cc7a-fa8f-11e2-8e56-9f72c6160288;fa1dc5d1-f39d-97b8-594a-8a04fdb45d1a
2313;af18cc7a-fa8f-11e2-8e56-9f72c6160288;fe3d9711-68f2-5ca9-c3a9-c2412efdc7c4
2314;af18cc7a-fa8f-11e2-8e56-9f72c6160288;1ec7c073-0f90-6fd0-8d81-c44876caf63a
2315;af18cc7a-fa8f-11e2-8e56-9f72c6160288;f04acc7f-60f5-1a7a-305e-db7d2e4fc6a1
2319;af18cc7a-fa8f-11e2-8e56-9f72c6160288;2b91e4e6-566f-f9dd-f87c-68523238c43f
232;af18cc7a-fa8f-11e2-8e56-9f72c6160288;2440f200-21c2-520f-445d-2515b3917541
2320A;af18cc7a-fa8f-11e2-8e56-9f72c6160288;af1427f2-8a24-f196-1836-8ac687a1e156
2320B;af18cc7a-fa8f-11e2-8e56-9f72c6160288;5148e70c-10a0-89f7-2cbd-50d73012f378
2331;af18cc7a-fa8f-11e2-8e56-9f72c6160288;cc1c380f-0c75-2c4d-d8c2-d185d9d9cc45
2335;af18cc7a-fa8f-11e2-8e56-9f72c6160288;6443fd24-7fa0-e60d-945a-817d23ac380d
2337;af18cc7a-fa8f-11e2-8e56-9f72c6160288;26378f53-c189-fe27-710c-427d45d3d298
2338;af18cc7a-fa8f-11e2-8e56-9f72c6160288;c3b330a7-1b2d-8680-f5a1-77e3b2589b68
233 (lost);af18cc7a-fa8f-11e2-8e56-9f72c6160288;
2340;af18cc7a-fa8f-11e2-8e56-9f72c6160288;7d09d4b7-d875-45fd-a10e-bf91fae690d7
2344;af18cc7a-fa8f-11e2-8e56-9f72c6160288;051beb20-dde0-a361-60fc-78cd371c6138
2345;af18cc7a-fa8f-11e2-8e56-9f72c6160288;90c7bb6d-9a4e-aa9f-c1d6-3a7e0e7061c6
2349;af18cc7a-fa8f-11e2-8e56-9f72c6160288;d36b99fc-c6a5-b50b-c5a4-90f2ea770de9
234 (lost);af18cc7a-fa8f-11e2-8e56-9f72c6160288;
235;af18cc7a-fa8f-11e2-8e56-9f72c6160288;4b0a0a7e-e627-881d-8142-14d1aa085882
2350;af18cc7a-fa8f-11e2-8e56-9f72c6160288;511df72d-42e0-9f5f-36e8-68a051aa73df
2354 (lost);af18cc7a-fa8f-11e2-8e56-9f72c6160288;36a63d17-7cae-f043-c5b0-f0dc62ef312b
2356;af18cc7a-fa8f-11e2-8e56-9f72c6160288;be48e0ad-4f52-7971-3041-56d89d9dff63
2357;af18cc7a-fa8f-11e2-8e56-9f72c6160288;226c4e3d-cd98-5954-0b09-04b9d55d82c2
2358;af18cc7a-fa8f-11e2-8e56-9f72c6160288;0a2277a3-328f-6648-2efd-8c2cbad36cb8
2359A;af18cc7a-fa8f-11e2-8e56-9f72c6160288;2b02f643-38f5-4fab-b2f7-5e1d8be0b058
2359B;af18cc7a-fa8f-11e2-8e56-9f72c6160288;aedbf2fa-2eca-707d-811b-29fa36757af8
236;af18cc7a-fa8f-11e2-8e56-9f72c6160288;ac98926f-5b52-9f3b-592b-c888d74852d2
2360;af18cc7a-fa8f-11e2-8e56-9f72c6160288;fbf9744f-b983-b668-9422-3eed94b20fc8
237A;af18cc7a-fa8f-11e2-8e56-9f72c6160288;aed09edd-4bfd-7781-56e9-3ebe423cfc3e
237B;af18cc7a-fa8f-11e2-8e56-9f72c6160288;7ceafa86-c08e-ad44-858d-90230b94f24b
238;af18cc7a-fa8f-11e2-8e56-9f72c6160288;c4930ab9-fa3e-dc26-80a8-aa0e609b1657
239;af18cc7a-fa8f-11e2-8e56-9f72c6160288;57aa0d98-937e-6535-5de3-73f5220da63c
2390;af18cc7a-fa8f-11e2-8e56-9f72c6160288;ad83b090-70e3-9d4f-ae7a-bd63cf4c7a04
2391;af18cc7a-fa8f-11e2-8e56-9f72c6160288;82105972-61fb-d1aa-6694-2b000169e3fe
2392 (lost);af18cc7a-fa8f-11e2-8e56-9f72c6160288;
2393;af18cc7a-fa8f-11e2-8e56-9f72c6160288;6f3c3187-e8fe-7b7a-d58d-90a8f987346e
2394 (lost);af18cc7a-fa8f-11e2-8e56-9f72c6160288;
240;af18cc7a-fa8f-11e2-8e56-9f72c6160288;a381faf6-63f4-81fe-6046-90657465ac76
241;af18cc7a-fa8f-11e2-8e56-9f72c6160288;ddd3eadf-4e16-1123-8e01-d3cbd4d8e84a
242;af18cc7a-fa8f-11e2-8e56-9f72c6160288;f2525406-35f4-a798-b174-51fb1a1a70c4
243;af18cc7a-fa8f-11e2-8e56-9f72c6160288;05cc6151-8ef2-9ac7-cdf8-f42273921817
2434;af18cc7a-fa8f-11e2-8e56-9f72c6160288;91252832-cf6b-5ceb-cb03-35e38bb913cb
2435;af18cc7a-fa8f-11e2-8e56-9f72c6160288;a90fe77f-335d-e36c-0ff5-55b551e7c988
2436;af18cc7a-fa8f-11e2-8e56-9f72c6160288;dd5ad859-8d1c-9987-39a9-8b5914facd8a
244;af18cc7a-fa8f-11e2-8e56-9f72c6160288;9522f745-dfca-4f26-8808-573da6c5980d
2442 (lost);af18cc7a-fa8f-11e2-8e56-9f72c6160288;7fe33483-50db-a2f7-4e3b-2e462b93e5ab
2443;af18cc7a-fa8f-11e2-8e56-9f72c6160288;0809c2cc-cdb9-9ed3-e3a7-e2189280740e
2444;af18cc7a-fa8f-11e2-8e56-9f72c6160288;0186a0ff-ced8-6a25-2668-06af169c8d29
245;af18cc7a-fa8f-11e2-8e56-9f72c6160288;1470babd-565a-f2db-ffde-72e36b006b9d
246;af18cc7a-fa8f-11e2-8e56-9f72c6160288;4d12d299-13fc-f6c7-f64f-3658f75aa4c6
247;af18cc7a-fa8f-11e2-8e56-9f72c6160288;01894a99-f6e9-0466-342a-f24add56c26d
2476;af18cc7a-fa8f-11e2-8e56-9f72c6160288;3c6240d8-2bd7-afc3-977e-5415ad50b1bc
2477;af18cc7a-fa8f-11e2-8e56-9f72c6160288;ceeac2f9-308b-bd6c-ede9-8d36be4deba9
2478 (lost);af18cc7a-fa8f-11e2-8e56-9f72c6160288;
2479 (lost);af18cc7a-fa8f-11e2-8e56-9f72c6160288;7306c70e-cb36-fa59-1466-63b48ec21dad
2482;af18cc7a-fa8f-11e2-8e56-9f72c6160288;fb8fa6c6-4f18-b92d-6688-1598df872f0c
2483;af18cc7a-fa8f-11e2-8e56-9f72c6160288;42034bbd-158a-5dc7-6b73-11dd63aacc9e
2485 (lost);af18cc7a-fa8f-11e2-8e56-9f72c6160288;166ba97c-586a-bdd8-5ca1-ef1546d51e8b
2486;af18cc7a-fa8f-11e2-8e56-9f72c6160288;97dd2032-bed0-ced9-3bbc-e2a59eebf784
2487;af18cc7a-fa8f-11e2-8e56-9f72c6160288;3cf24584-40b1-d675-0b2f-19b670d31a68
2489;af18cc7a-fa8f-11e2-8e56-9f72c6160288;5381e9a5-abf1-16c8-a1c3-c5002735144d
248A;af18cc7a-fa8f-11e2-8e56-9f72c6160288;1a6a48c6-0139-2cfd-6f26-63229fffb706
248B;af18cc7a-fa8f-11e2-8e56-9f72c6160288;cb430df3-8a13-da7c-6b85-eb37ebb37a9d
249;af18cc7a-fa8f-11e2-8e56-9f72c6160288;777365f9-4bb0-483d-5ecb-bdf02f48cc06
2490 (lost);af18cc7a-fa8f-11e2-8e56-9f72c6160288;e115ae1f-4185-2503-20b3-6879d0802325
2491;af18cc7a-fa8f-11e2-8e56-9f72c6160288;5be9aca3-941b-b522-daa2-ec5a94a1160d
2495;af18cc7a-fa8f-11e2-8e56-9f72c6160288;bcc9a880-7e9c-5e16-5480-1525da73662d
2496;af18cc7a-fa8f-11e2-8e56-9f72c6160288;2f218b97-0578-b10a-7da7-61b89d694092
250;af18cc7a-fa8f-11e2-8e56-9f72c6160288;1eb1a717-64b1-1b5d-3025-5a5ee899651a
2500;af18cc7a-fa8f-11e2-8e56-9f72c6160288;223e211c-5ee3-98a5-c539-b62b14258019
2501A;af18cc7a-fa8f-11e2-8e56-9f72c6160288;88f2e964-5c7c-b33b-ce93-0e75535b331e
2501(a-m);af18cc7a-fa8f-11e2-8e56-9f72c6160288;b83fd590-8bf6-e7b8-e93a-51c93a6aad82
2501B;af18cc7a-fa8f-11e2-8e56-9f72c6160288;96478f29-2aea-694d-3bc8-177df243da81
2501C;af18cc7a-fa8f-11e2-8e56-9f72c6160288;e83f2b56-4e90-db90-cce0-b07e54810b3e
2501D;af18cc7a-fa8f-11e2-8e56-9f72c6160288;77997902-034a-d263-6484-919bdfc12b96
2501E;af18cc7a-fa8f-11e2-8e56-9f72c6160288;8d4d0c8c-c34c-24d7-bc51-d1ea89d41da9
2501F;af18cc7a-fa8f-11e2-8e56-9f72c6160288;5198dbe9-9603-7dd1-bd16-e8f9f0038434
2501G;af18cc7a-fa8f-11e2-8e56-9f72c6160288;02e4b905-e18e-c1ce-0e71-31a266eb7c09
2501H;af18cc7a-fa8f-11e2-8e56-9f72c6160288;c16d7b48-670d-3e1b-e852-5198f156bc09
2501I;af18cc7a-fa8f-11e2-8e56-9f72c6160288;781ebe87-fbc5-7c3d-cde6-efe0e90ae502
2501J;af18cc7a-fa8f-11e2-8e56-9f72c6160288;6c94e749-5869-a86c-6f6b-133cef2c8d2c
2501K;af18cc7a-fa8f-11e2-8e56-9f72c6160288;92e25a45-5f77-4cb7-eb97-e1f482dcdfc6
2501L;af18cc7a-fa8f-11e2-8e56-9f72c6160288;fd8dc8ca-9d3e-a8b0-42fb-9aa460bda628
2501M;af18cc7a-fa8f-11e2-8e56-9f72c6160288;3dc4e165-c82f-4c67-84dc-bd41b3b6b423
2502;af18cc7a-fa8f-11e2-8e56-9f72c6160288;0034faba-d6f8-ab7a-eacb-e6bb6583a661
2503;af18cc7a-fa8f-11e2-8e56-9f72c6160288;47433051-2513-5b30-d2d6-7af74ad24139
2505;af18cc7a-fa8f-11e2-8e56-9f72c6160288;fefa1ca5-2be5-a783-bb27-6e7be6eff037
2506;af18cc7a-fa8f-11e2-8e56-9f72c6160288;30fcecf7-5839-1428-21de-2f33233170d5
2507A;af18cc7a-fa8f-11e2-8e56-9f72c6160288;6514c371-fa6c-df10-14e1-923b04ab7ed7
2507B;af18cc7a-fa8f-11e2-8e56-9f72c6160288;b19d8bb7-27fe-0344-4c9d-d0ae6a872ec3
2509;af18cc7a-fa8f-11e2-8e56-9f72c6160288;9742b2b0-7215-7209-a573-7b33d91bc826
251;af18cc7a-fa8f-11e2-8e56-9f72c6160288;2d714c1b-a064-e6e6-fc47-65238d504ed2
2514;af18cc7a-fa8f-11e2-8e56-9f72c6160288;1e840452-daff-ac98-23de-411862f6c175
2518;af18cc7a-fa8f-11e2-8e56-9f72c6160288;24f471f9-dc4b-4a05-f7bd-0d2b2d65bcc2
2519 (lost);af18cc7a-fa8f-11e2-8e56-9f72c6160288;e7dfb7eb-f826-ad6c-424b-ce89d0dc7e0e
252;af18cc7a-fa8f-11e2-8e56-9f72c6160288;b9886545-7547-2ef8-fcee-fd9bfd39c812
2525;af18cc7a-fa8f-11e2-8e56-9f72c6160288;e1c00b65-b969-419d-9130-b13fb973d57c
2526;af18cc7a-fa8f-11e2-8e56-9f72c6160288;a79327f2-3694-30f4-4b47-5f88271af4bb
2527;af18cc7a-fa8f-11e2-8e56-9f72c6160288;b7df644b-426a-afde-8db6-0f76d25d8731
2529;af18cc7a-fa8f-11e2-8e56-9f72c6160288;4ae6ad24-fd26-5038-8a00-e8e04232ebfb
253;af18cc7a-fa8f-11e2-8e56-9f72c6160288;24d017db-bff5-ec9d-9253-8e498234029a
2532;af18cc7a-fa8f-11e2-8e56-9f72c6160288;0830ef66-4109-d4c2-31c7-be008088bab7
2533;af18cc7a-fa8f-11e2-8e56-9f72c6160288;7f9ca63f-ac73-3d60-fae9-175bf867a192
2534;af18cc7a-fa8f-11e2-8e56-9f72c6160288;1e903158-f6df-97ed-8b76-536c777a4c56
2535;af18cc7a-fa8f-11e2-8e56-9f72c6160288;1aa76bb5-544a-ab61-f17d-779bd6444d57
2536;af18cc7a-fa8f-11e2-8e56-9f72c6160288;3f8acf03-7878-d492-c1f1-06be455f2773
2537;af18cc7a-fa8f-11e2-8e56-9f72c6160288;c8953775-4017-8cda-e0c7-59d353479459
2538;af18cc7a-fa8f-11e2-8e56-9f72c6160288;d8a764b0-ecef-6849-a5f3-224e632ade4c
2540;af18cc7a-fa8f-11e2-8e56-9f72c6160288;2b338325-71b8-d3f2-2800-a4f1e30214a5
2543;af18cc7a-fa8f-11e2-8e56-9f72c6160288;210f93c1-d8f3-bd66-ba47-9cbe904be39f
2544;af18cc7a-fa8f-11e2-8e56-9f72c6160288;de936850-4348-7f5a-8e1b-2bcc7b6bfca5
2546A;af18cc7a-fa8f-11e2-8e56-9f72c6160288;1e94b4c9-a5e1-c7d4-2cd6-008ec8c61259
2546B;af18cc7a-fa8f-11e2-8e56-9f72c6160288;9d7c1d7e-155e-a26c-5a8e-e6656d3f49f6
2546C;af18cc7a-fa8f-11e2-8e56-9f72c6160288;b576ecf3-e2ed-930f-305a-81fd155bdd5e
2546D;af18cc7a-fa8f-11e2-8e56-9f72c6160288;4d7f4655-d5cb-e293-79b1-3066c42bee69
2547-1;af18cc7a-fa8f-11e2-8e56-9f72c6160288;bea9551a-5f01-5dbc-a575-084a76a76b84
2547-10;af18cc7a-fa8f-11e2-8e56-9f72c6160288;08aff7bb-7027-3fa4-704a-d61876002972
2547-11;af18cc7a-fa8f-11e2-8e56-9f72c6160288;447a6246-1e3b-52fd-ec52-4d8868cfd9fa
2547-12;af18cc7a-fa8f-11e2-8e56-9f72c6160288;69c395fe-0d42-78fa-bf49-c0ebbdb610c0
2547-13;af18cc7a-fa8f-11e2-8e56-9f72c6160288;aa07707f-c4f5-2abc-644f-9a488ae1a125
2547-14;af18cc7a-fa8f-11e2-8e56-9f72c6160288;35b05b1f-f744-be18-7eb4-0f16de6d9011
2547-2;af18cc7a-fa8f-11e2-8e56-9f72c6160288;06243e1e-b26e-1a8e-f059-f2aef292958d
2547-3;af18cc7a-fa8f-11e2-8e56-9f72c6160288;cc879d01-4a3f-e6f9-22c5-f3c83598dd93
2547-4;af18cc7a-fa8f-11e2-8e56-9f72c6160288;a32a0377-625c-9b32-7e9d-2c3091a39603
2547-5;af18cc7a-fa8f-11e2-8e56-9f72c6160288;d09cdf82-fc63-73d8-e023-9dada4e98c70
2547-6;af18cc7a-fa8f-11e2-8e56-9f72c6160288;a52d7b6a-9fd6-34c7-7540-b0ee526da1a9
2547-7;af18cc7a-fa8f-11e2-8e56-9f72c6160288;fd01fead-c37b-528f-e6c2-e442f91d19d4
2547-8;af18cc7a-fa8f-11e2-8e56-9f72c6160288;8a7873b0-9650-1abf-e76d-d3c5fe79e1cb
2547-9;af18cc7a-fa8f-11e2-8e56-9f72c6160288;d40768b3-bb0c-6f33-4df2-46181895dd7d
2549 (lost);af18cc7a-fa8f-11e2-8e56-9f72c6160288;
254A;af18cc7a-fa8f-11e2-8e56-9f72c6160288;02deb240-e74f-5960-9389-d78799756b32
254B;af18cc7a-fa8f-11e2-8e56-9f72c6160288;88cc200e-816a-7216-2ac0-08b2097be9de
2550;af18cc7a-fa8f-11e2-8e56-9f72c6160288;65fa4a8e-6cf7-8783-b2a7-7b676e0bd8f3
2551;af18cc7a-fa8f-11e2-8e56-9f72c6160288;f08a48a0-9a02-9a41-8c40-ef046855ac0d
2552;af18cc7a-fa8f-11e2-8e56-9f72c6160288;3f56652e-6701-3406-65fc-c4cacae9dd9a
2553;af18cc7a-fa8f-11e2-8e56-9f72c6160288;bfb69e8b-67dc-e4b3-1128-f2cf343fa97c
2554;af18cc7a-fa8f-11e2-8e56-9f72c6160288;1de17592-9399-d450-aec0-1559fb074562
2555;af18cc7a-fa8f-11e2-8e56-9f72c6160288;16fd9c0b-7a23-4806-806e-a67267455f9f
2557;af18cc7a-fa8f-11e2-8e56-9f72c6160288;38ad3553-f2c4-bdc4-83f7-34169b18f44a
2558;af18cc7a-fa8f-11e2-8e56-9f72c6160288;f06df830-00e7-bb63-8f2f-225f7bdeb653
2559;af18cc7a-fa8f-11e2-8e56-9f72c6160288;a373fda2-fef2-3dc3-aade-0635449641da
255A (lost);af18cc7a-fa8f-11e2-8e56-9f72c6160288;
255B (lost);af18cc7a-fa8f-11e2-8e56-9f72c6160288;
256;af18cc7a-fa8f-11e2-8e56-9f72c6160288;545131db-c567-91e7-eedb-a62a7c91783d
2560;af18cc7a-fa8f-11e2-8e56-9f72c6160288;602e077e-780f-07d5-f8f5-78759e575d9f
257;af18cc7a-fa8f-11e2-8e56-9f72c6160288;d9981b39-6a6a-79e1-0682-c6cae226ec2d
258;af18cc7a-fa8f-11e2-8e56-9f72c6160288;6d7683dd-f7be-7912-e214-d720a5031098
259 (lost);af18cc7a-fa8f-11e2-8e56-9f72c6160288;
261;af18cc7a-fa8f-11e2-8e56-9f72c6160288;eb0ec209-fd47-7c1e-040e-cce88891d08d
262;af18cc7a-fa8f-11e2-8e56-9f72c6160288;e88a43b4-0977-f517-580d-ed8af20bdf3d
2627 (lost);af18cc7a-fa8f-11e2-8e56-9f72c6160288;
2628;af18cc7a-fa8f-11e2-8e56-9f72c6160288;d9bc1233-abd4-7063-9101-018270737491
263;af18cc7a-fa8f-11e2-8e56-9f72c6160288;9ee3ded2-b6db-da76-ead1-ae93e087ec3d
2639;af18cc7a-fa8f-11e2-8e56-9f72c6160288;3592f3c6-4eb0-5137-9b52-5e60f9a72613
264;af18cc7a-fa8f-11e2-8e56-9f72c6160288;253c7863-d5f5-0b60-f62e-3e296ae3c40a
2645;af18cc7a-fa8f-11e2-8e56-9f72c6160288;3daca6d7-6fa0-e5ec-62b3-fe2b64749aba
2648;af18cc7a-fa8f-11e2-8e56-9f72c6160288;24d3d01c-8e6e-80a1-6858-31f469702a64
2649 (lost);af18cc7a-fa8f-11e2-8e56-9f72c6160288;
2650;af18cc7a-fa8f-11e2-8e56-9f72c6160288;9fd3a540-c9a9-c70c-05d2-c5b3950b7773
2652;af18cc7a-fa8f-11e2-8e56-9f72c6160288;0b7e5d3c-3c22-230b-8a05-528ed124d593
266;af18cc7a-fa8f-11e2-8e56-9f72c6160288;e130dc4d-f819-e813-c29e-fa31d4ba6815
2667;af18cc7a-fa8f-11e2-8e56-9f72c6160288;80b21eb5-c5b7-e006-a571-cc8d5998981b
267;af18cc7a-fa8f-11e2-8e56-9f72c6160288;948cc5aa-44ca-05b5-fa29-b1354adc2731
268;af18cc7a-fa8f-11e2-8e56-9f72c6160288;8754e9a8-d4cd-39ed-862d-9f7d3efc942e
269;af18cc7a-fa8f-11e2-8e56-9f72c6160288;bd016fc7-78a3-2be8-b3c8-6985f875c918
2690;af18cc7a-fa8f-11e2-8e56-9f72c6160288;ee6fe6eb-7d99-1020-39bc-c4d82f4e6d87
2691;af18cc7a-fa8f-11e2-8e56-9f72c6160288;88c078e7-671c-3368-e442-17787c7128f3
2695;af18cc7a-fa8f-11e2-8e56-9f72c6160288;9b4325fb-602c-edf5-4454-e1b64c9625e3
2696 (lost);af18cc7a-fa8f-11e2-8e56-9f72c6160288;
2699;af18cc7a-fa8f-11e2-8e56-9f72c6160288;cf9868e0-7e4f-4a45-314a-e6755161629d
270;af18cc7a-fa8f-11e2-8e56-9f72c6160288;ecff05f0-cf86-c1d6-8f22-854218648dac
271A;af18cc7a-fa8f-11e2-8e56-9f72c6160288;82969379-ef41-da7a-9c08-511659ed31ad
271B;af18cc7a-fa8f-11e2-8e56-9f72c6160288;4dd4f851-08fd-5f87-a53f-5e8bb00c9a9d
272;af18cc7a-fa8f-11e2-8e56-9f72c6160288;c25e800b-8f90-ff84-ffc8-e2e25b1b36bf
2725;af18cc7a-fa8f-11e2-8e56-9f72c6160288;49f9d6c0-caa2-cfec-15d3-85866416768d
273;af18cc7a-fa8f-11e2-8e56-9f72c6160288;e6ba6540-1b5e-9f50-6842-1b5599edc2c8
2754;af18cc7a-fa8f-11e2-8e56-9f72c6160288;c6476b96-5970-fe14-222d-14ad4e5796ee
2755;af18cc7a-fa8f-11e2-8e56-9f72c6160288;0f0d2fc1-7eaf-9c02-532e-bb5a86ecdf4a
2756;af18cc7a-fa8f-11e2-8e56-9f72c6160288;7c6bd256-6eef-9072-d8b3-ce9e75db395b
2757;af18cc7a-fa8f-11e2-8e56-9f72c6160288;d2b5219a-c816-eda6-0b1d-0055cbcdf81b
2778;af18cc7a-fa8f-11e2-8e56-9f72c6160288;4ce0de29-45e8-a765-e7c4-1fc26d2c06ba
2781;af18cc7a-fa8f-11e2-8e56-9f72c6160288;be3cb84e-5acb-3a3b-4eaa-c1881ca1e106
2793;af18cc7a-fa8f-11e2-8e56-9f72c6160288;b71447f6-0f23-5faa-27d6-ce3586fbad99
2796;af18cc7a-fa8f-11e2-8e56-9f72c6160288;7fb1265a-b4a0-4e91-2bb5-846df3802f87
288;af18cc7a-fa8f-11e2-8e56-9f72c6160288;4ac3b960-e739-9b65-0405-2139b1833bf7
2885;af18cc7a-fa8f-11e2-8e56-9f72c6160288;f4a79f7e-d5c0-ff2e-4abc-30edc239939c
2886;af18cc7a-fa8f-11e2-8e56-9f72c6160288;be876d1a-b9cf-6b83-4e12-f470af2cbbbf
2887;af18cc7a-fa8f-11e2-8e56-9f72c6160288;5dd4e662-4ec2-e7c6-fdad-f645c520437d
2889;af18cc7a-fa8f-11e2-8e56-9f72c6160288;f7458a10-b896-411f-a02a-2321814914ec
2890;af18cc7a-fa8f-11e2-8e56-9f72c6160288;63edf46f-d63f-91ca-9f4b-74a5453bdd7c
2891;af18cc7a-fa8f-11e2-8e56-9f72c6160288;c99c5e0f-82de-d977-8db7-59ce04224c22
2893;af18cc7a-fa8f-11e2-8e56-9f72c6160288;c5b264b1-8f9a-92d1-bae0-3b7d3cbb81f1
2894;af18cc7a-fa8f-11e2-8e56-9f72c6160288;196f53aa-b1a3-5507-2979-af946e83c7a5
2896;af18cc7a-fa8f-11e2-8e56-9f72c6160288;b7090491-3ff9-aff0-5980-a6606ef30abc
289 (lost);af18cc7a-fa8f-11e2-8e56-9f72c6160288;
29;af18cc7a-fa8f-11e2-8e56-9f72c6160288;2bb7772c-bc2e-d5f8-7c9c-34e5940f9c60
2903;af18cc7a-fa8f-11e2-8e56-9f72c6160288;57cf4c26-4e79-aeaa-4406-3ea6fba41736
2905 (lost);af18cc7a-fa8f-11e2-8e56-9f72c6160288;
2969;af18cc7a-fa8f-11e2-8e56-9f72c6160288;9ffb17d7-a4ab-ce7a-95e2-f3d366fdd6cb
2970A;af18cc7a-fa8f-11e2-8e56-9f72c6160288;77235b0c-65f2-634a-2495-41290f20cda3
2970B;af18cc7a-fa8f-11e2-8e56-9f72c6160288;5a1a80e3-a842-e8ae-c131-6018730933c2
2972;af18cc7a-fa8f-11e2-8e56-9f72c6160288;7ccafedd-916a-4874-faea-38ddb5e901bf
2973;af18cc7a-fa8f-11e2-8e56-9f72c6160288;0a5bb7de-ac29-84e5-ef2b-74505956018f
2994;af18cc7a-fa8f-11e2-8e56-9f72c6160288;fcaa9985-11da-ed93-224f-bf6c99879d5f
2995;af18cc7a-fa8f-11e2-8e56-9f72c6160288;453f356f-6a35-d52b-ad3f-c2e4212c4429
2996;af18cc7a-fa8f-11e2-8e56-9f72c6160288;e43714e2-4c81-794a-1ecd-2c4d30ef9ef5
2997A;af18cc7a-fa8f-11e2-8e56-9f72c6160288;1cb997cc-1d8a-09b3-73ce-4cd8026e742a
2997B;af18cc7a-fa8f-11e2-8e56-9f72c6160288;25a4ef0b-8862-5a1f-1ee3-438045e61d72
2997C;af18cc7a-fa8f-11e2-8e56-9f72c6160288;7a992fc2-4cf3-04fd-e7a6-614cb4519f73
2997D;af18cc7a-fa8f-11e2-8e56-9f72c6160288;eab703c0-f9f2-3034-21f0-0f08ae414ac6
2997E;af18cc7a-fa8f-11e2-8e56-9f72c6160288;f1fb0f24-13f5-4404-134d-51b7bd437f6f
2997F;af18cc7a-fa8f-11e2-8e56-9f72c6160288;358c8236-1d32-cfb9-f907-68e721b4fb57
2997G;af18cc7a-fa8f-11e2-8e56-9f72c6160288;8be3e6c2-abf8-3e37-37a1-0bad7b17e437
2997H;af18cc7a-fa8f-11e2-8e56-9f72c6160288;46c1f25d-4eb8-3189-a03f-c03dff195e0c
2A;af18cc7a-fa8f-11e2-8e56-9f72c6160288;30ad8c70-c3a7-9053-7529-30600dc761aa
2B;af18cc7a-fa8f-11e2-8e56-9f72c6160288;48dc3ae1-961c-1d5f-0113-2d467804d317
3016;af18cc7a-fa8f-11e2-8e56-9f72c6160288;b804994b-2e3b-fbe7-b758-36454bea50ce
3017;af18cc7a-fa8f-11e2-8e56-9f72c6160288;5fb4a942-c133-0c83-e7e7-91695d6efe02
3018;af18cc7a-fa8f-11e2-8e56-9f72c6160288;48323b98-cf5d-ede3-a42c-bb52332ad44b
3019;af18cc7a-fa8f-11e2-8e56-9f72c6160288;2ecdf887-f7a9-90e4-6369-dd1450627502
302;af18cc7a-fa8f-11e2-8e56-9f72c6160288;355c6d81-ad2f-a50c-80a5-d5f447afbc53
3020;af18cc7a-fa8f-11e2-8e56-9f72c6160288;0e386d5d-7d02-466a-a227-8085968c136d
3021 (lost);af18cc7a-fa8f-11e2-8e56-9f72c6160288;
3022 (lost);af18cc7a-fa8f-11e2-8e56-9f72c6160288;
3026;af18cc7a-fa8f-11e2-8e56-9f72c6160288;c6bb827a-e36d-e3fa-41f0-fa7975912d05
3027;af18cc7a-fa8f-11e2-8e56-9f72c6160288;a0209e19-b435-dcb7-e792-56f7407a0c41
3028;af18cc7a-fa8f-11e2-8e56-9f72c6160288;eb355cb0-ff75-795a-89ae-4f9404382b9b
3029;af18cc7a-fa8f-11e2-8e56-9f72c6160288;f8ccfe34-0f94-e230-3771-53a84e4f6a95
303;af18cc7a-fa8f-11e2-8e56-9f72c6160288;4d3be184-bbac-8364-ed26-57a363132cc7
3031A;af18cc7a-fa8f-11e2-8e56-9f72c6160288;aba8d114-d3b5-a003-1a84-d9a324a87cb9
3031B;af18cc7a-fa8f-11e2-8e56-9f72c6160288;c5513bd7-729c-2f95-1c09-3980406268ea
3032;af18cc7a-fa8f-11e2-8e56-9f72c6160288;eed253fc-6ce9-fd50-bfc6-3406e826aa4a
3033A;af18cc7a-fa8f-11e2-8e56-9f72c6160288;55901286-dca3-c0a6-e7c3-6be32b7abb27
3033B;af18cc7a-fa8f-11e2-8e56-9f72c6160288;9f07abda-08fd-f28c-2f29-1c2925c21b46
3033C;af18cc7a-fa8f-11e2-8e56-9f72c6160288;1c933e93-6ba5-7da0-c80c-f95e4b80ef69
3033D;af18cc7a-fa8f-11e2-8e56-9f72c6160288;49c324a3-a369-ff59-5495-db56cf995fae
3033E;af18cc7a-fa8f-11e2-8e56-9f72c6160288;0a78cd71-f647-cb15-d406-351d416a9a5e
3033G (lost);af18cc7a-fa8f-11e2-8e56-9f72c6160288;
3036;af18cc7a-fa8f-11e2-8e56-9f72c6160288;10cdea00-1bf3-bc71-1f6d-eff11e888dfa
3037;af18cc7a-fa8f-11e2-8e56-9f72c6160288;b83b5f18-b84b-9017-d353-667808dea47e
3038;af18cc7a-fa8f-11e2-8e56-9f72c6160288;170d71cf-e5d9-4ff4-ff5a-1d815bf75c64
3039;af18cc7a-fa8f-11e2-8e56-9f72c6160288;1089d424-152f-7d6a-421b-25bb82e0d3ed
304;af18cc7a-fa8f-11e2-8e56-9f72c6160288;6bf4a3ea-e9e8-924d-a433-3a023695c73d
307;af18cc7a-fa8f-11e2-8e56-9f72c6160288;d867db5b-d44d-adc2-d549-86fb5a225392
3071;af18cc7a-fa8f-11e2-8e56-9f72c6160288;c570e82f-7a3f-9ebf-b468-8a31587db158
3072;af18cc7a-fa8f-11e2-8e56-9f72c6160288;c9174eec-c276-1c67-4c49-b2a51f9e650b
3074;af18cc7a-fa8f-11e2-8e56-9f72c6160288;b4e8517b-eec0-d4a4-fe1f-23db62259b14
3080;af18cc7a-fa8f-11e2-8e56-9f72c6160288;d29422d1-124e-8c06-ccd9-76f2c1f6a9b0
3081;af18cc7a-fa8f-11e2-8e56-9f72c6160288;8adc58d6-2569-e48e-061d-cd9eb52bc837
3082;af18cc7a-fa8f-11e2-8e56-9f72c6160288;d350cebb-b974-2a68-66a4-1a38536875f2
3083;af18cc7a-fa8f-11e2-8e56-9f72c6160288;f7822c1b-0cba-6afb-87b0-9fff8b8d8717
3084;af18cc7a-fa8f-11e2-8e56-9f72c6160288;9da94ea6-a3b0-bdb3-550a-3690d4de1a7f
3085;af18cc7a-fa8f-11e2-8e56-9f72c6160288;1ad0f02c-e316-5134-0d65-0347a1f984d1
3086;af18cc7a-fa8f-11e2-8e56-9f72c6160288;6d5f1eb1-acd5-2489-e061-c0f09b80cf74
3087;af18cc7a-fa8f-11e2-8e56-9f72c6160288;4197d3f9-c069-64a0-1066-d6bf2fc00f27
3088;af18cc7a-fa8f-11e2-8e56-9f72c6160288;d489aa4e-eda6-e0a8-52a1-9cc841b66a47
3089;af18cc7a-fa8f-11e2-8e56-9f72c6160288;bb1681a7-4d50-e4d6-129f-bb592d82959c
3090;af18cc7a-fa8f-11e2-8e56-9f72c6160288;353f073c-8f8c-c412-93d6-ff3cd66c4482
3091;af18cc7a-fa8f-11e2-8e56-9f72c6160288;f823eecc-372a-f042-0dc6-0cee6594c906
3092;af18cc7a-fa8f-11e2-8e56-9f72c6160288;8b6d2405-330c-7aec-b880-4901a0c85963
3093;af18cc7a-fa8f-11e2-8e56-9f72c6160288;5fb6662e-4051-42da-888b-971e7c60a2ae
3094;af18cc7a-fa8f-11e2-8e56-9f72c6160288;fddeabfb-2da8-a2c0-970c-44558855602d
3095;af18cc7a-fa8f-11e2-8e56-9f72c6160288;fbc596ad-3197-693c-8035-9b0d15fbdb1d
3097;af18cc7a-fa8f-11e2-8e56-9f72c6160288;4df721e6-d343-2476-3fa4-175285c8c4cd
3105 (lost);af18cc7a-fa8f-11e2-8e56-9f72c6160288;
3109;af18cc7a-fa8f-11e2-8e56-9f72c6160288;aa3f57cd-7d5d-ddd4-7b6f-09e5cb5e0402
3112;af18cc7a-fa8f-11e2-8e56-9f72c6160288;179e76c6-b4ad-cb5d-72d8-1a2e56e95f36
3124;af18cc7a-fa8f-11e2-8e56-9f72c6160288;02128787-adc3-b165-3d07-59fe9864a4a5
3125;af18cc7a-fa8f-11e2-8e56-9f72c6160288;56c3df24-9eec-e8b7-2ce3-df7971e16ecf
3128;af18cc7a-fa8f-11e2-8e56-9f72c6160288;cbec4fef-2643-9131-df7f-12e9c963bee4
315;af18cc7a-fa8f-11e2-8e56-9f72c6160288;4868c7e3-edd4-af25-a49d-320001b8f2cb
33;af18cc7a-fa8f-11e2-8e56-9f72c6160288;a97110fe-c66a-3d16-08a2-c26aec8dcd9f
337;af18cc7a-fa8f-11e2-8e56-9f72c6160288;a436d576-f178-697b-c795-cfda4b0e7eff
338A;af18cc7a-fa8f-11e2-8e56-9f72c6160288;95c5a297-8ddf-027e-1d8c-c206e818b2ed
338B;af18cc7a-fa8f-11e2-8e56-9f72c6160288;ecfed6b4-1c16-92e8-75f6-7b3f2ecd6540
339;af18cc7a-fa8f-11e2-8e56-9f72c6160288;56238a26-b6ed-4deb-91f4-05fb479b781f
34;af18cc7a-fa8f-11e2-8e56-9f72c6160288;4dd289f1-7f0a-851b-5331-8f75a1bc15f4
3403;af18cc7a-fa8f-11e2-8e56-9f72c6160288;63987a40-39e9-bf64-e575-f15c2697189f
3404 (lost);af18cc7a-fa8f-11e2-8e56-9f72c6160288;
3408;af18cc7a-fa8f-11e2-8e56-9f72c6160288;408a847f-fe54-d6d8-5013-45737fb8b8c4
341;af18cc7a-fa8f-11e2-8e56-9f72c6160288;f4ad4c57-c037-e721-44e4-8bea13167169
3413;af18cc7a-fa8f-11e2-8e56-9f72c6160288;e5abb53a-e920-5381-fed2-7d320713ffc6
3423;af18cc7a-fa8f-11e2-8e56-9f72c6160288;c94c0b0c-53fb-5134-a26f-99f7d357306e
3424A;af18cc7a-fa8f-11e2-8e56-9f72c6160288;7b6a2dfa-857c-a4c1-dbba-8f269df3a894
3424B;af18cc7a-fa8f-11e2-8e56-9f72c6160288;75daa107-d35d-93d4-71e7-6c05cc3a34e8
3424C;af18cc7a-fa8f-11e2-8e56-9f72c6160288;bfb7ca3f-3a15-c1d8-704e-d9102e44a30d
3424D;af18cc7a-fa8f-11e2-8e56-9f72c6160288;899d2bbd-f175-cb87-73f8-118728c29bc7
3425;af18cc7a-fa8f-11e2-8e56-9f72c6160288;9e424a8c-afe1-7aeb-5341-bc16bec20f7d
3426 (lost);af18cc7a-fa8f-11e2-8e56-9f72c6160288;
3427;af18cc7a-fa8f-11e2-8e56-9f72c6160288;208f640f-a758-b6ec-cd39-a21581a65cc0
3428;af18cc7a-fa8f-11e2-8e56-9f72c6160288;8c7c2356-7af3-f044-b9e0-c22938a015d6
342A;af18cc7a-fa8f-11e2-8e56-9f72c6160288;25abd29f-132a-1387-0271-b815eec3019d
342B;af18cc7a-fa8f-11e2-8e56-9f72c6160288;a67d6fad-3f02-b90d-406d-14542b9cf60f
3435 (lost);af18cc7a-fa8f-11e2-8e56-9f72c6160288;
3440;af18cc7a-fa8f-11e2-8e56-9f72c6160288;f8e53d4b-79e3-cc07-6548-aeb4c49e6649
3441;af18cc7a-fa8f-11e2-8e56-9f72c6160288;0c895ec0-91e4-815e-9853-e2258d5bb2eb
3442;af18cc7a-fa8f-11e2-8e56-9f72c6160288;48258e48-7161-0e48-4d9b-07301f272e22
3447;af18cc7a-fa8f-11e2-8e56-9f72c6160288;b426a178-e154-a743-9583-b7d628b9aa45
3450;af18cc7a-fa8f-11e2-8e56-9f72c6160288;cf0e0aef-b3e3-5fdb-5b4f-ef535cabfe00
3451;af18cc7a-fa8f-11e2-8e56-9f72c6160288;98cc0285-ff95-ee22-8f43-745d853be1fd
3452;af18cc7a-fa8f-11e2-8e56-9f72c6160288;88b0a399-0ac9-6a77-be55-5720af500174
3453;af18cc7a-fa8f-11e2-8e56-9f72c6160288;b5daa7dd-e5e3-4a30-4155-fd3f293f78d4
3454;af18cc7a-fa8f-11e2-8e56-9f72c6160288;2557ce95-86c4-5343-f359-5e61f2903e74
3455;af18cc7a-fa8f-11e2-8e56-9f72c6160288;00a565b4-2d5d-4e08-7b22-7c673a5d771b
3457;af18cc7a-fa8f-11e2-8e56-9f72c6160288;4bdcedbb-dcbf-6816-74f4-0f52e8656d93
3458;af18cc7a-fa8f-11e2-8e56-9f72c6160288;b78fa99d-cf9a-f05c-2fd5-045b2fcdae03
3459;af18cc7a-fa8f-11e2-8e56-9f72c6160288;c3f8e80a-eec3-7951-3ef9-c84ad9418aac
3460;af18cc7a-fa8f-11e2-8e56-9f72c6160288;e9191285-0282-8d14-e88e-b7e84c8f4e76
3461;af18cc7a-fa8f-11e2-8e56-9f72c6160288;c9759510-6351-5edc-61b9-19482997a88a
3463;af18cc7a-fa8f-11e2-8e56-9f72c6160288;9de6b0bf-4fec-c825-02db-5d32cba86c5e
3476;af18cc7a-fa8f-11e2-8e56-9f72c6160288;6e033beb-5a9f-2429-a735-c327b182bc34
3485;af18cc7a-fa8f-11e2-8e56-9f72c6160288;e3c42e9b-9615-aa12-dbd0-2a1c6a2ceb53
3486 (lost);af18cc7a-fa8f-11e2-8e56-9f72c6160288;
3487;af18cc7a-fa8f-11e2-8e56-9f72c6160288;5d19ac97-fe3f-4a95-f2f8-45f97b0eb671
3488;af18cc7a-fa8f-11e2-8e56-9f72c6160288;4c901ee2-a485-9813-4a12-2df89e5ceb9e
3489 (lost);af18cc7a-fa8f-11e2-8e56-9f72c6160288;
3492;af18cc7a-fa8f-11e2-8e56-9f72c6160288;04d68737-a985-cbf0-15b6-206a88948120
3493 (lost);af18cc7a-fa8f-11e2-8e56-9f72c6160288;
3504;af18cc7a-fa8f-11e2-8e56-9f72c6160288;a80f5930-9ace-d31b-c9ed-20a657f4d155
3506;af18cc7a-fa8f-11e2-8e56-9f72c6160288;94dc0b03-0aa4-6692-da9d-f7a15d5fdeb7
3509;af18cc7a-fa8f-11e2-8e56-9f72c6160288;182194dc-ad49-e0aa-879e-5c34cdf984d8
3510;af18cc7a-fa8f-11e2-8e56-9f72c6160288;04c2cd42-07b4-ea91-e3ab-0e4a94607e1d
3512;af18cc7a-fa8f-11e2-8e56-9f72c6160288;0eeb3d85-907a-2d7f-eb7d-6d0a9e3ea654
3513;af18cc7a-fa8f-11e2-8e56-9f72c6160288;b0ef4706-8fb1-bfae-7f87-9ecfe6fa05dd
3514;af18cc7a-fa8f-11e2-8e56-9f72c6160288;a828c462-e563-04f7-df71-d2ab16b85439
3523;af18cc7a-fa8f-11e2-8e56-9f72c6160288;e2eb40f3-ac9b-4ea5-47a6-a0654c32dffb
3524;af18cc7a-fa8f-11e2-8e56-9f72c6160288;9478149c-2a23-787d-5bd1-3cf7a92a537e
3525;af18cc7a-fa8f-11e2-8e56-9f72c6160288;accf3dca-3261-80e1-1198-7ba72001e1fd
3530;af18cc7a-fa8f-11e2-8e56-9f72c6160288;810a38b4-6ccb-e180-c68b-261c2ca21284
3531;af18cc7a-fa8f-11e2-8e56-9f72c6160288;51c602ab-900c-3510-fa34-ccb97acfe74d
3532;af18cc7a-fa8f-11e2-8e56-9f72c6160288;59d57b91-549c-8bdb-a096-d143938d289e
3535;af18cc7a-fa8f-11e2-8e56-9f72c6160288;8810d05d-a2b0-0793-24ff-7585b5564877
3537;af18cc7a-fa8f-11e2-8e56-9f72c6160288;b239d1fa-d7b9-cf65-bc1e-9f13269367fd
3543;af18cc7a-fa8f-11e2-8e56-9f72c6160288;c6b7e682-4f5d-02ae-f9bf-0aa0116281ac
3544;af18cc7a-fa8f-11e2-8e56-9f72c6160288;02a43ed0-8242-14f4-be81-826f9c092aa4
3545A;af18cc7a-fa8f-11e2-8e56-9f72c6160288;14c104cd-581b-27ce-d030-9d2d888caf67
3545B;af18cc7a-fa8f-11e2-8e56-9f72c6160288;0f0b7a00-7e59-b042-7dc5-2304062255ab
3545C;af18cc7a-fa8f-11e2-8e56-9f72c6160288;a2a8accd-cd01-e546-fe73-350cc123c176
3549A;af18cc7a-fa8f-11e2-8e56-9f72c6160288;2d3f56a8-20aa-7a8d-4b18-ceb495f889d0
3549B;af18cc7a-fa8f-11e2-8e56-9f72c6160288;10bc6577-6320-0218-46df-f0ba3d40a7cb
3552;af18cc7a-fa8f-11e2-8e56-9f72c6160288;1b5c0cbd-32bd-e938-efb5-d1f8911da362
3553;af18cc7a-fa8f-11e2-8e56-9f72c6160288;4d5aa76e-7121-71cc-440a-4e5817ecb11e
3554;af18cc7a-fa8f-11e2-8e56-9f72c6160288;510258b2-8998-8aed-6ae2-910d471e4097
3556A;af18cc7a-fa8f-11e2-8e56-9f72c6160288;97239602-c161-b2c6-49f7-d492926d2315
3556B;af18cc7a-fa8f-11e2-8e56-9f72c6160288;c1e60b74-3d3a-3cc1-fcf9-480b5c2b2467
3562;af18cc7a-fa8f-11e2-8e56-9f72c6160288;85ba1f9f-0e8b-5a94-c032-ef4178b06520
3564;af18cc7a-fa8f-11e2-8e56-9f72c6160288;3d208d07-2ab8-22a3-c940-3c903af2a355
3576;af18cc7a-fa8f-11e2-8e56-9f72c6160288;cd543ff7-0c05-8142-7e21-f5394532e8db
3577;af18cc7a-fa8f-11e2-8e56-9f72c6160288;d55c988c-549d-4e76-d68b-09affefb7e92
3579;af18cc7a-fa8f-11e2-8e56-9f72c6160288;fc10ccd4-4e01-a1c5-9ff5-50e349a1a221
3599;af18cc7a-fa8f-11e2-8e56-9f72c6160288;5fdc0124-f8cc-9145-2c9e-6418dbf5c2ea
35 (lost);af18cc7a-fa8f-11e2-8e56-9f72c6160288;
36;af18cc7a-fa8f-11e2-8e56-9f72c6160288;21db3424-6d78-4bda-dbc1-6f8879bc0972
3600;af18cc7a-fa8f-11e2-8e56-9f72c6160288;c6a812b5-3732-c69e-a921-de89e611c7ab
3601;af18cc7a-fa8f-11e2-8e56-9f72c6160288;d03b819e-a212-0138-5ff0-342c091d4915
3602;af18cc7a-fa8f-11e2-8e56-9f72c6160288;d4e66481-bba1-ce71-faef-576e62555fd2
3629;af18cc7a-fa8f-11e2-8e56-9f72c6160288;77a839b4-cbd4-4d56-5aea-76c03616c27c
3630;af18cc7a-fa8f-11e2-8e56-9f72c6160288;73b17ae5-62a3-770d-fba0-668d67fad785
3634;af18cc7a-fa8f-11e2-8e56-9f72c6160288;25e80d9c-7302-cc85-c49b-ac7c2a316ecb
3635;af18cc7a-fa8f-11e2-8e56-9f72c6160288;a90df0ad-b5bc-b2ff-51c9-b85a973987de
3636;af18cc7a-fa8f-11e2-8e56-9f72c6160288;4fb6ad96-1c8d-b00e-7578-26798e3e8f63
3637;af18cc7a-fa8f-11e2-8e56-9f72c6160288;e3798c0b-8dff-09a6-85af-c2a8c832c8b8
3638 (lost);af18cc7a-fa8f-11e2-8e56-9f72c6160288;
3639;af18cc7a-fa8f-11e2-8e56-9f72c6160288;d6226950-2e2b-76d1-48dc-93a61a904a68
3655;af18cc7a-fa8f-11e2-8e56-9f72c6160288;15a8566a-2a5c-3978-4f0a-932816f8c23f
3656;af18cc7a-fa8f-11e2-8e56-9f72c6160288;af866bfa-2592-3a6c-b191-b54b580a2e21
3657;af18cc7a-fa8f-11e2-8e56-9f72c6160288;be50ceac-92cb-75d8-b98d-61d6f90cfeb5
3658;af18cc7a-fa8f-11e2-8e56-9f72c6160288;3b0f4209-c632-6caa-cbae-cf6b8a287570
3659;af18cc7a-fa8f-11e2-8e56-9f72c6160288;a97c9f11-a276-6aa3-d337-5eaf0e68810c
3662;af18cc7a-fa8f-11e2-8e56-9f72c6160288;2abcd964-ef55-7ef9-f0db-1fdb2e4ce966
3663;af18cc7a-fa8f-11e2-8e56-9f72c6160288;109fd2f1-a50d-10a5-ca91-260774f69611
3664;af18cc7a-fa8f-11e2-8e56-9f72c6160288;cd5f358c-9ce2-79eb-c121-4fda02f0912d
3665;af18cc7a-fa8f-11e2-8e56-9f72c6160288;9df3e647-1ab5-560a-1366-64c2cfd9488a
3666;af18cc7a-fa8f-11e2-8e56-9f72c6160288;1dcca360-5d59-3035-3ee9-6e7e1066da35
3667;af18cc7a-fa8f-11e2-8e56-9f72c6160288;2699644e-2461-7bcd-89a1-119fe04ab25c
3668;af18cc7a-fa8f-11e2-8e56-9f72c6160288;4b9e86bb-a1a8-e39d-394a-1081d2bfa88f
37;af18cc7a-fa8f-11e2-8e56-9f72c6160288;b6cb1186-d0c8-b2d0-a9c3-55cf25f5b428
3738;af18cc7a-fa8f-11e2-8e56-9f72c6160288;9e46c1d8-142a-0ec3-e42b-63b9400e10d2
3739;af18cc7a-fa8f-11e2-8e56-9f72c6160288;e397063f-6de2-cbed-563a-188b2ab63f40
3740 (lost);af18cc7a-fa8f-11e2-8e56-9f72c6160288;
3741;af18cc7a-fa8f-11e2-8e56-9f72c6160288;79925c29-1341-af66-ecfc-74e3f5c35f19
3742;af18cc7a-fa8f-11e2-8e56-9f72c6160288;11381a84-1d45-d475-053b-781ceaba65cc
3743;af18cc7a-fa8f-11e2-8e56-9f72c6160288;d122bb04-3ff7-8044-cf55-1f9414dda317
3744;af18cc7a-fa8f-11e2-8e56-9f72c6160288;da6fa969-bc44-1992-29ec-cc9e7e95fce1
3745;af18cc7a-fa8f-11e2-8e56-9f72c6160288;6500c91c-03be-a2fc-77d4-9cea6a862e1f
3746;af18cc7a-fa8f-11e2-8e56-9f72c6160288;ca2da3ac-ec8a-6bcd-8610-67bdbc408c6d
3747;af18cc7a-fa8f-11e2-8e56-9f72c6160288;633c21ed-0923-7dec-324b-e45603056846
3748;af18cc7a-fa8f-11e2-8e56-9f72c6160288;e4cd4fb0-31f8-40a7-2f1b-6d28e690a7d8
3750;af18cc7a-fa8f-11e2-8e56-9f72c6160288;b4f2476e-6dbb-1613-1f68-a23381620d1f
3756;af18cc7a-fa8f-11e2-8e56-9f72c6160288;f3c91df9-f8fe-678d-26e0-68c26e63a6a8
3762;af18cc7a-fa8f-11e2-8e56-9f72c6160288;16f2488a-3d41-de83-d3b2-ac28ef298e28
3771;af18cc7a-fa8f-11e2-8e56-9f72c6160288;ba6ec758-17b7-05f0-33ae-d31a7d5e9f15
3772 (lost);af18cc7a-fa8f-11e2-8e56-9f72c6160288;
3773;af18cc7a-fa8f-11e2-8e56-9f72c6160288;058cfe7d-9d1d-adb0-4d26-cecc530d9680
3777;af18cc7a-fa8f-11e2-8e56-9f72c6160288;b031a4f4-b029-bd4e-db3d-681182115073
3779;af18cc7a-fa8f-11e2-8e56-9f72c6160288;daf4d784-3ba9-dcd8-1d58-ed5dafa5440f
3782;af18cc7a-fa8f-11e2-8e56-9f72c6160288;2b0f6d3b-9f3d-28fb-7dcc-380ec243256f
3783;af18cc7a-fa8f-11e2-8e56-9f72c6160288;1dc37014-aafe-6922-9935-a9590131a4aa
3787;af18cc7a-fa8f-11e2-8e56-9f72c6160288;fa677ce7-2ac5-5fc9-3a2e-5c8ec0a8fce9
3788;af18cc7a-fa8f-11e2-8e56-9f72c6160288;16e12869-a3a1-9a65-140c-1598b159b26a
3792;af18cc7a-fa8f-11e2-8e56-9f72c6160288;bccc565c-ceb6-3254-8652-2fac693d6e0c
3794;af18cc7a-fa8f-11e2-8e56-9f72c6160288;d917c001-80ce-08f5-bd20-977cea3f822a
3797;af18cc7a-fa8f-11e2-8e56-9f72c6160288;78bef307-69af-928e-ecd8-9f99bea54984
3803;af18cc7a-fa8f-11e2-8e56-9f72c6160288;bd344721-b107-7050-bebc-65d4e62b0225
381;af18cc7a-fa8f-11e2-8e56-9f72c6160288;8af2f8d9-4910-7546-f2fe-3ca2819ed486
3845;af18cc7a-fa8f-11e2-8e56-9f72c6160288;0af89331-589c-f487-d2fa-bc8e0e60e7e7
3846;af18cc7a-fa8f-11e2-8e56-9f72c6160288;7fc8eb9e-739f-85c7-88bd-2e989018754b
3847;af18cc7a-fa8f-11e2-8e56-9f72c6160288;e1a54b3d-e514-eaa7-5c3a-68b07769a2ac
3848;af18cc7a-fa8f-11e2-8e56-9f72c6160288;520f675a-3d11-4539-fd1e-a78dc1ca6616
3849;af18cc7a-fa8f-11e2-8e56-9f72c6160288;20626714-9061-8465-e39a-9d278408e815
3850;af18cc7a-fa8f-11e2-8e56-9f72c6160288;82c5271d-1e77-8191-ef99-23fe7507b927
3851;af18cc7a-fa8f-11e2-8e56-9f72c6160288;24efa7de-ed44-88d4-f483-257228b6e918
3852;af18cc7a-fa8f-11e2-8e56-9f72c6160288;3be88002-c002-dee3-55da-9308bfc6d75e
3853;af18cc7a-fa8f-11e2-8e56-9f72c6160288;862ba724-e8e5-d0d5-68b9-5a77a9bcf8d9
3854 (lost);af18cc7a-fa8f-11e2-8e56-9f72c6160288;
3855;af18cc7a-fa8f-11e2-8e56-9f72c6160288;32877b4f-95e9-0268-e44d-a8ca4d8e63ed
3856;af18cc7a-fa8f-11e2-8e56-9f72c6160288;fc465e85-e390-d2e7-6f10-5d17e23bb91e
3857;af18cc7a-fa8f-11e2-8e56-9f72c6160288;a9ab4abb-4ffc-deaa-c52d-6c5c6b4c50d9
3864;af18cc7a-fa8f-11e2-8e56-9f72c6160288;d5a006a4-2f92-9bc8-3a6a-a6e9d875934d
3865;af18cc7a-fa8f-11e2-8e56-9f72c6160288;bfd9d76e-d908-96aa-0062-6818295c9a64
386 (lost);af18cc7a-fa8f-11e2-8e56-9f72c6160288;
3875;af18cc7a-fa8f-11e2-8e56-9f72c6160288;50071175-1e8c-0815-f02e-ea4b35c57732
3881;af18cc7a-fa8f-11e2-8e56-9f72c6160288;37c660f4-9827-84fe-f419-e2b07f9fbc44
38 (lost);af18cc7a-fa8f-11e2-8e56-9f72c6160288;
39;af18cc7a-fa8f-11e2-8e56-9f72c6160288;bce4ee74-d903-f821-d7d1-bf7bd6aba8e6
3916;af18cc7a-fa8f-11e2-8e56-9f72c6160288;e852921c-799b-5317-00bf-6fffb744f244
3941;af18cc7a-fa8f-11e2-8e56-9f72c6160288;3216fcdb-08d1-ec6b-5246-d8b958dc62f0
3943;af18cc7a-fa8f-11e2-8e56-9f72c6160288;3df2e684-de6c-dc42-e909-cbe0866eab94
3944;af18cc7a-fa8f-11e2-8e56-9f72c6160288;da697e0f-55e4-509a-118d-29e8f30b614d
3945 (lost);af18cc7a-fa8f-11e2-8e56-9f72c6160288;
3946;af18cc7a-fa8f-11e2-8e56-9f72c6160288;793ffa89-9524-2ef0-88fa-6934c18a627f
3947;af18cc7a-fa8f-11e2-8e56-9f72c6160288;d30544ac-c6d5-c71a-228e-0b3e5b0d6949
3948;af18cc7a-fa8f-11e2-8e56-9f72c6160288;1de5b7ea-6563-b331-de5e-9a94e085ea02
3949;af18cc7a-fa8f-11e2-8e56-9f72c6160288;76a5b6c5-1c54-4a53-9e12-f77c385b4366
3950;af18cc7a-fa8f-11e2-8e56-9f72c6160288;62ca21e3-c980-c314-055d-5064a2c367e2
3951 (lost);af18cc7a-fa8f-11e2-8e56-9f72c6160288;
3952;af18cc7a-fa8f-11e2-8e56-9f72c6160288;0809e5d2-dc4f-fb37-7268-cc66a6883c36
3953;af18cc7a-fa8f-11e2-8e56-9f72c6160288;23619170-978e-7c37-ed00-43a4476f01d3
3954;af18cc7a-fa8f-11e2-8e56-9f72c6160288;c44a7cd7-2ca2-daa1-bf93-de7752e12479
3962;af18cc7a-fa8f-11e2-8e56-9f72c6160288;e5048fb0-d633-b9e2-fc31-f6b07f5fe153
3966 (lost);af18cc7a-fa8f-11e2-8e56-9f72c6160288;
398;af18cc7a-fa8f-11e2-8e56-9f72c6160288;a6d0dea4-6207-ab26-eed8-ec3d7b0b0967
3986;af18cc7a-fa8f-11e2-8e56-9f72c6160288;9b8e2b84-858f-6d2f-2397-d44a402efc67
3992;af18cc7a-fa8f-11e2-8e56-9f72c6160288;94d73890-f4b8-1ac0-d17e-3babab453dfb
3993;af18cc7a-fa8f-11e2-8e56-9f72c6160288;896f61ca-7c86-992c-02c1-d9ad54e4b7a1
399 (lost);af18cc7a-fa8f-11e2-8e56-9f72c6160288;
40;af18cc7a-fa8f-11e2-8e56-9f72c6160288;652dde3a-f315-130e-c740-4582f0f6a45e
400;af18cc7a-fa8f-11e2-8e56-9f72c6160288;1df31b96-2360-a227-671a-608e6cf86115
4003 (lost);af18cc7a-fa8f-11e2-8e56-9f72c6160288;
4004A;af18cc7a-fa8f-11e2-8e56-9f72c6160288;33bc531d-9e3d-8f4d-f334-3328115ca6d4
4004B;af18cc7a-fa8f-11e2-8e56-9f72c6160288;03a5ef7b-7b13-a6fd-f4d4-9336d2a012b9
4004C;af18cc7a-fa8f-11e2-8e56-9f72c6160288;a5562745-558a-9a61-c935-6427d1e3cecb
4004D;af18cc7a-fa8f-11e2-8e56-9f72c6160288;f57fb0d2-1375-362d-54a7-ccc60c4eac40
4005;af18cc7a-fa8f-11e2-8e56-9f72c6160288;454d2e0c-ebe8-4251-7e3a-b0ea3afc5f6c
401;af18cc7a-fa8f-11e2-8e56-9f72c6160288;2d4ce256-d564-1822-73f1-28f76869908a
4011;af18cc7a-fa8f-11e2-8e56-9f72c6160288;d1f2dffb-c4e5-e9ec-4545-50923fbebeb4
4012;af18cc7a-fa8f-11e2-8e56-9f72c6160288;30015cf0-ce99-023e-7662-b41331e0a70e
4013;af18cc7a-fa8f-11e2-8e56-9f72c6160288;8b102125-5a70-37da-351f-123e7076c093
4014;af18cc7a-fa8f-11e2-8e56-9f72c6160288;acf05ba8-d5f1-8e33-d88f-f2e35759f988
4017;af18cc7a-fa8f-11e2-8e56-9f72c6160288;38d407f8-3ed5-e3a6-42df-09c06e6905e4
4018;af18cc7a-fa8f-11e2-8e56-9f72c6160288;104442d3-d8cc-7f26-fab5-cdd0fc0d5e5a
4019;af18cc7a-fa8f-11e2-8e56-9f72c6160288;dd61ae21-a14d-9713-ddba-0fc0a1105d78
4021;af18cc7a-fa8f-11e2-8e56-9f72c6160288;52981eda-26f0-f8f2-b5dd-0358680cb1cb
4023;af18cc7a-fa8f-11e2-8e56-9f72c6160288;e168063b-f448-6c10-21b5-beec6b2932e5
4024;af18cc7a-fa8f-11e2-8e56-9f72c6160288;cb3e2f6d-0789-67e6-9b70-8bb7f641b6c0
4025;af18cc7a-fa8f-11e2-8e56-9f72c6160288;6a674d3f-69ae-5e09-0a24-b5b162825c79
4026;af18cc7a-fa8f-11e2-8e56-9f72c6160288;a07b6d09-a253-9d53-fe9d-665f9400ee69
402A;af18cc7a-fa8f-11e2-8e56-9f72c6160288;bcbdad0e-3229-bd4c-8799-4912c9602308
402B;af18cc7a-fa8f-11e2-8e56-9f72c6160288;610a96fe-c06d-a20a-7ddd-bf6f96fd06f6
402C;af18cc7a-fa8f-11e2-8e56-9f72c6160288;d2709a19-7d41-041f-ec41-9f5ab162c120
403;af18cc7a-fa8f-11e2-8e56-9f72c6160288;e3b66e9c-8c35-63e6-3437-d35a63d5fa1b
404;af18cc7a-fa8f-11e2-8e56-9f72c6160288;3b02dfc8-06ae-d093-de5b-f2b5ca494561
405;af18cc7a-fa8f-11e2-8e56-9f72c6160288;4d8b63fd-7787-796d-f992-0a605fb4ab7e
406;af18cc7a-fa8f-11e2-8e56-9f72c6160288;a1160b6a-7dc9-96fb-4c63-853f8c99634e
4065A;af18cc7a-fa8f-11e2-8e56-9f72c6160288;85e48ba6-1e05-579c-7833-e11f755ac7f3
4065B;af18cc7a-fa8f-11e2-8e56-9f72c6160288;76ee8630-2097-39f9-49f0-aedd415a78f4
4065C;af18cc7a-fa8f-11e2-8e56-9f72c6160288;be86f997-7ddc-9fc1-79e8-df66fa820e24
4065D;af18cc7a-fa8f-11e2-8e56-9f72c6160288;8e3bdfc0-70e5-8bfe-65f7-c1a41d660a3c
4066;af18cc7a-fa8f-11e2-8e56-9f72c6160288;78e3a1f3-f6d3-d221-0556-3782c634b25c
4067;af18cc7a-fa8f-11e2-8e56-9f72c6160288;ab9eeb46-3751-e956-44ca-b4b82e7eeb89
4068;af18cc7a-fa8f-11e2-8e56-9f72c6160288;b1e3e256-fe67-dfbe-54ae-f4a48e1847bd
407;af18cc7a-fa8f-11e2-8e56-9f72c6160288;fa2fa0ab-03c1-86b1-337c-24e63603e91b
4070A;af18cc7a-fa8f-11e2-8e56-9f72c6160288;9fa29129-e74d-0e63-87d0-f5a13611c3c5
4070B;af18cc7a-fa8f-11e2-8e56-9f72c6160288;44ae55f6-0600-910b-c5fc-8876fb342d2a
4071;af18cc7a-fa8f-11e2-8e56-9f72c6160288;e4542b11-aedd-0a5d-44fb-b388f8c4267c
4072;af18cc7a-fa8f-11e2-8e56-9f72c6160288;30d78140-e32b-cb8d-7ec2-75fae9a2497c
4073;af18cc7a-fa8f-11e2-8e56-9f72c6160288;4427f720-da38-a081-3ed5-ef139503cab4
4074;af18cc7a-fa8f-11e2-8e56-9f72c6160288;ba2524d2-a3a4-f164-cc63-5f78fb06eafa
4075;af18cc7a-fa8f-11e2-8e56-9f72c6160288;a53ab204-71a9-f69c-38e1-990c43b14c3c
4076A;af18cc7a-fa8f-11e2-8e56-9f72c6160288;5267e3b7-7416-b5c9-cc09-4d90b25147cb
4076B;af18cc7a-fa8f-11e2-8e56-9f72c6160288;8bf904a0-ab2f-e260-0f99-7f93e95a3df4
408;af18cc7a-fa8f-11e2-8e56-9f72c6160288;82781967-1e42-fd44-2996-e8936c571f94
4089;af18cc7a-fa8f-11e2-8e56-9f72c6160288;3cec7954-5012-47af-8dcf-232f404291c3
409;af18cc7a-fa8f-11e2-8e56-9f72c6160288;bfb37e02-ebf8-5048-fe61-e166faca884f
4090 (lost);af18cc7a-fa8f-11e2-8e56-9f72c6160288;
4091;af18cc7a-fa8f-11e2-8e56-9f72c6160288;4ff3fa57-ce73-32c1-e552-fef82b4d796f
410;af18cc7a-fa8f-11e2-8e56-9f72c6160288;9f71edee-2d4f-dab2-bab6-41358605c2fc
4103;af18cc7a-fa8f-11e2-8e56-9f72c6160288;70c60038-78a6-adc3-f779-d45e20c2a89f
411;af18cc7a-fa8f-11e2-8e56-9f72c6160288;8daa0161-100f-5209-d720-4591728e147a
412 (lost);af18cc7a-fa8f-11e2-8e56-9f72c6160288;
413;af18cc7a-fa8f-11e2-8e56-9f72c6160288;68e62985-fb88-52d3-a20c-baf1884d6e1c
414;af18cc7a-fa8f-11e2-8e56-9f72c6160288;921b67a8-8195-8c54-8a48-e9189359c8d1
4140A;af18cc7a-fa8f-11e2-8e56-9f72c6160288;9aa76d4d-35f8-9493-dc35-1bad23ace366
4140B;af18cc7a-fa8f-11e2-8e56-9f72c6160288;8155eccf-4ab0-b23e-9633-d062f3061658
4141;af18cc7a-fa8f-11e2-8e56-9f72c6160288;207bf5dd-9953-497f-86d3-a105bf7238f0
4144;af18cc7a-fa8f-11e2-8e56-9f72c6160288;f16bf649-fea5-2f64-803a-7b0aa22d8317
4145;af18cc7a-fa8f-11e2-8e56-9f72c6160288;27d320d1-b977-22df-03e3-0792d44b7745
4146;af18cc7a-fa8f-11e2-8e56-9f72c6160288;df007e45-cbd8-3d62-299d-9c6ab6fb1e8b
4147;af18cc7a-fa8f-11e2-8e56-9f72c6160288;358e323e-0178-4a3d-cc5e-2149704b9477
4149;af18cc7a-fa8f-11e2-8e56-9f72c6160288;5a04d04b-fbbf-24d4-038f-434b63682162
415;af18cc7a-fa8f-11e2-8e56-9f72c6160288;94eb231e-0d5a-eb0b-c173-4988660e0d49
4151;af18cc7a-fa8f-11e2-8e56-9f72c6160288;932e76bc-1e8d-c3bb-d69c-a65349b903b6
4153;af18cc7a-fa8f-11e2-8e56-9f72c6160288;ac5e7ff0-3efe-ed71-824c-294a51f18ffe
4155;af18cc7a-fa8f-11e2-8e56-9f72c6160288;917411d1-3682-eef3-1284-fa3f6489cfc2
4159;af18cc7a-fa8f-11e2-8e56-9f72c6160288;c75f7bbe-839a-1c98-0fe1-290d05ecd7e1
416;af18cc7a-fa8f-11e2-8e56-9f72c6160288;da7a9ed2-e01a-5b46-e109-15efef9593f0
4167 (lost);af18cc7a-fa8f-11e2-8e56-9f72c6160288;
417;af18cc7a-fa8f-11e2-8e56-9f72c6160288;4d5718d3-9e3b-e607-2bf9-bea9ee67472e
418;af18cc7a-fa8f-11e2-8e56-9f72c6160288;94d7b9a4-7b8c-1c26-8c5b-cca3feeaf2fe
4189;af18cc7a-fa8f-11e2-8e56-9f72c6160288;ffa962b9-1ac8-07e5-f599-5a97038f6ade
419;af18cc7a-fa8f-11e2-8e56-9f72c6160288;26df9153-24e4-16a2-12a3-9590e379fd74
4191;af18cc7a-fa8f-11e2-8e56-9f72c6160288;a277e6c3-7664-3478-81a5-fb7143a955a6
4193;af18cc7a-fa8f-11e2-8e56-9f72c6160288;a8a5e2a9-4c74-25ba-cb6f-9daf9c49b3da
4194;af18cc7a-fa8f-11e2-8e56-9f72c6160288;d08d9153-193e-17c8-2116-539586998c58
4197;af18cc7a-fa8f-11e2-8e56-9f72c6160288;1387838b-780b-aa1d-096a-48b84819ac05
4198 (lost);af18cc7a-fa8f-11e2-8e56-9f72c6160288;
4199;af18cc7a-fa8f-11e2-8e56-9f72c6160288;3af4857e-51cb-b8cb-7e73-1395d4b71f26
41A;af18cc7a-fa8f-11e2-8e56-9f72c6160288;2b9e4bfa-5f79-d57f-c959-594b42fd67da
41B;af18cc7a-fa8f-11e2-8e56-9f72c6160288;a42b26e5-b319-76bd-a1db-a845ab7828c8
42;af18cc7a-fa8f-11e2-8e56-9f72c6160288;358d34d8-6c44-0b2d-2f4a-af88a9a5b027
420;af18cc7a-fa8f-11e2-8e56-9f72c6160288;db837da4-2139-333f-246d-053c8895bc00
4201 (lost);af18cc7a-fa8f-11e2-8e56-9f72c6160288;
4202 (lost);af18cc7a-fa8f-11e2-8e56-9f72c6160288;
4204 (lost);af18cc7a-fa8f-11e2-8e56-9f72c6160288;
421;af18cc7a-fa8f-11e2-8e56-9f72c6160288;82bbdeec-b8f0-76b8-af56-9c753ecab472
422;af18cc7a-fa8f-11e2-8e56-9f72c6160288;5c391917-9ffb-a41e-5270-03865b9b3708
429;af18cc7a-fa8f-11e2-8e56-9f72c6160288;81effcfa-a76e-53c0-514f-812ac41ce5fc
432;af18cc7a-fa8f-11e2-8e56-9f72c6160288;06e80c25-cb88-9cb9-2ef8-61de276ef66a
4323;af18cc7a-fa8f-11e2-8e56-9f72c6160288;39f4975e-9b91-9d9b-6449-806248661022
433;af18cc7a-fa8f-11e2-8e56-9f72c6160288;2f7f36f0-1055-c8d9-9437-b8c846c32044
4359;af18cc7a-fa8f-11e2-8e56-9f72c6160288;697dbcc8-fea3-8e42-774e-012576df574a
435 (lost);af18cc7a-fa8f-11e2-8e56-9f72c6160288;
4360;af18cc7a-fa8f-11e2-8e56-9f72c6160288;cd6233fc-dccc-ae9b-926b-89eb94a7db4c
4363;af18cc7a-fa8f-11e2-8e56-9f72c6160288;b6ab1f0d-6850-7f9b-cc55-7ace2ed6c838
4365;af18cc7a-fa8f-11e2-8e56-9f72c6160288;350c7f24-52da-45eb-16c9-d3169e75ee4b
4366;af18cc7a-fa8f-11e2-8e56-9f72c6160288;b825e907-4411-b0bd-ac7f-43c86cdab3d5
4367;af18cc7a-fa8f-11e2-8e56-9f72c6160288;6815bc3e-42ba-7cda-557c-df0bdf20e9fe
4368;af18cc7a-fa8f-11e2-8e56-9f72c6160288;811de334-a30f-02d9-d312-9821c31f8d46
4369;af18cc7a-fa8f-11e2-8e56-9f72c6160288;0206bbf3-2ac5-6ed0-d3bf-f2e2dcce21c9
4370;af18cc7a-fa8f-11e2-8e56-9f72c6160288;7711d173-20bd-4797-cb63-b09f8c6f5a6e
4371;af18cc7a-fa8f-11e2-8e56-9f72c6160288;09ef8ac2-aca7-e887-7204-f4f0fe0ba0c1
4372;af18cc7a-fa8f-11e2-8e56-9f72c6160288;3b8d518d-6b29-fca1-4812-b1928eb9925b
4373;af18cc7a-fa8f-11e2-8e56-9f72c6160288;b847a7f7-83ea-5f17-1753-4b9de0be10e1
4374;af18cc7a-fa8f-11e2-8e56-9f72c6160288;35d32c64-b277-2f3d-0cac-a63f78892a04
4375 (lost);af18cc7a-fa8f-11e2-8e56-9f72c6160288;
4376;af18cc7a-fa8f-11e2-8e56-9f72c6160288;cc2ad9f1-83de-9c6b-6c39-55d1bb610b20
4377;af18cc7a-fa8f-11e2-8e56-9f72c6160288;0beae0d3-b528-5bd2-5a61-2719fd8f41b2
4378;af18cc7a-fa8f-11e2-8e56-9f72c6160288;1b9bb617-04a6-69a6-21e6-86a8093b90c9
4379;af18cc7a-fa8f-11e2-8e56-9f72c6160288;67703f8b-6ea9-45b2-23af-b78d48a0fb48
4380;af18cc7a-fa8f-11e2-8e56-9f72c6160288;b25f74a8-4bc6-c9ff-31d8-392673a995d8
4381;af18cc7a-fa8f-11e2-8e56-9f72c6160288;a92ec922-effb-148b-652f-f02735158f4d
4382;af18cc7a-fa8f-11e2-8e56-9f72c6160288;29118840-6e40-e719-b87a-38ef49c2acfd
4383;af18cc7a-fa8f-11e2-8e56-9f72c6160288;81102dc2-ef79-b8e4-693b-20221110ffcf
4384;af18cc7a-fa8f-11e2-8e56-9f72c6160288;66b07824-e48c-59b6-d06d-2f7d68a5f657
4386;af18cc7a-fa8f-11e2-8e56-9f72c6160288;26ee96da-5043-25d0-f163-535b310ec91e
4388;af18cc7a-fa8f-11e2-8e56-9f72c6160288;122ac807-a32f-7405-3586-6636b3c56b2c
4389;af18cc7a-fa8f-11e2-8e56-9f72c6160288;7b7f5229-e1e1-bed3-6347-52e91c0c49d9
4393;af18cc7a-fa8f-11e2-8e56-9f72c6160288;577fa40b-0744-84e0-4b1c-2c2857ef1462
4395;af18cc7a-fa8f-11e2-8e56-9f72c6160288;7eca545b-cdfd-bd21-c809-c50f1c18569b
4397;af18cc7a-fa8f-11e2-8e56-9f72c6160288;e921c20b-7d86-70cb-016a-afbd3453c925
4398;af18cc7a-fa8f-11e2-8e56-9f72c6160288;6796ea84-e625-1918-7ad5-8375bfe1eb9b
4399;af18cc7a-fa8f-11e2-8e56-9f72c6160288;caba273a-fc04-ddf4-4db5-35eccac3ce0f
44;af18cc7a-fa8f-11e2-8e56-9f72c6160288;80709b5f-6d2b-8500-e7e8-02136373c96b
4400;af18cc7a-fa8f-11e2-8e56-9f72c6160288;b970923b-584e-5a7a-8905-e48cdaa14757
4405;af18cc7a-fa8f-11e2-8e56-9f72c6160288;e7a5d144-02c0-3453-16cb-d2021079b8fd
4433;af18cc7a-fa8f-11e2-8e56-9f72c6160288;b4e71bef-00fd-be9f-c750-d2ace35c4ec4
4434;af18cc7a-fa8f-11e2-8e56-9f72c6160288;4ddc0d2d-590b-d5bf-19c4-9bd064bfcdb3
4439;af18cc7a-fa8f-11e2-8e56-9f72c6160288;858f3499-22fc-d6f3-5ceb-1d69d531c277
4440;af18cc7a-fa8f-11e2-8e56-9f72c6160288;b6324ff5-94ec-9fee-4f05-2cf0309fcfec
4444;af18cc7a-fa8f-11e2-8e56-9f72c6160288;12b9f31f-5598-0769-3a38-9a05aaac4316
4445;af18cc7a-fa8f-11e2-8e56-9f72c6160288;09661901-52f6-1058-6661-7ac09144a59a
4446;af18cc7a-fa8f-11e2-8e56-9f72c6160288;0643d7aa-455f-9c98-2dcf-d9648ca4608e
4447;af18cc7a-fa8f-11e2-8e56-9f72c6160288;75b00ddb-a7bb-d6e8-866f-8d5ee9be79ba
4475 (lost);af18cc7a-fa8f-11e2-8e56-9f72c6160288;
4476;af18cc7a-fa8f-11e2-8e56-9f72c6160288;ab999556-713f-a831-6383-dd0a7fd75421
4477;af18cc7a-fa8f-11e2-8e56-9f72c6160288;48a3bbdb-9b81-c2c4-b986-31538c28d906
4478;af18cc7a-fa8f-11e2-8e56-9f72c6160288;b85eceb3-4da7-9db8-1a0e-16743fb9c477
4479;af18cc7a-fa8f-11e2-8e56-9f72c6160288;1dec482f-80ed-de5c-d147-0920a3daa9d1
4480;af18cc7a-fa8f-11e2-8e56-9f72c6160288;addb6a48-403f-cba0-8cf1-136daaa39d78
4481;af18cc7a-fa8f-11e2-8e56-9f72c6160288;27aac0e5-e0f4-7de4-4529-866c65b1a2a5
4482A;af18cc7a-fa8f-11e2-8e56-9f72c6160288;961a6e01-83b7-d864-9aa6-16930ca0cd25
4482B;af18cc7a-fa8f-11e2-8e56-9f72c6160288;6a1718b3-8fc8-2359-6b91-e2c7ba8b3cbb
4483;af18cc7a-fa8f-11e2-8e56-9f72c6160288;acc659a6-16cf-df52-c4d2-0318e9b31bb6
4484;af18cc7a-fa8f-11e2-8e56-9f72c6160288;cd235d1b-d459-8a76-034e-72ffdbf03767
4485;af18cc7a-fa8f-11e2-8e56-9f72c6160288;03621d54-a1f0-43c0-006a-07a5b589999c
4486;af18cc7a-fa8f-11e2-8e56-9f72c6160288;a05d2751-39d8-dfb3-1ca1-78d9936c6fa0
4487;af18cc7a-fa8f-11e2-8e56-9f72c6160288;cb1783b7-ada7-7280-7a36-4213f11cec39
4488;af18cc7a-fa8f-11e2-8e56-9f72c6160288;71154d47-2141-cfc2-79b4-7d5758f3bc9a
4489;af18cc7a-fa8f-11e2-8e56-9f72c6160288;eb3768a2-9289-77c3-269f-d85792b66393
449;af18cc7a-fa8f-11e2-8e56-9f72c6160288;7d580d47-32b6-2296-390e-40ffc21eabd9
4490;af18cc7a-fa8f-11e2-8e56-9f72c6160288;462dc856-0286-ae65-e904-64e933649d1a
4491;af18cc7a-fa8f-11e2-8e56-9f72c6160288;698b4329-0f35-fca7-357b-3bca2d617acd
4492;af18cc7a-fa8f-11e2-8e56-9f72c6160288;10e60681-31e1-6a7c-d0b8-8f6350e1600c
4493;af18cc7a-fa8f-11e2-8e56-9f72c6160288;aa955ec9-80e5-483d-0406-913e96675dba
4497;af18cc7a-fa8f-11e2-8e56-9f72c6160288;3907b004-8af2-873e-596a-e354559645d6
4498;af18cc7a-fa8f-11e2-8e56-9f72c6160288;1b2fc2c7-e3d9-8fe5-ac4a-187198b6099e
450;af18cc7a-fa8f-11e2-8e56-9f72c6160288;f2bfc961-722c-c77f-6681-31579fe8d3e0
4500;af18cc7a-fa8f-11e2-8e56-9f72c6160288;93b30584-3c1a-8a1a-d70b-19b8de6d65e9
4501;af18cc7a-fa8f-11e2-8e56-9f72c6160288;f2b8afd8-8a54-0d61-ce36-3589d46b61ef
4502;af18cc7a-fa8f-11e2-8e56-9f72c6160288;1c1b138d-19ad-ca08-8264-8f38a5928f18
4507;af18cc7a-fa8f-11e2-8e56-9f72c6160288;8b49a4eb-2330-9534-3a07-777dd70b47e4
451;af18cc7a-fa8f-11e2-8e56-9f72c6160288;6c10db67-1f6d-29e9-f4b3-8ae5964fed51
4521;af18cc7a-fa8f-11e2-8e56-9f72c6160288;0bf893dd-926c-80d9-cdd6-e7f46e236994
454;af18cc7a-fa8f-11e2-8e56-9f72c6160288;bfd35430-738f-72bd-958b-dc358f007007
4540;af18cc7a-fa8f-11e2-8e56-9f72c6160288;c6130360-6252-1ef3-9ae8-12940a8b25cc
4541;af18cc7a-fa8f-11e2-8e56-9f72c6160288;94ceab9e-5b19-b36a-9af0-1322ce32b363
4542;af18cc7a-fa8f-11e2-8e56-9f72c6160288;7b09ce2d-1c6a-6e91-cf75-024a241d41b0
4543;af18cc7a-fa8f-11e2-8e56-9f72c6160288;9bb69ad8-bb49-24fc-933a-257424600eb1
4545;af18cc7a-fa8f-11e2-8e56-9f72c6160288;f2ebcb84-4612-99fa-9980-cded51c25b2c
4546;af18cc7a-fa8f-11e2-8e56-9f72c6160288;470e5c94-46a9-94d3-7d55-31c8f9833f5d
457;af18cc7a-fa8f-11e2-8e56-9f72c6160288;7a9e9332-b7f3-1840-d620-ac6aaab04626
458;af18cc7a-fa8f-11e2-8e56-9f72c6160288;4058c59d-5659-edc4-06d3-294e6fd26b3b
459;af18cc7a-fa8f-11e2-8e56-9f72c6160288;5ef6011f-0abf-2202-fdb5-1406a6384947
46;af18cc7a-fa8f-11e2-8e56-9f72c6160288;6699f6a5-b752-5ae8-db93-53e8b431c171
460;af18cc7a-fa8f-11e2-8e56-9f72c6160288;1d5c802a-22da-42ec-b5de-4f5786917cb3
461;af18cc7a-fa8f-11e2-8e56-9f72c6160288;0961819b-134c-b1cd-8c80-e4eec87f73e5
4611;af18cc7a-fa8f-11e2-8e56-9f72c6160288;42308d3c-e1b1-0040-e02c-dbcdc063828f
4612;af18cc7a-fa8f-11e2-8e56-9f72c6160288;4200edc9-362a-0521-a657-ec0bd4e28a03
4613;af18cc7a-fa8f-11e2-8e56-9f72c6160288;662d1ea8-136a-3584-555d-4e36035c7d53
4616;af18cc7a-fa8f-11e2-8e56-9f72c6160288;86394808-8c2f-9324-c320-9615eca0e230
4616(001);af18cc7a-fa8f-11e2-8e56-9f72c6160288;af7247af-823c-25d4-1cb4-7236b0d1c015
4616(002);af18cc7a-fa8f-11e2-8e56-9f72c6160288;01c7aa13-4cb7-36ff-afd3-52bc86deaca6
4616(003);af18cc7a-fa8f-11e2-8e56-9f72c6160288;b5acd44d-5bd1-0331-0647-1992a46a5e80
4616(004);af18cc7a-fa8f-11e2-8e56-9f72c6160288;ae954bbe-61e4-f022-5ffc-8a95c04cb1fc
4616(005);af18cc7a-fa8f-11e2-8e56-9f72c6160288;15720896-f1c6-8977-b7b0-eef338f45726
4616(006);af18cc7a-fa8f-11e2-8e56-9f72c6160288;8ca774da-84bc-50f7-8475-f4957c6ee59c
4616(007);af18cc7a-fa8f-11e2-8e56-9f72c6160288;8b2f50f1-0cad-82bb-f834-829d4357c5a3
4616(008);af18cc7a-fa8f-11e2-8e56-9f72c6160288;333dac65-8b9f-7f5d-8fbc-9119ffc52047
4616(009);af18cc7a-fa8f-11e2-8e56-9f72c6160288;ac148d23-97eb-f627-16e2-e550c4c41835
4616(010);af18cc7a-fa8f-11e2-8e56-9f72c6160288;a673c0a6-7090-8c16-0a3c-247ea0c3a9c1
4616(011);af18cc7a-fa8f-11e2-8e56-9f72c6160288;7f334b49-9524-0fff-1c31-e05c1cdd0c42
4616(012);af18cc7a-fa8f-11e2-8e56-9f72c6160288;fc72c2fc-87c9-4b20-e386-f39aa2aaa6de
4616(013);af18cc7a-fa8f-11e2-8e56-9f72c6160288;3b623fdf-36b3-01ba-3745-59fb805e32fa
4616(014);af18cc7a-fa8f-11e2-8e56-9f72c6160288;a18ed002-3d8d-755e-4f50-c243de07f6d0
4616(015);af18cc7a-fa8f-11e2-8e56-9f72c6160288;1a926a95-4d8f-46c5-793b-02cfba8667d5
4616(016);af18cc7a-fa8f-11e2-8e56-9f72c6160288;d129427f-50f7-926c-042e-c7dee6e1a6a4
4616(017);af18cc7a-fa8f-11e2-8e56-9f72c6160288;bb79dc88-4eac-2e56-48ed-cbb24cf69450
4616(018);af18cc7a-fa8f-11e2-8e56-9f72c6160288;41810e7c-08bd-4740-e43e-198cf8c5f248
4616(019);af18cc7a-fa8f-11e2-8e56-9f72c6160288;7d9221ba-f432-53da-51b9-6a03f07c3ab6
4616(020);af18cc7a-fa8f-11e2-8e56-9f72c6160288;0bd849a3-ab25-e905-e8ac-d0008664dfb0
4616(021);af18cc7a-fa8f-11e2-8e56-9f72c6160288;4b093e45-8e6e-3104-a4d1-6e09434e3467
4616(022);af18cc7a-fa8f-11e2-8e56-9f72c6160288;388585ad-5dd6-318e-d3ad-3b79fea479c5
4616(023);af18cc7a-fa8f-11e2-8e56-9f72c6160288;9a686bed-5c61-aa1b-6cc1-c553147c7b27
4616(024);af18cc7a-fa8f-11e2-8e56-9f72c6160288;b00dda8b-149c-7314-6bb0-82aed4e274ed
4616(025);af18cc7a-fa8f-11e2-8e56-9f72c6160288;edc4960a-c3c0-d5e0-d58e-d48d2d0f27af
4616(026);af18cc7a-fa8f-11e2-8e56-9f72c6160288;0eabab83-d346-2cee-0095-6da722c98dba
4616(027);af18cc7a-fa8f-11e2-8e56-9f72c6160288;8fe07168-4927-c9c0-e119-323e80181bae
4616(028);af18cc7a-fa8f-11e2-8e56-9f72c6160288;7ff21c92-a33a-a32a-d848-143fa189cfdb
4616(029);af18cc7a-fa8f-11e2-8e56-9f72c6160288;676983e7-a5d9-533f-b5e5-cb918d8ee6a1
4616(030);af18cc7a-fa8f-11e2-8e56-9f72c6160288;286ceddb-f386-4c69-a586-83db8fd38f7b
4616(031);af18cc7a-fa8f-11e2-8e56-9f72c6160288;0bb67ea5-5c92-643c-cb9d-6f4e6e846503
4616(032);af18cc7a-fa8f-11e2-8e56-9f72c6160288;740fee4e-6ec2-fd1a-612f-09119265ef9c
4616(033);af18cc7a-fa8f-11e2-8e56-9f72c6160288;f544fe85-7572-c9e5-aa4b-529431461173
4616(034);af18cc7a-fa8f-11e2-8e56-9f72c6160288;4b1d73aa-495e-77cb-ff93-9e26fe5afcee
4616(035);af18cc7a-fa8f-11e2-8e56-9f72c6160288;9c5d9940-ac8f-f1e0-2cce-c1680d6c084b
4616(036);af18cc7a-fa8f-11e2-8e56-9f72c6160288;cacb013e-3d28-40e0-22fd-493879616b27
4616(037);af18cc7a-fa8f-11e2-8e56-9f72c6160288;a099f8fe-1f63-069c-6058-841094d65c74
4616(038);af18cc7a-fa8f-11e2-8e56-9f72c6160288;6032a2a1-fbc7-1dea-af53-9589f23fa215
4616(039);af18cc7a-fa8f-11e2-8e56-9f72c6160288;1d294a71-3e13-0e18-de50-3f76fcadabf0
4616(040);af18cc7a-fa8f-11e2-8e56-9f72c6160288;79154ee7-3730-04ec-1549-53eaf2fa50ed
4616(041);af18cc7a-fa8f-11e2-8e56-9f72c6160288;5b4affbe-4267-a64a-558c-ad84c999fa81
4616(042);af18cc7a-fa8f-11e2-8e56-9f72c6160288;9caaea7b-6830-e8ee-afab-74a955a5fec6
4616(043);af18cc7a-fa8f-11e2-8e56-9f72c6160288;4f142463-7b16-d7a2-d5f2-f2db8c017e82
4616(044);af18cc7a-fa8f-11e2-8e56-9f72c6160288;fe803082-26bf-3b81-b8a9-a21c00ee7aff
4616(045);af18cc7a-fa8f-11e2-8e56-9f72c6160288;f007b536-c268-3801-90f1-36f74e6228aa
4616(046);af18cc7a-fa8f-11e2-8e56-9f72c6160288;6663b7a4-f766-2e73-fbfc-f91e467970d4
4616(047);af18cc7a-fa8f-11e2-8e56-9f72c6160288;7b04c432-ef34-7009-7b81-505c0479bb01
4616(048);af18cc7a-fa8f-11e2-8e56-9f72c6160288;78dc9efb-22ec-9354-32a3-1a5b9ffd0a22
4616(049);af18cc7a-fa8f-11e2-8e56-9f72c6160288;c839017d-f347-5863-aa36-ba307d3be5a1
4616(050);af18cc7a-fa8f-11e2-8e56-9f72c6160288;dea13e86-ea6c-eb79-2237-a96af9da14db
4616(051);af18cc7a-fa8f-11e2-8e56-9f72c6160288;c06c9e3a-215a-03b1-f971-6c6f8b802af9
4616(052);af18cc7a-fa8f-11e2-8e56-9f72c6160288;2ea2824a-a020-4e8b-015e-0dcaaa16f520
4616(053);af18cc7a-fa8f-11e2-8e56-9f72c6160288;fb75db74-e52d-d0d8-6805-c42ad45788f0
4616(054);af18cc7a-fa8f-11e2-8e56-9f72c6160288;02004111-c415-8f54-321c-d54a12817338
4616(055);af18cc7a-fa8f-11e2-8e56-9f72c6160288;7708fa62-e907-ca7d-0b61-2b885da0ce94
4616(056);af18cc7a-fa8f-11e2-8e56-9f72c6160288;6910619d-5f49-fb92-9003-3ad110169e63
4616(057);af18cc7a-fa8f-11e2-8e56-9f72c6160288;4b8037b1-88da-c521-e2ce-e707cb1500e0
4616(058);af18cc7a-fa8f-11e2-8e56-9f72c6160288;490c95c1-a736-2f5f-5e01-fa1d5e7ad089
4616(059);af18cc7a-fa8f-11e2-8e56-9f72c6160288;067499fe-7ef3-643f-839d-b5ad0504f826
4616(060);af18cc7a-fa8f-11e2-8e56-9f72c6160288;107cfae0-5afa-29c6-b1fc-f3f6d0053ea2
4616(061);af18cc7a-fa8f-11e2-8e56-9f72c6160288;aa5e0e92-d0b5-2380-d229-b80cab8842cc
4616(062);af18cc7a-fa8f-11e2-8e56-9f72c6160288;f4b8510f-464c-c3be-3f8c-adf0f2e0fce9
4616(063);af18cc7a-fa8f-11e2-8e56-9f72c6160288;5e2e4e3f-fd95-cf04-fae1-f6f03e4a9eaa
4616(064);af18cc7a-fa8f-11e2-8e56-9f72c6160288;f2b99633-29d5-698a-ef21-7587e74dabcc
4616(065);af18cc7a-fa8f-11e2-8e56-9f72c6160288;3c019fb1-ede5-b457-8fb4-70a3087a0896
4616(066);af18cc7a-fa8f-11e2-8e56-9f72c6160288;63b5105f-05c0-818b-f5b1-5088e956c901
4616(067);af18cc7a-fa8f-11e2-8e56-9f72c6160288;cd32f877-7df1-1d67-024e-ed5b05dda05c
4616(068);af18cc7a-fa8f-11e2-8e56-9f72c6160288;eeaa6401-e888-23a2-b713-d9e499c7a939
4616(069);af18cc7a-fa8f-11e2-8e56-9f72c6160288;ef19d1f9-b473-18fd-f0fe-1f9e5bc53a70
4616(070);af18cc7a-fa8f-11e2-8e56-9f72c6160288;12da2312-d265-6092-23c5-5fa86bbbc41c
4616(071);af18cc7a-fa8f-11e2-8e56-9f72c6160288;86624769-a1b6-ceea-0080-03ce65948448
4616(072);af18cc7a-fa8f-11e2-8e56-9f72c6160288;07af3c65-b34e-a2ea-0611-44a738a42510
4616(073);af18cc7a-fa8f-11e2-8e56-9f72c6160288;033b73b1-2e2a-6bfc-37c7-ea356a23e41f
4616(074);af18cc7a-fa8f-11e2-8e56-9f72c6160288;6cb6a3b9-9cac-88ff-e47f-caa0607e9172
4616(075);af18cc7a-fa8f-11e2-8e56-9f72c6160288;45e784a8-1f36-3818-a213-c31a345d12a2
4616(076);af18cc7a-fa8f-11e2-8e56-9f72c6160288;c604658f-b900-3134-1652-d11afc74b6bf
4616(077);af18cc7a-fa8f-11e2-8e56-9f72c6160288;f880076a-898d-5b2a-fa8f-e2cd93b28bb7
4616(078);af18cc7a-fa8f-11e2-8e56-9f72c6160288;bb10e408-9701-d191-a5dc-68d227bd3abc
4616(079);af18cc7a-fa8f-11e2-8e56-9f72c6160288;cdfac947-eb11-fd89-4bc6-0d89cafafba2
4616(080);af18cc7a-fa8f-11e2-8e56-9f72c6160288;bb5e0e9f-e6c4-5f07-9da7-97b47ff28779
4616(081);af18cc7a-fa8f-11e2-8e56-9f72c6160288;1fe4c34e-3ca3-0675-224e-8211df43a5a6
4616(082);af18cc7a-fa8f-11e2-8e56-9f72c6160288;81ee716e-a7df-30fb-80b3-536bd9697925
4616(083);af18cc7a-fa8f-11e2-8e56-9f72c6160288;113dcdfb-6469-ee79-6723-f5f4a6b14e38
4616(084);af18cc7a-fa8f-11e2-8e56-9f72c6160288;a564a332-6297-d963-3248-21728c086ef4
4616(085);af18cc7a-fa8f-11e2-8e56-9f72c6160288;1892fc01-ff3d-24a0-8ea0-c3f2ffc052ce
4616(086);af18cc7a-fa8f-11e2-8e56-9f72c6160288;d4a6898a-b9ac-3034-83d3-c7d49a364c95
4616(087);af18cc7a-fa8f-11e2-8e56-9f72c6160288;0c3cb800-9f0f-1c1e-94bd-d25793a7ada6
4616(088);af18cc7a-fa8f-11e2-8e56-9f72c6160288;aeb3f3f2-793a-f614-06f2-8dc872a70156
4616(089);af18cc7a-fa8f-11e2-8e56-9f72c6160288;0816bbf4-a34d-2db4-9dcb-098dac9c3ca1
4616(090);af18cc7a-fa8f-11e2-8e56-9f72c6160288;d3c5afe0-7b7d-22f9-82c4-aa7179229896
4616(091);af18cc7a-fa8f-11e2-8e56-9f72c6160288;bc9198fe-faf2-358e-8002-a2eddd3bfee5
4616(092);af18cc7a-fa8f-11e2-8e56-9f72c6160288;b40fa336-2262-fea0-20fc-b45c1fe12a57
4616(093);af18cc7a-fa8f-11e2-8e56-9f72c6160288;e504d3f0-2f54-ed7b-eddd-8630b64227c9
4616(094);af18cc7a-fa8f-11e2-8e56-9f72c6160288;0942915d-39ec-41d5-e069-1253a1a17219
4616(095);af18cc7a-fa8f-11e2-8e56-9f72c6160288;8110c98d-be43-3c36-e467-46984e17be13
4616(096);af18cc7a-fa8f-11e2-8e56-9f72c6160288;01458bc4-5fa1-37e5-1a51-b0817bdd1e3d
4616(097);af18cc7a-fa8f-11e2-8e56-9f72c6160288;1f545a68-2b2c-1339-de5e-06b10eddebb6
4616(098);af18cc7a-fa8f-11e2-8e56-9f72c6160288;d3fb433e-3725-7369-ab08-82393a05893f
4616(099);af18cc7a-fa8f-11e2-8e56-9f72c6160288;ed10763a-b148-5790-0ea9-18a9e0900e26
4616(100);af18cc7a-fa8f-11e2-8e56-9f72c6160288;5a029a27-cc91-c287-28ac-a8c64b4e43f5
4616(101);af18cc7a-fa8f-11e2-8e56-9f72c6160288;8b08563c-6045-2f93-909c-75cfdf96cebf
4616(102);af18cc7a-fa8f-11e2-8e56-9f72c6160288;de0aa5d6-441e-c496-ed75-b71a545452b6
4616(103);af18cc7a-fa8f-11e2-8e56-9f72c6160288;1b170911-1c85-4d55-34d8-c81dfdd0d30b
4616(104);af18cc7a-fa8f-11e2-8e56-9f72c6160288;f5f26054-b754-ca3d-3eae-560e44979678
4616(105);af18cc7a-fa8f-11e2-8e56-9f72c6160288;b8b5eb0a-d815-d419-1196-8f46d42c02d7
4616(106);af18cc7a-fa8f-11e2-8e56-9f72c6160288;352dea25-f707-52f8-b3d8-eaa17fc015a2
4616(107);af18cc7a-fa8f-11e2-8e56-9f72c6160288;5c296212-ac21-3a50-bc2e-34322a9705c3
4616(108);af18cc7a-fa8f-11e2-8e56-9f72c6160288;d361bd8a-7641-4837-ad8a-8b2c78dc352b
4616(109);af18cc7a-fa8f-11e2-8e56-9f72c6160288;9b7b7c6a-fc3e-64b6-8986-27062b2bcb35
4616(110);af18cc7a-fa8f-11e2-8e56-9f72c6160288;4e49cdb6-7ff7-ad70-655f-3501d52f1b27
4616(111);af18cc7a-fa8f-11e2-8e56-9f72c6160288;fbc2a0a6-4536-bc5e-03d5-216a0c8cc9f1
4616(112);af18cc7a-fa8f-11e2-8e56-9f72c6160288;7a6da4d5-67a5-22dd-9a4a-c47fdda11213
4616(113);af18cc7a-fa8f-11e2-8e56-9f72c6160288;e39af0c7-4e77-c526-741a-2da51db7717b
4616(114);af18cc7a-fa8f-11e2-8e56-9f72c6160288;53ad3019-7d83-ee4f-ae41-797c1231a4b6
4616(115);af18cc7a-fa8f-11e2-8e56-9f72c6160288;6a50fda7-5031-4d06-0614-08b18e6d106d
4616(116);af18cc7a-fa8f-11e2-8e56-9f72c6160288;9e61a847-2b44-ebdc-563a-c4fe8f6708da
4616(117);af18cc7a-fa8f-11e2-8e56-9f72c6160288;056bdb72-7d0a-b7fc-37da-6b28feb63c8d
4616(118);af18cc7a-fa8f-11e2-8e56-9f72c6160288;8a537ad3-6406-d1bc-9ca4-507b96a2f53f
4616(119);af18cc7a-fa8f-11e2-8e56-9f72c6160288;a883b928-e718-d224-7ce0-02d5a7c7bdba
4616(120);af18cc7a-fa8f-11e2-8e56-9f72c6160288;88772bf9-4cbb-938c-914b-19f66ca02606
4616(121);af18cc7a-fa8f-11e2-8e56-9f72c6160288;66d4a462-3e49-6db8-8c7a-7ea1250dd2c6
4616(122);af18cc7a-fa8f-11e2-8e56-9f72c6160288;8d330c19-6a06-40fb-5674-d8f3291d4960
4616(123);af18cc7a-fa8f-11e2-8e56-9f72c6160288;03b8cc6f-4a0d-049a-759f-954ef0f83e9d
4616(124);af18cc7a-fa8f-11e2-8e56-9f72c6160288;c3e3d1c4-c0b6-f1e7-29e2-ec68c95c0ed2
4616(125);af18cc7a-fa8f-11e2-8e56-9f72c6160288;62885fa6-25e5-7bd9-4cf7-f1c1d39b12ce
4616(126);af18cc7a-fa8f-11e2-8e56-9f72c6160288;f909a822-2049-1f40-98fe-a5a5c386a955
4616(127);af18cc7a-fa8f-11e2-8e56-9f72c6160288;f809d059-e411-3e0e-98ed-b0b245f67ce4
4616(128);af18cc7a-fa8f-11e2-8e56-9f72c6160288;44d0f05e-a8dc-f686-3ea8-9f5ba9fab5c6
4616(129);af18cc7a-fa8f-11e2-8e56-9f72c6160288;8f4aa600-a7b4-cd22-70fd-e9cce9f144e9
4616(130);af18cc7a-fa8f-11e2-8e56-9f72c6160288;35ffb5cb-62ce-1d78-4b6a-142386ca8674
4616(131);af18cc7a-fa8f-11e2-8e56-9f72c6160288;3b4d41ef-8841-7fdf-38f9-e478f92eae6a
4616(132);af18cc7a-fa8f-11e2-8e56-9f72c6160288;6634f53d-6b76-9cc9-5566-48427e1ea057
4616(133);af18cc7a-fa8f-11e2-8e56-9f72c6160288;d4908293-4d92-03af-5131-2dcc54a0c522
4616(134);af18cc7a-fa8f-11e2-8e56-9f72c6160288;87e88c68-75e7-9331-c444-35687a028265
4616(135);af18cc7a-fa8f-11e2-8e56-9f72c6160288;b154c600-f73c-6ec7-ccd1-6e38088fba7b
4616(136);af18cc7a-fa8f-11e2-8e56-9f72c6160288;9404c7c2-ef6f-f59b-1911-186af47f2deb
4616(137);af18cc7a-fa8f-11e2-8e56-9f72c6160288;ef37f758-30f5-4afe-cbe1-c5445ab4ffae
4616(138);af18cc7a-fa8f-11e2-8e56-9f72c6160288;32d205c8-318f-e728-790f-42d0a6c9f7a4
4616(139);af18cc7a-fa8f-11e2-8e56-9f72c6160288;f731595f-7df4-f997-5cd4-1faafc33003a
4616(140);af18cc7a-fa8f-11e2-8e56-9f72c6160288;0d15d697-da07-712f-cf06-4d8a3af92a3b
4616(141);af18cc7a-fa8f-11e2-8e56-9f72c6160288;c9875b95-8906-c0f7-5cb7-52e3943ad31c
4616(142);af18cc7a-fa8f-11e2-8e56-9f72c6160288;60600d42-47ea-336f-41df-b669278aba50
4616(143);af18cc7a-fa8f-11e2-8e56-9f72c6160288;18c0c9cd-e886-056f-39c1-9818aad57b9a
4616(144);af18cc7a-fa8f-11e2-8e56-9f72c6160288;b00555f0-9b41-6f09-915b-cd41d509bda9
4616(145);af18cc7a-fa8f-11e2-8e56-9f72c6160288;5d191991-1053-39c4-25b6-89cb298096f2
4616(146);af18cc7a-fa8f-11e2-8e56-9f72c6160288;e6616849-8df9-a2b5-52ea-ad41a0c4c382
4616(147);af18cc7a-fa8f-11e2-8e56-9f72c6160288;b071442d-675c-3567-334d-8c93070fb410
4616(148);af18cc7a-fa8f-11e2-8e56-9f72c6160288;46b293ad-f2fc-da13-f2e2-72d0e02044c9
4616(149);af18cc7a-fa8f-11e2-8e56-9f72c6160288;e4921751-cacd-f694-80e6-7fc78554da97
4616(150);af18cc7a-fa8f-11e2-8e56-9f72c6160288;a3671212-1e77-7743-2c3f-d35750e61829
4616(151);af18cc7a-fa8f-11e2-8e56-9f72c6160288;fe128144-0afe-f137-54ff-4c4b1cf92e84
4616(152);af18cc7a-fa8f-11e2-8e56-9f72c6160288;0736d8c7-d843-9fb2-1194-86adff03e999
4616(153);af18cc7a-fa8f-11e2-8e56-9f72c6160288;b584df0f-7ddd-26f8-4072-0e1ff2dda2ab
4616(154);af18cc7a-fa8f-11e2-8e56-9f72c6160288;df97c526-9184-c802-70b6-37b71369ea8e
4616(155);af18cc7a-fa8f-11e2-8e56-9f72c6160288;f0601c56-1dc3-9002-70c3-ba059f0d63f8
4616(156);af18cc7a-fa8f-11e2-8e56-9f72c6160288;5c913c34-16bc-fce3-b654-e1a0b95eec05
4616(157);af18cc7a-fa8f-11e2-8e56-9f72c6160288;15e819f6-996d-96f0-0d93-a9cb6b2d147c
4616(158);af18cc7a-fa8f-11e2-8e56-9f72c6160288;2e351d77-339b-f890-603b-7e203ba6cf8b
4616(159);af18cc7a-fa8f-11e2-8e56-9f72c6160288;363cf4d3-2784-0cc4-e40d-e3c1c616e665
4616(160);af18cc7a-fa8f-11e2-8e56-9f72c6160288;8b05ffda-5ec4-208a-69db-b557fec00026
4616(161);af18cc7a-fa8f-11e2-8e56-9f72c6160288;58ca38f6-4322-3c98-363d-44f3bafef0a8
4616(162);af18cc7a-fa8f-11e2-8e56-9f72c6160288;ac809fe7-50bd-5325-7795-c2f4167569e7
4616(163);af18cc7a-fa8f-11e2-8e56-9f72c6160288;1ff6e4f8-bac5-ade9-390d-2e26d51e80c7
4616(164);af18cc7a-fa8f-11e2-8e56-9f72c6160288;17ab49d6-0e84-c198-0b40-d5a41c23b905
4616(165);af18cc7a-fa8f-11e2-8e56-9f72c6160288;43b195c0-a9fc-b85e-9686-8d753053b803
4616(166);af18cc7a-fa8f-11e2-8e56-9f72c6160288;a6791724-e3e6-8d70-8513-78f667e0f07c
4616(167);af18cc7a-fa8f-11e2-8e56-9f72c6160288;5b507c33-09e3-df30-0d49-c7ca7724d3f3
4616(168);af18cc7a-fa8f-11e2-8e56-9f72c6160288;cb80965c-87cf-b012-0c1a-d43c5cf1b370
4616(169);af18cc7a-fa8f-11e2-8e56-9f72c6160288;8de5fb49-30c1-bd3a-12e3-658e52b73318
4616(170);af18cc7a-fa8f-11e2-8e56-9f72c6160288;def412ac-49a5-ce69-2a1d-76f158354305
4616(171);af18cc7a-fa8f-11e2-8e56-9f72c6160288;4f4a5a10-68ce-d50f-602b-e9257b447150
4616(172);af18cc7a-fa8f-11e2-8e56-9f72c6160288;d41b4666-b19b-aec8-bf3c-12cc1701e6d4
4616(173);af18cc7a-fa8f-11e2-8e56-9f72c6160288;f627a24b-eb01-4ea6-26ec-d14bd63a2385
4616(174);af18cc7a-fa8f-11e2-8e56-9f72c6160288;131e8863-cb5e-8196-62bf-73ce4cd99fc3
4617;af18cc7a-fa8f-11e2-8e56-9f72c6160288;bfe47e90-e848-8cf6-13ff-d22e07a14fdb
4618 (lost);af18cc7a-fa8f-11e2-8e56-9f72c6160288;569f859e-3f1a-4b78-2d27-a0cf683486d9
4619;af18cc7a-fa8f-11e2-8e56-9f72c6160288;09bf49e5-7120-6544-7bf4-0e8e7bda5562
462;af18cc7a-fa8f-11e2-8e56-9f72c6160288;d0683e13-34a5-6603-5468-5910b420c22c
4620;af18cc7a-fa8f-11e2-8e56-9f72c6160288;e5444ab3-091e-d65c-7f6a-472b77887156
4622;af18cc7a-fa8f-11e2-8e56-9f72c6160288;48533c8f-593c-8550-8bb9-416471a9cf7c
4623;af18cc7a-fa8f-11e2-8e56-9f72c6160288;754f757e-1ff5-c23d-ed51-e6265d74fb74
4624;af18cc7a-fa8f-11e2-8e56-9f72c6160288;a668d7b5-04ad-9a9f-fb4e-a7dc18ea3121
4625;af18cc7a-fa8f-11e2-8e56-9f72c6160288;89b87622-0029-ccd7-07d1-b64b8ff3734d
4626 (lost);af18cc7a-fa8f-11e2-8e56-9f72c6160288;
463;af18cc7a-fa8f-11e2-8e56-9f72c6160288;27058f76-4be3-64f2-5d78-e34025dfdab1
4630;af18cc7a-fa8f-11e2-8e56-9f72c6160288;5e870700-1c65-fe0e-f78a-8d7a7705be1f
4631;af18cc7a-fa8f-11e2-8e56-9f72c6160288;9a4cd1de-829f-4ad0-479c-87708baafa33
4632;af18cc7a-fa8f-11e2-8e56-9f72c6160288;14495afe-9459-db05-b5cf-50ba59d035ca
4633;af18cc7a-fa8f-11e2-8e56-9f72c6160288;720422f5-066b-2359-0d31-a1950214bee3
4634;af18cc7a-fa8f-11e2-8e56-9f72c6160288;670a18e1-c313-fc85-ba51-d8bd12625ce8
464;af18cc7a-fa8f-11e2-8e56-9f72c6160288;6f1b0dcc-6a91-c8d3-7b7a-e81d095086c9
465;af18cc7a-fa8f-11e2-8e56-9f72c6160288;370cc71f-be92-4c13-cf02-f6ce43a3e09d
466;af18cc7a-fa8f-11e2-8e56-9f72c6160288;b8669d2c-ef65-b470-05b8-5f60b8a4b663
467;af18cc7a-fa8f-11e2-8e56-9f72c6160288;5ba0ada0-86fe-d43e-beef-99eba4ed5b77
4678 (lost);af18cc7a-fa8f-11e2-8e56-9f72c6160288;
468;af18cc7a-fa8f-11e2-8e56-9f72c6160288;2d521ac1-b4c9-ce14-3ee1-a6d6f07c962b
469;af18cc7a-fa8f-11e2-8e56-9f72c6160288;58863f6b-0ed9-06ef-2c71-09963c99fa87
47;af18cc7a-fa8f-11e2-8e56-9f72c6160288;0ae4c7c4-7c20-fcc7-ec70-b5cd4964e871
471;af18cc7a-fa8f-11e2-8e56-9f72c6160288;97c67d6d-893d-b53d-29d8-0bae1f637db0
472;af18cc7a-fa8f-11e2-8e56-9f72c6160288;0ecef652-9503-3754-f984-c91c70b3deb0
473;af18cc7a-fa8f-11e2-8e56-9f72c6160288;d8f4a936-6c77-3acb-5753-c2bbab81a62e
474;af18cc7a-fa8f-11e2-8e56-9f72c6160288;5e03c9e6-bd29-b941-8885-6c5695c71291
475;af18cc7a-fa8f-11e2-8e56-9f72c6160288;3c1fecff-1d2c-d6e4-e996-a3daefe12e39
4769;af18cc7a-fa8f-11e2-8e56-9f72c6160288;f4cfdb4a-7257-d893-7930-455b1f9925da
476 (lost);af18cc7a-fa8f-11e2-8e56-9f72c6160288;
477;af18cc7a-fa8f-11e2-8e56-9f72c6160288;92d0a4d3-87ba-c41b-b905-26cba6759104
4770;af18cc7a-fa8f-11e2-8e56-9f72c6160288;f344fb68-539d-871b-2938-96f13f872741
4771;af18cc7a-fa8f-11e2-8e56-9f72c6160288;f663f738-1aeb-8550-74df-c6aa3d7dd714
4772;af18cc7a-fa8f-11e2-8e56-9f72c6160288;1ff7a4d0-4a8d-b132-688b-bbce3f4a5a66
4772B (lost);af18cc7a-fa8f-11e2-8e56-9f72c6160288;
4772C (lost);af18cc7a-fa8f-11e2-8e56-9f72c6160288;
4776;af18cc7a-fa8f-11e2-8e56-9f72c6160288;47510d2f-d228-ddf9-472f-2e2bb9131515
4777;af18cc7a-fa8f-11e2-8e56-9f72c6160288;8bf8e828-72ed-189f-d88c-917815ed757e
4778;af18cc7a-fa8f-11e2-8e56-9f72c6160288;00e89408-b9d4-56b2-fbb7-86bd0c0a0ab7
4779;af18cc7a-fa8f-11e2-8e56-9f72c6160288;65056c93-4a9f-befd-9131-c472fcd840b0
478;af18cc7a-fa8f-11e2-8e56-9f72c6160288;bde0842a-aba2-177f-70aa-87005633862b
4780;af18cc7a-fa8f-11e2-8e56-9f72c6160288;3b0453ca-1b1c-cf1d-efa2-c7f0654b7d9c
4781;af18cc7a-fa8f-11e2-8e56-9f72c6160288;cf6b6047-b46c-16f6-a9ce-4e88209224a8
4782;af18cc7a-fa8f-11e2-8e56-9f72c6160288;d73e10d1-3ad5-1746-1ca2-64a345d0a425
4783;af18cc7a-fa8f-11e2-8e56-9f72c6160288;80c3989c-92e9-8def-6515-004b3e41939b
4784;af18cc7a-fa8f-11e2-8e56-9f72c6160288;10119bbe-471e-7e9d-30e5-7d125760a61e
4785;af18cc7a-fa8f-11e2-8e56-9f72c6160288;c5c6fd0a-c907-b329-3304-eb0ea0fb1226
4786;af18cc7a-fa8f-11e2-8e56-9f72c6160288;3364263e-a42f-27d6-be3b-bdecc412f34f
4787;af18cc7a-fa8f-11e2-8e56-9f72c6160288;93582fa4-e130-367a-0602-6810f77a372d
479;af18cc7a-fa8f-11e2-8e56-9f72c6160288;08945cc1-674b-da95-cc87-84d5357fb5a2
48;af18cc7a-fa8f-11e2-8e56-9f72c6160288;3bfb79c8-8acb-289c-e562-164521d57230
480;af18cc7a-fa8f-11e2-8e56-9f72c6160288;ab4f611e-cf8f-29bd-4a17-6652999eb808
4802;af18cc7a-fa8f-11e2-8e56-9f72c6160288;36e1c150-7562-c219-4ff5-5981b115b262
4803;af18cc7a-fa8f-11e2-8e56-9f72c6160288;da153d45-5c8f-6c2b-406e-034969ab2566
4804;af18cc7a-fa8f-11e2-8e56-9f72c6160288;e54b87c7-6ef9-0b4e-b281-792c636b12e7
4804_e02_r;af18cc7a-fa8f-11e2-8e56-9f72c6160288;61225dff-4cf6-7fd6-a27c-0e1c6b3a6a56
4804_fol.01_r;af18cc7a-fa8f-11e2-8e56-9f72c6160288;6d3c2487-ea7f-e8c6-9f3f-3603b509fec0
4804_fol.01_v;af18cc7a-fa8f-11e2-8e56-9f72c6160288;ad7dd1f1-1393-baeb-1c53-0675738a72ea
4804_fol.02_r;af18cc7a-fa8f-11e2-8e56-9f72c6160288;c0ac6096-2a2e-532f-697a-d5695b7b2404
4804_fol.02_v;af18cc7a-fa8f-11e2-8e56-9f72c6160288;2cb9bfff-430d-3b75-4e98-b32ed020ca3a
4804_fol.03_r;af18cc7a-fa8f-11e2-8e56-9f72c6160288;8981d9e1-577e-0d12-40a2-f4f3351e1428
4804_fol.03_v;af18cc7a-fa8f-11e2-8e56-9f72c6160288;7b3f0a5a-9dfc-3436-468a-65c52f9b7478
4804_fol.04_r;af18cc7a-fa8f-11e2-8e56-9f72c6160288;c026d2ed-d954-95a7-0253-f4c0576f0b2c
4804_fol.04_v;af18cc7a-fa8f-11e2-8e56-9f72c6160288;fbba7070-5aaf-b3ae-f231-d252157718bb
4804_fol.05_r;af18cc7a-fa8f-11e2-8e56-9f72c6160288;d7572155-f6bb-dacd-2217-6d2a6f165928
4804_fol.05_v;af18cc7a-fa8f-11e2-8e56-9f72c6160288;fe567ae6-ac7f-8f71-ef1f-64dfefba29ae
4804_fol.06_r;af18cc7a-fa8f-11e2-8e56-9f72c6160288;5a05fd59-69e9-ec1b-24d2-a7fb49df12b6
4804_fol.06_v;af18cc7a-fa8f-11e2-8e56-9f72c6160288;274b785a-adcb-7e46-1bd3-987ea1751a64
4804_fol.07_r;af18cc7a-fa8f-11e2-8e56-9f72c6160288;26afe66d-7737-11a3-b1e5-fd284e5fbec7
4804_fol.07_v;af18cc7a-fa8f-11e2-8e56-9f72c6160288;5f786372-6d05-f43b-bed5-4536ffdf3d84
4804_fol.08_r;af18cc7a-fa8f-11e2-8e56-9f72c6160288;4c64b3c8-0884-4542-a5fb-0af4c1e07d1d
4804_fol.08_v;af18cc7a-fa8f-11e2-8e56-9f72c6160288;4ed611d2-9218-df5b-f817-8b19c432b2c0
4804_fol.09_r;af18cc7a-fa8f-11e2-8e56-9f72c6160288;b50ba846-0c7c-6899-e529-6d658020d98e
4804_fol.09_v;af18cc7a-fa8f-11e2-8e56-9f72c6160288;8572033d-f892-a070-265a-4255d15c0724
4804_fol.10_r;af18cc7a-fa8f-11e2-8e56-9f72c6160288;fbf05397-a62f-3dc3-8bb3-e33378533bdc
4804_fol.10_v;af18cc7a-fa8f-11e2-8e56-9f72c6160288;cd98b040-00df-c2e6-84d6-c364da7b9b12
4804_fol.11_r;af18cc7a-fa8f-11e2-8e56-9f72c6160288;338b2ff5-7196-c0cc-6f79-686790896c49
4804_fol.11_v;af18cc7a-fa8f-11e2-8e56-9f72c6160288;b4159f60-ead7-dac0-7a63-73d1987f5c71
4804_fol.12_r;af18cc7a-fa8f-11e2-8e56-9f72c6160288;f375c87e-d58a-96e3-c137-de192a8eca1d
4804_fol.12_v;af18cc7a-fa8f-11e2-8e56-9f72c6160288;93031c2f-f0a7-044f-495b-87d3fe4b0a6d
4804_fol.13_r;af18cc7a-fa8f-11e2-8e56-9f72c6160288;076e26d9-892b-d5bf-8951-022282394d60
4804_fol.13_v;af18cc7a-fa8f-11e2-8e56-9f72c6160288;d1c3021d-7553-eea9-b327-aef3d6edd6be
4804_fol.14_r;af18cc7a-fa8f-11e2-8e56-9f72c6160288;419775b3-a6d2-6baf-f061-e51d0b0f8e4f
4804_fol.14_v;af18cc7a-fa8f-11e2-8e56-9f72c6160288;0dae146b-b06b-9f84-f755-77166414b5a0
4804_fol.15_r;af18cc7a-fa8f-11e2-8e56-9f72c6160288;7e5f75f2-3fa7-7e7c-ceb8-980a54821eea
4804_fol.15_v;af18cc7a-fa8f-11e2-8e56-9f72c6160288;899f2dfc-f81d-afce-4bea-a92ece40da3b
4804_fol.16_r;af18cc7a-fa8f-11e2-8e56-9f72c6160288;5d9572e2-f98e-e61d-3865-564df63905e7
4804_fol.16_v;af18cc7a-fa8f-11e2-8e56-9f72c6160288;dd21c275-b7a4-89a5-da77-33dc2cc4ad6e
4804_fol.17_r;af18cc7a-fa8f-11e2-8e56-9f72c6160288;901ea017-d093-136b-5ae4-ed7f46f011c4
4804_fol.17_v;af18cc7a-fa8f-11e2-8e56-9f72c6160288;b3a1925b-dec5-31c2-bcd5-72217ece7212
4804_fol.18_r;af18cc7a-fa8f-11e2-8e56-9f72c6160288;c93cdf96-04c8-6768-675b-7e02e8d19bf1
4804_fol.18_v;af18cc7a-fa8f-11e2-8e56-9f72c6160288;c8095c78-0324-bcbe-b141-30e8b10d446c
4804_fol.19_r;af18cc7a-fa8f-11e2-8e56-9f72c6160288;e87d13a1-daaf-3696-1ecb-df38c917a959
4804_fol.19_v;af18cc7a-fa8f-11e2-8e56-9f72c6160288;57b08693-2d86-1826-5045-66d32b26f202
4804_fol.20_r;af18cc7a-fa8f-11e2-8e56-9f72c6160288;4ff14b52-3dcb-fcbf-05fa-5e114c879de0
4804_fol.20_v;af18cc7a-fa8f-11e2-8e56-9f72c6160288;7c4f2ceb-db09-caf4-373a-9f315c69d288
4804_fol.21_r;af18cc7a-fa8f-11e2-8e56-9f72c6160288;84808bf7-acc4-5b4e-e5d5-c016740186bd
4804_fol.21_v;af18cc7a-fa8f-11e2-8e56-9f72c6160288;9ca44ab2-cfdb-18f4-4f43-75484ac0b792
4804_fol.22_r;af18cc7a-fa8f-11e2-8e56-9f72c6160288;f79d6fc1-e573-b7b4-73e2-bdb08d8771e9
4804_fol.22_v;af18cc7a-fa8f-11e2-8e56-9f72c6160288;b85e84bf-5100-d735-f153-7e36af129308
4804_fol.23_r;af18cc7a-fa8f-11e2-8e56-9f72c6160288;bfd491f9-27dd-7365-b51d-f1bd4525e98b
4804_fol.23_v;af18cc7a-fa8f-11e2-8e56-9f72c6160288;9aac15cd-0020-3a9f-776b-8245becae052
4804_fol.24_r;af18cc7a-fa8f-11e2-8e56-9f72c6160288;66d7a319-2f0b-ac61-0e42-70822d17cbb0
4804_fol.24_v;af18cc7a-fa8f-11e2-8e56-9f72c6160288;93cc7835-3831-cd24-d45b-2ba434c54458
4807;af18cc7a-fa8f-11e2-8e56-9f72c6160288;097005e0-f317-5381-6df8-b2ae834661e6
4808;af18cc7a-fa8f-11e2-8e56-9f72c6160288;8b0207b0-6858-0ba7-505e-8f83827c65b0
481;af18cc7a-fa8f-11e2-8e56-9f72c6160288;a2f24386-f13c-2c00-4e8b-1f1798bd6603
4818;af18cc7a-fa8f-11e2-8e56-9f72c6160288;02d4570c-9211-fa6b-b88a-74bbcb4037e6
4819;af18cc7a-fa8f-11e2-8e56-9f72c6160288;91da3735-309a-2b72-7d7f-39f2edef9149
482;af18cc7a-fa8f-11e2-8e56-9f72c6160288;149ee45c-5ae7-5c68-31d7-c7a830011358
4822;af18cc7a-fa8f-11e2-8e56-9f72c6160288;0cdb3d40-4e28-58f7-979e-171833f177d4
4826;af18cc7a-fa8f-11e2-8e56-9f72c6160288;fb495c7a-5956-8dd2-c518-16d50daaee00
4837;af18cc7a-fa8f-11e2-8e56-9f72c6160288;16ad1713-a0f4-1fce-86a2-6d33e56fa954
4838;af18cc7a-fa8f-11e2-8e56-9f72c6160288;1d1dd269-5309-c8a8-e523-8d00d5939e0b
4839 (lost);af18cc7a-fa8f-11e2-8e56-9f72c6160288;
483 (lost);af18cc7a-fa8f-11e2-8e56-9f72c6160288;
4840;af18cc7a-fa8f-11e2-8e56-9f72c6160288;4589b18e-4731-c639-eacb-4229e39d639c
4844;af18cc7a-fa8f-11e2-8e56-9f72c6160288;d3f07472-60d9-0c69-9eba-71a189b49670
4845;af18cc7a-fa8f-11e2-8e56-9f72c6160288;34aea8a9-3577-f792-b015-04f3c40565b9
4846 (lost);af18cc7a-fa8f-11e2-8e56-9f72c6160288;
484A;af18cc7a-fa8f-11e2-8e56-9f72c6160288;7aa7c53e-850d-b856-f843-d6b5e13776dc
484B;af18cc7a-fa8f-11e2-8e56-9f72c6160288;76cc604b-8774-7a49-4bd6-edacbc597d08
485;af18cc7a-fa8f-11e2-8e56-9f72c6160288;e8acb527-efee-b899-c163-1b0060094516
486;af18cc7a-fa8f-11e2-8e56-9f72c6160288;2364e0a1-5053-591d-efa5-a565fe7d012a
4876;af18cc7a-fa8f-11e2-8e56-9f72c6160288;e94e5562-b8fd-0165-6c69-1f2a3cb86434
4877;af18cc7a-fa8f-11e2-8e56-9f72c6160288;a4cd3cec-26f4-eb46-2cc5-c058bd4ac726
4878;af18cc7a-fa8f-11e2-8e56-9f72c6160288;af64caba-d700-1309-a112-53fc1c49e11a
4881;af18cc7a-fa8f-11e2-8e56-9f72c6160288;8ac21575-9259-e70c-3534-3a7b03ac2741
4882;af18cc7a-fa8f-11e2-8e56-9f72c6160288;d394f8e6-2b67-8d61-330d-0fe568ae95df
4883;af18cc7a-fa8f-11e2-8e56-9f72c6160288;e284765c-6ed7-89cc-aba0-1e3b327ae890
4884;af18cc7a-fa8f-11e2-8e56-9f72c6160288;e4d3a1e5-5055-e5e5-b5d4-89564ab4508f
4887;af18cc7a-fa8f-11e2-8e56-9f72c6160288;05775151-582d-a99a-2270-1bcbe50215b3
4888;af18cc7a-fa8f-11e2-8e56-9f72c6160288;4dd058ce-d2be-0682-256d-401f265e05ae
488 (lost);af18cc7a-fa8f-11e2-8e56-9f72c6160288;
4890;af18cc7a-fa8f-11e2-8e56-9f72c6160288;68bbb8f0-17b8-a8be-d965-a92f0b01bda1
4892;af18cc7a-fa8f-11e2-8e56-9f72c6160288;c1c1b143-f3b5-e92f-08b1-b83f92d9395d
4893;af18cc7a-fa8f-11e2-8e56-9f72c6160288;60708c8a-b8c9-d74f-c18d-3f1375f3c6c7
4894;af18cc7a-fa8f-11e2-8e56-9f72c6160288;2ba31584-638b-0a40-207e-25444ac21098
4895;af18cc7a-fa8f-11e2-8e56-9f72c6160288;cc0511bf-35cb-590a-8588-ea6737fe008d
49;af18cc7a-fa8f-11e2-8e56-9f72c6160288;26624a2f-265d-bed7-1178-c42a0650cf71
4900;af18cc7a-fa8f-11e2-8e56-9f72c6160288;27393e81-71b0-7c98-33b7-e5e76e0eb19d
4902;af18cc7a-fa8f-11e2-8e56-9f72c6160288;01f2e183-1095-2f59-b2cc-db88977e8e55
4904;af18cc7a-fa8f-11e2-8e56-9f72c6160288;6b332b8f-02ba-63ad-6c22-e08442bbc621
4951;af18cc7a-fa8f-11e2-8e56-9f72c6160288;3b8cfa86-6f09-4043-af7a-7fafb9e42fb2
4953;af18cc7a-fa8f-11e2-8e56-9f72c6160288;de408dac-6fb7-3cee-80f1-27fa708ab105
4954;af18cc7a-fa8f-11e2-8e56-9f72c6160288;ffc813c6-cc88-a7ef-e1e7-05a434f2d880
4955 (lost);af18cc7a-fa8f-11e2-8e56-9f72c6160288;d8d8c781-c48d-cd3b-5c78-a99fc1db2063
4956A;af18cc7a-fa8f-11e2-8e56-9f72c6160288;9a58c38b-4cf2-ce57-a6c8-e4af83bdbd36
4956B;af18cc7a-fa8f-11e2-8e56-9f72c6160288;9c72087e-d132-c0d9-daf3-76bccb850f14
4957;af18cc7a-fa8f-11e2-8e56-9f72c6160288;06e6f935-d568-d828-3f0d-021f511c98af
4958 (lost);af18cc7a-fa8f-11e2-8e56-9f72c6160288;
4959;af18cc7a-fa8f-11e2-8e56-9f72c6160288;dfe80880-f5f1-710b-138d-57c301b76d6f
4960;af18cc7a-fa8f-11e2-8e56-9f72c6160288;34987094-c984-f80b-7d04-7707afa3b4f0
4962;af18cc7a-fa8f-11e2-8e56-9f72c6160288;8bd8f80e-54c2-fedb-3e26-cc0da1015ba0
4963;af18cc7a-fa8f-11e2-8e56-9f72c6160288;ee0e56f1-206f-03b1-68c7-54439ed5f9cc
4964;af18cc7a-fa8f-11e2-8e56-9f72c6160288;1a382186-c854-ea7c-5ef2-56127b87aaa5
4965;af18cc7a-fa8f-11e2-8e56-9f72c6160288;094ad49c-6111-b14a-d7b5-c23b020e7e65
4969;af18cc7a-fa8f-11e2-8e56-9f72c6160288;bb48b6ae-e37c-08ee-34c8-e6614f652de0
4970;af18cc7a-fa8f-11e2-8e56-9f72c6160288;6bcca6e5-ce5c-efce-83f2-b8c3cba765b0
4971;af18cc7a-fa8f-11e2-8e56-9f72c6160288;1b5aebc5-7977-8e1c-9b90-afb5c56caaf0
4972A;af18cc7a-fa8f-11e2-8e56-9f72c6160288;5c56032f-596a-0897-113f-e776406994f3
4972B;af18cc7a-fa8f-11e2-8e56-9f72c6160288;9ce8db0c-da02-9d74-48fa-15c21ce63999
4972C;af18cc7a-fa8f-11e2-8e56-9f72c6160288;08419d5e-e3a6-021f-adc3-c7967d0bca3c
4973;af18cc7a-fa8f-11e2-8e56-9f72c6160288;415b0f0e-5ba1-c29d-8031-d108bb455982
4974;af18cc7a-fa8f-11e2-8e56-9f72c6160288;34ee4626-36f0-2ffd-ec58-d006d23e10a1
4975;af18cc7a-fa8f-11e2-8e56-9f72c6160288;97a647f9-fe4e-7aeb-3e87-236a9ce0d1f7
4976;af18cc7a-fa8f-11e2-8e56-9f72c6160288;7f0984e4-fecd-542c-4726-b205ea754eab
4977A;af18cc7a-fa8f-11e2-8e56-9f72c6160288;0f51c94d-780c-72e6-7b61-b463c67c5da1
4977B;af18cc7a-fa8f-11e2-8e56-9f72c6160288;0b2a509a-2f2e-d443-2683-0cf52c1a88d1
4977C;af18cc7a-fa8f-11e2-8e56-9f72c6160288;02d5893d-9711-fed3-bf55-86956c7754b5
4977D;af18cc7a-fa8f-11e2-8e56-9f72c6160288;66a543a1-4db2-b158-f5fb-1b2cd907f768
4977E;af18cc7a-fa8f-11e2-8e56-9f72c6160288;7794b9c0-ab9d-2665-a1bf-818f180c6cd5
4977F;af18cc7a-fa8f-11e2-8e56-9f72c6160288;3b0f0d76-2c30-650e-8f7d-873d6321608a
4983;af18cc7a-fa8f-11e2-8e56-9f72c6160288;ec996cfe-6332-25b8-1178-873dae573c46
4984;af18cc7a-fa8f-11e2-8e56-9f72c6160288;2da55b32-fb05-526c-36a6-73bfea1bf869
4985;af18cc7a-fa8f-11e2-8e56-9f72c6160288;48051638-55fc-1f72-aed5-864ed7e54df9
4986;af18cc7a-fa8f-11e2-8e56-9f72c6160288;0ef4bb4c-c58e-6147-a571-114ad9198c18
4996;af18cc7a-fa8f-11e2-8e56-9f72c6160288;e7ec7fdd-a28c-e106-496d-a4d8426749e8
4997;af18cc7a-fa8f-11e2-8e56-9f72c6160288;a74ff84c-43d2-b627-6dee-9503d6a129d1
5;af18cc7a-fa8f-11e2-8e56-9f72c6160288;a01265cb-414a-2867-e7ee-395f877cb5c2
50;af18cc7a-fa8f-11e2-8e56-9f72c6160288;1306f3ef-974b-f59a-e36f-988861ac07cf
5003 (lost);af18cc7a-fa8f-11e2-8e56-9f72c6160288;2f89aeb1-e6c5-3c96-0d43-8ac110909881
501;af18cc7a-fa8f-11e2-8e56-9f72c6160288;e9623029-a349-1f2a-379a-147874ad36a1
502;af18cc7a-fa8f-11e2-8e56-9f72c6160288;0b9dab0c-25a6-50d3-eeae-53ac61890d42
5037;af18cc7a-fa8f-11e2-8e56-9f72c6160288;ec62e948-4e30-05a3-0b0b-7fe3bb4872f8
5038;af18cc7a-fa8f-11e2-8e56-9f72c6160288;6924096a-033f-6aad-c9a5-b133418d18fd
5039;af18cc7a-fa8f-11e2-8e56-9f72c6160288;6a3d3567-f42f-2deb-af71-cfd0c2332934
5040;af18cc7a-fa8f-11e2-8e56-9f72c6160288;933aebcc-62dc-0118-083c-dc1314b48a30
5041;af18cc7a-fa8f-11e2-8e56-9f72c6160288;253df3ce-95bb-b0be-f84d-bacb0191a57c
5042;af18cc7a-fa8f-11e2-8e56-9f72c6160288;374ef9ca-be1f-5fe7-bd10-df0568992e2a
5043;af18cc7a-fa8f-11e2-8e56-9f72c6160288;004a4913-4795-58be-b8d1-0c67e0304aa9
5044;af18cc7a-fa8f-11e2-8e56-9f72c6160288;619c3e4a-2081-1456-c31a-190884fe6e82
5045;af18cc7a-fa8f-11e2-8e56-9f72c6160288;0e193899-59a5-78f6-c2df-9280f32d9e87
5046;af18cc7a-fa8f-11e2-8e56-9f72c6160288;3f1ad8bb-0d80-5560-3222-0c0ac272e68d
5047;af18cc7a-fa8f-11e2-8e56-9f72c6160288;7f308ad8-71c1-60ff-ac26-010f3aba3aa0
5049 (lost);af18cc7a-fa8f-11e2-8e56-9f72c6160288;
505;af18cc7a-fa8f-11e2-8e56-9f72c6160288;33cde74d-a74f-841b-a99d-800f17924169
506;af18cc7a-fa8f-11e2-8e56-9f72c6160288;f6d88b76-8980-d819-0b2a-d8f72b9658ab
5060;af18cc7a-fa8f-11e2-8e56-9f72c6160288;a5e72b11-b8dc-1c11-9312-f80929614247
5061;af18cc7a-fa8f-11e2-8e56-9f72c6160288;d8774d19-822e-99e3-2e74-c235ca3b7425
5063;af18cc7a-fa8f-11e2-8e56-9f72c6160288;d6860330-a43a-aed4-b955-f0747d8dc6ce
5065;af18cc7a-fa8f-11e2-8e56-9f72c6160288;5b3b38dc-ad25-39ca-5f9c-e77425d596f1
5066;af18cc7a-fa8f-11e2-8e56-9f72c6160288;d9375a1a-6679-ab53-c6d6-60215316abd7
5067;af18cc7a-fa8f-11e2-8e56-9f72c6160288;1133fc64-84ee-ea9a-2da6-c6f9e2f63778
5068;af18cc7a-fa8f-11e2-8e56-9f72c6160288;6221b1da-2292-ac76-e69e-9888edd58e27
5069;af18cc7a-fa8f-11e2-8e56-9f72c6160288;6fe91db4-cad4-2b2a-cd99-a74284743764
507;af18cc7a-fa8f-11e2-8e56-9f72c6160288;ae667af8-7815-7812-b950-10071aebc68f
5070;af18cc7a-fa8f-11e2-8e56-9f72c6160288;09294004-a8d3-cfe3-32d6-f8aabf5538dd
5072;af18cc7a-fa8f-11e2-8e56-9f72c6160288;8d796188-950e-4f71-7ae6-ea446078f190
5073;af18cc7a-fa8f-11e2-8e56-9f72c6160288;eef5b2ab-f750-7470-148e-f3f8f307080e
5074;af18cc7a-fa8f-11e2-8e56-9f72c6160288;e418452e-cf5b-d25d-7b9c-0d242c07b1b7
5075;af18cc7a-fa8f-11e2-8e56-9f72c6160288;46ab9608-79ea-6318-25c3-ebaeccbfd55d
5076;af18cc7a-fa8f-11e2-8e56-9f72c6160288;06504abe-069b-d584-51d5-fd039fb79ed3
5077;af18cc7a-fa8f-11e2-8e56-9f72c6160288;b343c4b3-bb81-b19d-b74c-070140a28d92
5078;af18cc7a-fa8f-11e2-8e56-9f72c6160288;717f3b80-dc95-359b-2cb3-10fcd55dd801
5079;af18cc7a-fa8f-11e2-8e56-9f72c6160288;7615d21b-be28-3db8-0e33-c788ea0e9c56
5080;af18cc7a-fa8f-11e2-8e56-9f72c6160288;5bfb6a81-6d3e-c927-557a-2d01d1af721a
5081;af18cc7a-fa8f-11e2-8e56-9f72c6160288;a72c1c10-67c6-971b-7930-6a682d390627
5082;af18cc7a-fa8f-11e2-8e56-9f72c6160288;2df2c8ba-91da-3fa0-6832-487ec057ab4d
5083A;af18cc7a-fa8f-11e2-8e56-9f72c6160288;a765ca98-195b-5a48-81df-a4cf6188da92
5083B;af18cc7a-fa8f-11e2-8e56-9f72c6160288;78dc2752-4884-a6e9-ec19-0103190015c8
5084;af18cc7a-fa8f-11e2-8e56-9f72c6160288;affada10-15eb-d44a-d0fe-f83b417a736e
5085;af18cc7a-fa8f-11e2-8e56-9f72c6160288;ef091954-6125-0a55-b09e-e06977d08ee7
5087;af18cc7a-fa8f-11e2-8e56-9f72c6160288;0f0e371d-d17e-75b9-7e42-4795a86e5399
5088;af18cc7a-fa8f-11e2-8e56-9f72c6160288;b00bff19-4921-6c18-191b-24656ee8406e
5090;af18cc7a-fa8f-11e2-8e56-9f72c6160288;d961ec66-380c-bacb-6971-156b2e1e3fee
5091;af18cc7a-fa8f-11e2-8e56-9f72c6160288;172a1b07-9422-5d06-b068-dee68f3a1fb8
5092;af18cc7a-fa8f-11e2-8e56-9f72c6160288;41320314-d7a5-8a66-0483-b61ea4c51886
5093;af18cc7a-fa8f-11e2-8e56-9f72c6160288;5f88f9f0-1663-6375-3447-be23f4b1cb61
5094;af18cc7a-fa8f-11e2-8e56-9f72c6160288;4a0baa35-1987-6a3e-18f8-54b2be02ab8e
5095;af18cc7a-fa8f-11e2-8e56-9f72c6160288;91eae32c-f85c-b95f-75a9-3f4d0f0e58e5
5096;af18cc7a-fa8f-11e2-8e56-9f72c6160288;72c58bd2-1cce-7ddf-fe76-c44ffc3807ba
5097;af18cc7a-fa8f-11e2-8e56-9f72c6160288;79dade38-a1aa-2803-6791-79ce767d00fd
5098;af18cc7a-fa8f-11e2-8e56-9f72c6160288;2ef614c0-e5b4-678e-0b15-409500b099c2
5099;af18cc7a-fa8f-11e2-8e56-9f72c6160288;96048148-90ad-6d5b-073a-6f987ea79fa4
5100;af18cc7a-fa8f-11e2-8e56-9f72c6160288;50653484-471a-24e8-b02f-cd0ec2151b31
5101;af18cc7a-fa8f-11e2-8e56-9f72c6160288;562e7b15-d7ed-846a-fcd4-bd9c5c803f1a
5102;af18cc7a-fa8f-11e2-8e56-9f72c6160288;9be973c5-1afd-112e-7077-233396d45fd2
5103;af18cc7a-fa8f-11e2-8e56-9f72c6160288;ced2dd7a-348c-086a-1542-22410fb129ea
5107;af18cc7a-fa8f-11e2-8e56-9f72c6160288;cfba269f-14e5-6e92-66a8-a6fc18e6cb5f
5108;af18cc7a-fa8f-11e2-8e56-9f72c6160288;dd71dc4c-2826-19a8-007a-3b1cdad61cbd
5109;af18cc7a-fa8f-11e2-8e56-9f72c6160288;79fc392e-6337-c3b9-022f-f1d3e8987a3c
5110;af18cc7a-fa8f-11e2-8e56-9f72c6160288;311a9c99-514b-9286-fa0f-cefeb5379821
5111;af18cc7a-fa8f-11e2-8e56-9f72c6160288;7ac9faef-5a82-ed2e-2d0a-1b136624bdc1
5112;af18cc7a-fa8f-11e2-8e56-9f72c6160288;6fd17c23-c297-1ea5-bbfc-ae0412c1e44c
5113;af18cc7a-fa8f-11e2-8e56-9f72c6160288;08ad7058-f716-5ebc-f672-2eafa210e5a5
5119;af18cc7a-fa8f-11e2-8e56-9f72c6160288;7c495b21-afb0-6e45-1c50-0c2203ba970a
5124;af18cc7a-fa8f-11e2-8e56-9f72c6160288;51ac19ae-df5e-1fb5-2c91-3d3c61d358bb
5125;af18cc7a-fa8f-11e2-8e56-9f72c6160288;8f54d4bf-d3b0-f852-12e6-f58350cc2180
5131;af18cc7a-fa8f-11e2-8e56-9f72c6160288;c1ef2cfc-63d7-85d7-53af-4f05d7a890a5
5132;af18cc7a-fa8f-11e2-8e56-9f72c6160288;129e6580-01b1-d76d-4a6c-183c5260e6e2
5134;af18cc7a-fa8f-11e2-8e56-9f72c6160288;1c4b7044-4981-ae9d-40ea-90768cabd2f9
5135 (lost);af18cc7a-fa8f-11e2-8e56-9f72c6160288;c6fa3432-0213-5002-14fd-2088aae67840
5140;af18cc7a-fa8f-11e2-8e56-9f72c6160288;676e27b9-7f05-c7df-3fb0-c5e5cda3ece3
5141;af18cc7a-fa8f-11e2-8e56-9f72c6160288;2f7eece3-4e23-a48b-7e67-7d676482472b
5144;af18cc7a-fa8f-11e2-8e56-9f72c6160288;da8db4f0-afee-2ae2-ffb3-99212bc713e7
5145;af18cc7a-fa8f-11e2-8e56-9f72c6160288;f25c4073-185e-5a60-967b-c747a079fd33
5147;af18cc7a-fa8f-11e2-8e56-9f72c6160288;b7a36aea-0156-199f-710f-dbf5d1ecb180
5155;af18cc7a-fa8f-11e2-8e56-9f72c6160288;4ff45302-2030-836b-fd8b-4d22f47dce65
5159A (lost);af18cc7a-fa8f-11e2-8e56-9f72c6160288;66c53ca6-42d0-0989-6e22-206e029387db
5160;af18cc7a-fa8f-11e2-8e56-9f72c6160288;e598f982-685f-7b72-b0a1-a16a923110db
5161;af18cc7a-fa8f-11e2-8e56-9f72c6160288;ad6d983a-1511-4942-a1c5-fabc5a3e109d
5162;af18cc7a-fa8f-11e2-8e56-9f72c6160288;0774b398-61c3-b028-04fe-f7754b85d481
5163 (lost);af18cc7a-fa8f-11e2-8e56-9f72c6160288;fe3eda99-b32e-f37d-2697-69c6da724a32
5166;af18cc7a-fa8f-11e2-8e56-9f72c6160288;1f105413-3f73-b75d-da34-87517db73801
5167;af18cc7a-fa8f-11e2-8e56-9f72c6160288;665be0b8-dc7d-00f9-7d8a-232955a499eb
5173;af18cc7a-fa8f-11e2-8e56-9f72c6160288;73389424-ae1f-187c-81ad-bb4292e5beb9
5174;af18cc7a-fa8f-11e2-8e56-9f72c6160288;0482b296-d10e-d1ba-4b9f-a71c9916215b
5180;af18cc7a-fa8f-11e2-8e56-9f72c6160288;a300cf2e-122b-fcb0-d5b3-19d39bd8074e
5181;af18cc7a-fa8f-11e2-8e56-9f72c6160288;93d6f20b-488b-ee1e-96fb-abe1e3166eeb
5182;af18cc7a-fa8f-11e2-8e56-9f72c6160288;8ad1fd7c-61c5-31a2-9624-8a0003c206bb
5183;af18cc7a-fa8f-11e2-8e56-9f72c6160288;e40acf18-cc9a-ed95-a00a-bde6b44d84e1
5184;af18cc7a-fa8f-11e2-8e56-9f72c6160288;d307a431-3731-c0fa-f290-e918a7efaa24
5185;af18cc7a-fa8f-11e2-8e56-9f72c6160288;3f1df2b8-cf73-c55c-90f4-04be03e387dc
5185B (lost);af18cc7a-fa8f-11e2-8e56-9f72c6160288;
5187;af18cc7a-fa8f-11e2-8e56-9f72c6160288;7e3f2731-200c-478b-21a5-64d2b3f02bcf
5189;af18cc7a-fa8f-11e2-8e56-9f72c6160288;88a8234e-0f7c-e51a-0bc2-0bbd65246780
5190;af18cc7a-fa8f-11e2-8e56-9f72c6160288;e3db02cd-487e-c649-f40a-e906d5664ed3
5193;af18cc7a-fa8f-11e2-8e56-9f72c6160288;af2a1d8a-c0c1-6548-1b7a-7467d038158b
5194;af18cc7a-fa8f-11e2-8e56-9f72c6160288;43cef88f-ca42-bfdb-1229-292f0f7de009
5195;af18cc7a-fa8f-11e2-8e56-9f72c6160288;90750104-a285-297c-7f48-49edc83f8169
5197;af18cc7a-fa8f-11e2-8e56-9f72c6160288;852de8ad-4c5f-806d-3fd7-532c5871de1c
5198;af18cc7a-fa8f-11e2-8e56-9f72c6160288;99205c1a-efee-bac0-5ac7-8418114936df
5199;af18cc7a-fa8f-11e2-8e56-9f72c6160288;0e47b11a-f120-9e3e-93c9-49f9895d6546
51A;af18cc7a-fa8f-11e2-8e56-9f72c6160288;5efb7f2c-8930-1df7-82ac-399e58fc2c16
51B;af18cc7a-fa8f-11e2-8e56-9f72c6160288;c40034b8-1fd0-6723-e31e-ef991cdf6c01
52;af18cc7a-fa8f-11e2-8e56-9f72c6160288;3dfa188a-4ed6-0b6a-e404-680cef5b0b16
5200;af18cc7a-fa8f-11e2-8e56-9f72c6160288;abce6463-df1e-e6fc-33a4-17cf396470cf
5201;af18cc7a-fa8f-11e2-8e56-9f72c6160288;461c7541-290b-8e02-821d-43e10c6cae33
5202;af18cc7a-fa8f-11e2-8e56-9f72c6160288;9a0c110f-3e59-189a-214a-6fbffbfee21b
5203;af18cc7a-fa8f-11e2-8e56-9f72c6160288;555b439b-8259-fd3a-83a4-6fa759a6c4c0
5204;af18cc7a-fa8f-11e2-8e56-9f72c6160288;7c76d8fa-5add-c89c-3ccb-4b5aaff92d52
5205 (lost);af18cc7a-fa8f-11e2-8e56-9f72c6160288;
5206;af18cc7a-fa8f-11e2-8e56-9f72c6160288;4cbc1060-63a4-2d09-fb08-1b12b9c445ac
5207;af18cc7a-fa8f-11e2-8e56-9f72c6160288;f72a844a-b75f-51eb-b2e5-6f869e0732a6
5208 (lost);af18cc7a-fa8f-11e2-8e56-9f72c6160288;
5209;af18cc7a-fa8f-11e2-8e56-9f72c6160288;aa5b9f77-09a9-6170-f1a3-8c5ca7a98397
5210 (lost);af18cc7a-fa8f-11e2-8e56-9f72c6160288;
5211;af18cc7a-fa8f-11e2-8e56-9f72c6160288;45aa7bcd-8fe5-6544-44ca-04586a4555ab
5212;af18cc7a-fa8f-11e2-8e56-9f72c6160288;6225ece2-51b2-9148-891b-272ae0251cec
5213;af18cc7a-fa8f-11e2-8e56-9f72c6160288;7f4a8925-b534-fe23-bf78-698a851ade73
5214;af18cc7a-fa8f-11e2-8e56-9f72c6160288;fc3e936a-b488-31fa-3d5e-9062f9502073
5215;af18cc7a-fa8f-11e2-8e56-9f72c6160288;1dca0d93-3d90-d8db-f1f7-e88c7c451d85
5216;af18cc7a-fa8f-11e2-8e56-9f72c6160288;f86ce403-af31-237b-f462-b7b647c31f8e
5217;af18cc7a-fa8f-11e2-8e56-9f72c6160288;8e9dd0e2-3d55-352f-5377-5f3214214260
5218;af18cc7a-fa8f-11e2-8e56-9f72c6160288;92557f71-9c47-9d3d-6ea5-f7d55ae8fd34
5219;af18cc7a-fa8f-11e2-8e56-9f72c6160288;261e169b-ef90-9ba6-6787-47694da0d5fd
522;af18cc7a-fa8f-11e2-8e56-9f72c6160288;fbc22c9c-2d50-36ee-f9ab-bc16e6341ff5
5220;af18cc7a-fa8f-11e2-8e56-9f72c6160288;8bfa14b7-3d9b-3d2f-7ea5-03e9dc35fc18
5221;af18cc7a-fa8f-11e2-8e56-9f72c6160288;f7591796-ce61-0bac-6261-23ef8db2fb5d
5222;af18cc7a-fa8f-11e2-8e56-9f72c6160288;3ac92ff0-f1f6-c658-6cc9-197ddf09c984
5223;af18cc7a-fa8f-11e2-8e56-9f72c6160288;7305e1b7-9093-dbb5-348a-b2d5862d268e
5224;af18cc7a-fa8f-11e2-8e56-9f72c6160288;f618af5c-f9df-5418-446f-ca17f582254a
5225 (lost);af18cc7a-fa8f-11e2-8e56-9f72c6160288;
5227;af18cc7a-fa8f-11e2-8e56-9f72c6160288;75a31fe1-6920-b32f-da8e-600229963f4d
523;af18cc7a-fa8f-11e2-8e56-9f72c6160288;e1dad456-b9ca-02b6-4b46-8ed657adf31c
5234;af18cc7a-fa8f-11e2-8e56-9f72c6160288;0cbc4e0f-a9af-8e07-1199-dff2da40a688
5235 (lost);af18cc7a-fa8f-11e2-8e56-9f72c6160288;
5245;af18cc7a-fa8f-11e2-8e56-9f72c6160288;a997ec85-23ab-a481-f87c-373c2a819f46
5246;af18cc7a-fa8f-11e2-8e56-9f72c6160288;850d3a39-9150-0a41-e3ba-84a018aa9153
5249;af18cc7a-fa8f-11e2-8e56-9f72c6160288;197504d8-9f7c-f5e9-8b0e-e200865df0f4
5250;af18cc7a-fa8f-11e2-8e56-9f72c6160288;3cea24eb-bfe2-ac3e-544d-5aada552c1dc
5251;af18cc7a-fa8f-11e2-8e56-9f72c6160288;ddfe29da-d97d-50db-e72f-4a98e94cd7ea
5253;af18cc7a-fa8f-11e2-8e56-9f72c6160288;5eb0b0a0-e83d-5250-eb63-44c8c34f101b
5255;af18cc7a-fa8f-11e2-8e56-9f72c6160288;e0e18601-e97a-900d-5b8e-2bbef80f4377
5256;af18cc7a-fa8f-11e2-8e56-9f72c6160288;c037ba2c-30dd-f74e-11c1-eda6b80306e5
5257;af18cc7a-fa8f-11e2-8e56-9f72c6160288;1474eac3-35b3-99e6-e3be-f90c44af379b
5258;af18cc7a-fa8f-11e2-8e56-9f72c6160288;5aa866b5-752a-4fc7-760d-a1d6664e8804
5259;af18cc7a-fa8f-11e2-8e56-9f72c6160288;df9dcc4f-857c-0362-34ba-a5544171b879
526;af18cc7a-fa8f-11e2-8e56-9f72c6160288;717dce4f-64b0-e9a2-afcb-4080a3595e63
5260;af18cc7a-fa8f-11e2-8e56-9f72c6160288;e5bc3a6f-ed13-676c-c0a2-914bc679422e
5261;af18cc7a-fa8f-11e2-8e56-9f72c6160288;141a0ab5-de69-d6ef-dcc9-a642826b4466
5262;af18cc7a-fa8f-11e2-8e56-9f72c6160288;8b81508b-1bc5-05a6-94c5-1981eb2a0ad8
5263 (lost);af18cc7a-fa8f-11e2-8e56-9f72c6160288;
5264;af18cc7a-fa8f-11e2-8e56-9f72c6160288;cf546fcb-9341-d9a2-2f5a-4b26ff26fb11
5265;af18cc7a-fa8f-11e2-8e56-9f72c6160288;e95755ce-5297-5416-5a4e-00df1157538f
5266;af18cc7a-fa8f-11e2-8e56-9f72c6160288;9867dd55-229c-df0d-3836-4738bd7f3e12
5267;af18cc7a-fa8f-11e2-8e56-9f72c6160288;d0cbb84c-4b59-74af-636f-aae1baa0c7d1
5268;af18cc7a-fa8f-11e2-8e56-9f72c6160288;26337f96-9a10-1080-bfa6-65f3bf6e1913
5269;af18cc7a-fa8f-11e2-8e56-9f72c6160288;949b9112-2756-1a1d-e1ec-a5d7722fd416
5270;af18cc7a-fa8f-11e2-8e56-9f72c6160288;94870770-79e9-afd7-13d7-854162d1518a
5271 (lost);af18cc7a-fa8f-11e2-8e56-9f72c6160288;
5272;af18cc7a-fa8f-11e2-8e56-9f72c6160288;46d31536-e282-93fd-b758-05aa61f342f4
5273;af18cc7a-fa8f-11e2-8e56-9f72c6160288;ab8f3558-6c9c-2bd2-2ca4-b7f177f8ef4e
5274;af18cc7a-fa8f-11e2-8e56-9f72c6160288;07b431c8-9548-dae9-3b3e-a6171dec80de
5275;af18cc7a-fa8f-11e2-8e56-9f72c6160288;0190c4cd-5e4d-4e7a-1178-092e3e6f8a1d
5276;af18cc7a-fa8f-11e2-8e56-9f72c6160288;b992108c-4d61-74b8-35f6-c2b72574508a
5278;af18cc7a-fa8f-11e2-8e56-9f72c6160288;518e3f2c-f286-a034-d7e6-a7c6245cb298
5280;af18cc7a-fa8f-11e2-8e56-9f72c6160288;5222bbc4-411e-f410-3a89-136d8c9d7709
5281;af18cc7a-fa8f-11e2-8e56-9f72c6160288;693e037e-e6c6-cec9-86a1-b489c9ba2ea8
5284;af18cc7a-fa8f-11e2-8e56-9f72c6160288;8a90b5db-1e65-e15e-9840-debde3dd9734
5285;af18cc7a-fa8f-11e2-8e56-9f72c6160288;5ac3925e-da0f-12bb-7188-a3a514d7a953
5286;af18cc7a-fa8f-11e2-8e56-9f72c6160288;a395a8e7-7b2e-cae7-2daf-a5ae00c58674
5287;af18cc7a-fa8f-11e2-8e56-9f72c6160288;8d1ce0bf-bc1b-88a2-6541-21193ab63245
5289;af18cc7a-fa8f-11e2-8e56-9f72c6160288;d929920e-66fa-9543-e48a-8424cb675e95
5290;af18cc7a-fa8f-11e2-8e56-9f72c6160288;256420d7-f087-6912-d36e-c0fee2478436
5294;af18cc7a-fa8f-11e2-8e56-9f72c6160288;45423f6c-f4e3-ed77-a835-cd8f0ba0968a
5297;af18cc7a-fa8f-11e2-8e56-9f72c6160288;52ff4509-ee4a-d4c4-2188-619ba7e3e815
5298;af18cc7a-fa8f-11e2-8e56-9f72c6160288;3fa40db1-afe3-f6fe-70b3-911e0ea77b3e
5299;af18cc7a-fa8f-11e2-8e56-9f72c6160288;f47c4db8-aea6-b252-93ac-8a456cdda4c1
53;af18cc7a-fa8f-11e2-8e56-9f72c6160288;d9d465c4-acff-7520-23f3-305a5e810e99
5300;af18cc7a-fa8f-11e2-8e56-9f72c6160288;89b039a9-9082-cf2e-8d94-9922db95c98e
5301;af18cc7a-fa8f-11e2-8e56-9f72c6160288;c87b3640-7383-649b-5bc5-6377782cdc22
5302;af18cc7a-fa8f-11e2-8e56-9f72c6160288;eef341e9-94f5-fadb-1048-2dc856b7baaa
5303;af18cc7a-fa8f-11e2-8e56-9f72c6160288;ebd5061b-e0e4-81e1-dbca-6069f7a4984b
5304;af18cc7a-fa8f-11e2-8e56-9f72c6160288;d9875cb7-c822-5c43-b509-72081597865d
5305;af18cc7a-fa8f-11e2-8e56-9f72c6160288;7ea5e571-b4ba-5145-70f2-163fd70c970b
5323;af18cc7a-fa8f-11e2-8e56-9f72c6160288;e0649e6a-5ce6-209f-d1c5-3faf41a23e0c
533;af18cc7a-fa8f-11e2-8e56-9f72c6160288;34d95bc2-9677-397e-a243-8670504a5d84
534;af18cc7a-fa8f-11e2-8e56-9f72c6160288;dcd1397c-cc81-3b08-90dd-11939dbe2197
537;af18cc7a-fa8f-11e2-8e56-9f72c6160288;698985a9-22c5-7365-9164-5740d3e899d5
5377;af18cc7a-fa8f-11e2-8e56-9f72c6160288;5c190517-a152-1200-97a4-494eadcf636e
5378;af18cc7a-fa8f-11e2-8e56-9f72c6160288;18bad0f1-6dd2-c45a-4f01-36ad7e11ccc9
5379;af18cc7a-fa8f-11e2-8e56-9f72c6160288;7dd869be-5254-a391-dc1d-268e602c7fd7
538;af18cc7a-fa8f-11e2-8e56-9f72c6160288;bf16e6e4-52f3-eff5-9ef1-405c4188fed5
5380 (lost);af18cc7a-fa8f-11e2-8e56-9f72c6160288;
5381 (lost);af18cc7a-fa8f-11e2-8e56-9f72c6160288;
5382 (lost);af18cc7a-fa8f-11e2-8e56-9f72c6160288;
5383 (lost);af18cc7a-fa8f-11e2-8e56-9f72c6160288;
5384 (lost);af18cc7a-fa8f-11e2-8e56-9f72c6160288;
5393;af18cc7a-fa8f-11e2-8e56-9f72c6160288;874de954-5d85-6e87-3768-34654c0e86c9
5394;af18cc7a-fa8f-11e2-8e56-9f72c6160288;b64e40c0-c34a-216e-52f9-1dae5b673972
5418;af18cc7a-fa8f-11e2-8e56-9f72c6160288;b15d7b74-f6e2-5c90-012a-674dcfa83ed8
5419;af18cc7a-fa8f-11e2-8e56-9f72c6160288;ac249a2f-3935-ef34-b2f8-ee1e2e98ddf8
5422;af18cc7a-fa8f-11e2-8e56-9f72c6160288;dfd3d6c2-6738-ff4b-9b66-e192cc3a5c02
5423;af18cc7a-fa8f-11e2-8e56-9f72c6160288;186214d7-e0e3-a44b-54b7-268ba844dadc
5424;af18cc7a-fa8f-11e2-8e56-9f72c6160288;cd3e4dc7-7513-2ce5-e51e-f49d2f97bb22
544;af18cc7a-fa8f-11e2-8e56-9f72c6160288;e1a7e987-ffd9-8ec0-4d66-8a95e03bbbc0
5444;af18cc7a-fa8f-11e2-8e56-9f72c6160288;54ce84a7-1c6c-9dc4-ce52-c7cbf16efd29
5447;af18cc7a-fa8f-11e2-8e56-9f72c6160288;547f9d47-274c-5fd8-a4a1-ac46ea40b197
545;af18cc7a-fa8f-11e2-8e56-9f72c6160288;b24dce72-33dd-b62b-a513-54e3e2ccc184
5455;af18cc7a-fa8f-11e2-8e56-9f72c6160288;a3aafc3e-3f30-77d3-73fe-d4e5d45308e9
5461;af18cc7a-fa8f-11e2-8e56-9f72c6160288;6f42197d-638f-642e-86f8-1e4cac0862cd
5462;af18cc7a-fa8f-11e2-8e56-9f72c6160288;1d16c253-84e7-709d-6743-71a515b7aede
5463;af18cc7a-fa8f-11e2-8e56-9f72c6160288;0de390ef-fc94-1c6a-1837-f42de2eb77b5
5464;af18cc7a-fa8f-11e2-8e56-9f72c6160288;b7b9c7cd-382b-3ca7-5cf2-0f74641ae08c
5468;af18cc7a-fa8f-11e2-8e56-9f72c6160288;3f5351b7-b250-3031-dec4-74ab958a5949
5469;af18cc7a-fa8f-11e2-8e56-9f72c6160288;3a894ee0-209b-7ff0-9c5e-84eadfbc051c
5470;af18cc7a-fa8f-11e2-8e56-9f72c6160288;067ff9f9-36ff-135d-d94f-c08b4549d77d
5475;af18cc7a-fa8f-11e2-8e56-9f72c6160288;9f070eab-193d-b6f0-8d89-707b82a8cb98
5481;af18cc7a-fa8f-11e2-8e56-9f72c6160288;83a00739-6871-8359-30ef-cb277a5cb265
5482;af18cc7a-fa8f-11e2-8e56-9f72c6160288;759bf3b3-1208-28b4-f450-4c565379d559
5483;af18cc7a-fa8f-11e2-8e56-9f72c6160288;b4d95d14-aa3d-8e63-7d7a-dc966987d534
5484;af18cc7a-fa8f-11e2-8e56-9f72c6160288;b9e7efba-e7a0-cd0f-6dd4-20f576e7a7cf
5487;af18cc7a-fa8f-11e2-8e56-9f72c6160288;7528c2bb-40d4-d1ef-3ac8-d16b40a81b03
5488;af18cc7a-fa8f-11e2-8e56-9f72c6160288;ae1ff1ad-59af-79ae-7e6a-3a93db223530
5489A;af18cc7a-fa8f-11e2-8e56-9f72c6160288;d16a4db9-68c0-22b1-8d27-9da3501df6ca
5489B;af18cc7a-fa8f-11e2-8e56-9f72c6160288;2399c4bb-b911-3aa3-3201-ecc23bfa683e
5489C;af18cc7a-fa8f-11e2-8e56-9f72c6160288;b362ad99-3f65-14b2-f282-edbe1279b354
5489D;af18cc7a-fa8f-11e2-8e56-9f72c6160288;b7718e61-ac83-73a7-b7bf-f80cb48d7d96
5490 (lost);af18cc7a-fa8f-11e2-8e56-9f72c6160288;
5491 (lost);af18cc7a-fa8f-11e2-8e56-9f72c6160288;2e8b394a-e9f0-bea5-a221-61afe2eb45ff
5492;af18cc7a-fa8f-11e2-8e56-9f72c6160288;f3de4385-36ab-d2ea-9468-fdfad017ef65
5498;af18cc7a-fa8f-11e2-8e56-9f72c6160288;c539dcbb-4759-e892-7d09-efa1825016a3
54 (lost);af18cc7a-fa8f-11e2-8e56-9f72c6160288;
5501;af18cc7a-fa8f-11e2-8e56-9f72c6160288;98468455-8071-1640-1a70-b77f0cf7c95e
5501.fol.10r;af18cc7a-fa8f-11e2-8e56-9f72c6160288;5dd89bbf-a89e-d336-348f-787a59811f43
5501.fol.11r;af18cc7a-fa8f-11e2-8e56-9f72c6160288;da820e0e-b5df-e5c5-867a-ae468a673de0
5501.fol.12r;af18cc7a-fa8f-11e2-8e56-9f72c6160288;1be702e7-9a49-4475-9e50-b4e8070f4293
5501.fol.13r;af18cc7a-fa8f-11e2-8e56-9f72c6160288;8e179199-89e3-e01c-dae3-e5f107c08a94
5501.fol.14r;af18cc7a-fa8f-11e2-8e56-9f72c6160288;d1eb1f57-6f48-4679-3179-e292d9e820df
5501.fol.15r;af18cc7a-fa8f-11e2-8e56-9f72c6160288;3eecabaa-b62f-fefb-4ea2-804a6ad91518
5501.fol.16r;af18cc7a-fa8f-11e2-8e56-9f72c6160288;f036008c-4426-5d70-99c3-a5a633203201
5501.fol.17r;af18cc7a-fa8f-11e2-8e56-9f72c6160288;80613329-984a-2ea3-d9b6-6e841d234992
5501.fol.18r;af18cc7a-fa8f-11e2-8e56-9f72c6160288;d8f37dd5-bf06-2627-1138-15c3a2d07373
5501.fol.19r;af18cc7a-fa8f-11e2-8e56-9f72c6160288;288ff749-6d33-8f7f-e5ec-239fb1a52758
5501.fol.1r;af18cc7a-fa8f-11e2-8e56-9f72c6160288;0c959626-b251-0b61-2b0b-9e9581ade0db
5501.fol.20r;af18cc7a-fa8f-11e2-8e56-9f72c6160288;cca2cfeb-27d4-f031-748c-cb9113e8cb3c
5501.fol.21r;af18cc7a-fa8f-11e2-8e56-9f72c6160288;2018a217-58a7-3bf6-83f7-d1b4c92dd578
5501.fol.2r;af18cc7a-fa8f-11e2-8e56-9f72c6160288;21e7707f-eb9b-c347-7006-916dd9d69296
5501.fol.3r;af18cc7a-fa8f-11e2-8e56-9f72c6160288;910b55e9-71a4-aa36-c41d-c4d93d7d672f
5501.fol.4r;af18cc7a-fa8f-11e2-8e56-9f72c6160288;ce1f3808-0502-3337-df58-48ab98b7161d
5501.fol.5r;af18cc7a-fa8f-11e2-8e56-9f72c6160288;62d0c69f-8ad2-4c54-8011-610190041478
5501.fol.6r;af18cc7a-fa8f-11e2-8e56-9f72c6160288;3a300c1f-2676-b6b8-8ef2-77bf96335ed5
5501.fol.7r;af18cc7a-fa8f-11e2-8e56-9f72c6160288;6e06a4a1-eff0-7247-fc6f-e7f51408678a
5501.fol.8r;af18cc7a-fa8f-11e2-8e56-9f72c6160288;1e6188e0-2e62-7042-838c-cb104d07b6c9
5501.fol.9r;af18cc7a-fa8f-11e2-8e56-9f72c6160288;3072459a-371a-8d92-3485-d9cb4c2855e3
5502;af18cc7a-fa8f-11e2-8e56-9f72c6160288;31ffa2a4-1406-bfca-02f6-8f6e54497dc4
5502.fol.10r;af18cc7a-fa8f-11e2-8e56-9f72c6160288;0dbf92b4-0dc3-119c-b007-7db85f0d0aeb
5502.fol.12r;af18cc7a-fa8f-11e2-8e56-9f72c6160288;d7c922e0-67e1-5f38-cee5-47d4a8ae8d27
5502.fol.13r;af18cc7a-fa8f-11e2-8e56-9f72c6160288;28b65cdc-5d1c-73e8-aefc-a949c8e87d95
5502.fol.14r;af18cc7a-fa8f-11e2-8e56-9f72c6160288;d66a496c-a613-d129-6466-3e275b0451fc
5502.fol.15r;af18cc7a-fa8f-11e2-8e56-9f72c6160288;bd51d67a-42c2-dec4-b22a-79bb1b6b741b
5502.fol.16r;af18cc7a-fa8f-11e2-8e56-9f72c6160288;2d93c0c6-a0d5-5f6c-9a4e-0ec22fdcf9ed
5502.fol.1r;af18cc7a-fa8f-11e2-8e56-9f72c6160288;c3c5d30d-5cea-95d6-0628-8e7b21969625
5502.fol.2r;af18cc7a-fa8f-11e2-8e56-9f72c6160288;885b813d-3f72-de88-2e4e-502eb41a5f99
5502.fol.3r;af18cc7a-fa8f-11e2-8e56-9f72c6160288;33d3d7af-0c3a-26a5-6b18-2f4775a2d05b
5502.fol.4r;af18cc7a-fa8f-11e2-8e56-9f72c6160288;0895b1f2-e17e-2a90-cde1-4c337a416569
5502.fol.5r;af18cc7a-fa8f-11e2-8e56-9f72c6160288;4215794a-9371-3ae5-3d4e-42e9a561aca6
5502.fol.6r;af18cc7a-fa8f-11e2-8e56-9f72c6160288;fddcd96a-7f9d-0529-b5b2-9ff48cb2fa0f
5502.fol.7r;af18cc7a-fa8f-11e2-8e56-9f72c6160288;13209555-2f1f-75e9-aa0f-513d13f077c6
5502.fol.8r;af18cc7a-fa8f-11e2-8e56-9f72c6160288;ccd75c33-019d-8d6e-e450-01d211762bd1
5502.fol.9r;af18cc7a-fa8f-11e2-8e56-9f72c6160288;5c66f1ac-90f2-b1d1-0a23-4b1a52e8c3ac
5503;af18cc7a-fa8f-11e2-8e56-9f72c6160288;0e97fc25-5934-561d-3c75-8855abf50afb
5503.fol.10r;af18cc7a-fa8f-11e2-8e56-9f72c6160288;da2353dd-f9ef-e556-ab35-2586cf67f8df
5503.fol.11r;af18cc7a-fa8f-11e2-8e56-9f72c6160288;cbde2003-a143-4a6e-80f7-351855fdef44
5503.fol.12r;af18cc7a-fa8f-11e2-8e56-9f72c6160288;cb64d04b-ad7d-a718-bd0a-94684ff1a53c
5503.fol.13r;af18cc7a-fa8f-11e2-8e56-9f72c6160288;3e882f58-88c2-ec9c-8f40-834ce76813ac
5503.fol.14r;af18cc7a-fa8f-11e2-8e56-9f72c6160288;9656a2fc-cfbd-3c3d-b532-dcb0b096ea51
5503.fol.15r;af18cc7a-fa8f-11e2-8e56-9f72c6160288;cca22550-6a36-cdce-a589-58dd9df51ce0
5503.fol.16r;af18cc7a-fa8f-11e2-8e56-9f72c6160288;f832b3cc-6bcb-c578-0c1e-69f156eb8cd5
5503.fol.17r;af18cc7a-fa8f-11e2-8e56-9f72c6160288;f9c20ea8-1653-e8c6-413b-f4ee13540655
5503.fol.1r;af18cc7a-fa8f-11e2-8e56-9f72c6160288;384dc5e4-96f6-97ce-d0db-8852126b95c9
5503.fol.2r;af18cc7a-fa8f-11e2-8e56-9f72c6160288;2768e2b6-57a5-73d6-0b26-4bce6695d48c
5503.fol.3r;af18cc7a-fa8f-11e2-8e56-9f72c6160288;a0fc6b92-b12a-2393-871d-18903088e32c
5503.fol.4r;af18cc7a-fa8f-11e2-8e56-9f72c6160288;17ba7919-a58a-2e95-76d3-0232de2fb3f4
5503.fol.5r;af18cc7a-fa8f-11e2-8e56-9f72c6160288;fcba6107-2815-edc6-d187-3333955c2d9a
5503.fol.6r;af18cc7a-fa8f-11e2-8e56-9f72c6160288;32b180de-c00e-7f5c-4e10-4e7534c8fba6
5503.fol.7r;af18cc7a-fa8f-11e2-8e56-9f72c6160288;c6f5bb71-dc1e-439b-29a4-6f8de2cd987b
5503.fol.8r;af18cc7a-fa8f-11e2-8e56-9f72c6160288;5b15aa73-6400-f1a2-dfea-d201399df29e
5503.fol.9r;af18cc7a-fa8f-11e2-8e56-9f72c6160288;59b1482d-83a6-4454-e054-1e7da96f0d3b
5511;af18cc7a-fa8f-11e2-8e56-9f72c6160288;1e65629c-0a3e-5dac-8380-00f2a86ac922
5511A;af18cc7a-fa8f-11e2-8e56-9f72c6160288;128d6955-9b48-8e43-e428-81d7e7e5f276
5520;af18cc7a-fa8f-11e2-8e56-9f72c6160288;08fc1352-d7e7-c2da-046d-c42146146715
5523;af18cc7a-fa8f-11e2-8e56-9f72c6160288;43ada263-822d-f0a3-5218-66ff9413c8f0
5537;af18cc7a-fa8f-11e2-8e56-9f72c6160288;165cba37-dc3c-01eb-cc4f-ad452546fdfb
5562A;af18cc7a-fa8f-11e2-8e56-9f72c6160288;d633363b-acfd-60a4-8923-58644c892fa9
5562B;af18cc7a-fa8f-11e2-8e56-9f72c6160288;a1adde0d-19b8-934d-40b5-fa871a84047c
5562C;af18cc7a-fa8f-11e2-8e56-9f72c6160288;92ff563b-0910-a82e-dd28-18fa2d10cb4e
5562D;af18cc7a-fa8f-11e2-8e56-9f72c6160288;9b6c4087-9fbb-95f9-1ac4-0ffdb2dafba3
5562E;af18cc7a-fa8f-11e2-8e56-9f72c6160288;e54daa01-d76f-0e6f-acd8-b2255cf37e06
5562F;af18cc7a-fa8f-11e2-8e56-9f72c6160288;474a50b5-baf8-f2a5-3b05-d7c3ac2537b8
5564;af18cc7a-fa8f-11e2-8e56-9f72c6160288;67439656-e491-4976-10e6-e20863963da6
5565;af18cc7a-fa8f-11e2-8e56-9f72c6160288;da48a69d-a12c-22fd-209c-645ea1019236
5566;af18cc7a-fa8f-11e2-8e56-9f72c6160288;5f6917b9-df60-5eeb-bcfe-4c3ca1c43744
5567;af18cc7a-fa8f-11e2-8e56-9f72c6160288;a7632661-b806-4ee8-1aba-3a1ea22eb412
5568;af18cc7a-fa8f-11e2-8e56-9f72c6160288;1b52352d-c710-ab76-a6f2-2033b46b96ba
5569;af18cc7a-fa8f-11e2-8e56-9f72c6160288;0e3c67db-3264-9fcb-9bad-dfa699bad802
5572;af18cc7a-fa8f-11e2-8e56-9f72c6160288;cb9bc7bf-e6c3-1bf7-5dc2-14e09125f9c2
55 (lost);af18cc7a-fa8f-11e2-8e56-9f72c6160288;
561;af18cc7a-fa8f-11e2-8e56-9f72c6160288;0ad57112-63ce-5bfa-4a77-7487cd1017da
562;af18cc7a-fa8f-11e2-8e56-9f72c6160288;8272d046-b26c-2870-f922-9f6f84b0bd8c
565;af18cc7a-fa8f-11e2-8e56-9f72c6160288;a37b25b7-ddbd-12f4-d6f9-12201fd111cc
5654;af18cc7a-fa8f-11e2-8e56-9f72c6160288;2685e202-582a-bdcc-3604-1a4f40aa36e0
5655A;af18cc7a-fa8f-11e2-8e56-9f72c6160288;38e8a8d2-7a1b-c047-7058-e5698155c503
5655(A/V);af18cc7a-fa8f-11e2-8e56-9f72c6160288;d7c320d9-d9e7-4126-ad2a-db1b2533fb52
5655B;af18cc7a-fa8f-11e2-8e56-9f72c6160288;c0942f46-c8a8-bbc5-8970-b44eecaf5d2e
5655C;af18cc7a-fa8f-11e2-8e56-9f72c6160288;da25a799-706a-c72e-39ad-d33af41a6607
5655D;af18cc7a-fa8f-11e2-8e56-9f72c6160288;f0127c5f-5dee-7e12-8923-e81641549c10
5655E;af18cc7a-fa8f-11e2-8e56-9f72c6160288;d358c00e-324f-c89c-d8cb-d9c3a3a26df2
5655F;af18cc7a-fa8f-11e2-8e56-9f72c6160288;f0984422-7eed-75ac-8de0-73e942ff94aa
5655G;af18cc7a-fa8f-11e2-8e56-9f72c6160288;e381cec3-ff37-93cf-c648-0af16dbaba3c
5655H;af18cc7a-fa8f-11e2-8e56-9f72c6160288;806cbf0a-f691-017b-bac1-b772dccb29a5
5655I;af18cc7a-fa8f-11e2-8e56-9f72c6160288;12a9d767-3632-8c83-128c-e5079dbd8fbc
5655J;af18cc7a-fa8f-11e2-8e56-9f72c6160288;487b5d8e-9571-c846-4636-6ab4b75c9565
5655K;af18cc7a-fa8f-11e2-8e56-9f72c6160288;d2fa817a-e8d5-0fce-ff06-db6766082e05
5655L;af18cc7a-fa8f-11e2-8e56-9f72c6160288;0c2da215-53ba-470c-2a30-bc4a68e73228
5655M;af18cc7a-fa8f-11e2-8e56-9f72c6160288;a8821529-c073-4140-d0f7-56d246751162
5655N;af18cc7a-fa8f-11e2-8e56-9f72c6160288;fa51456e-eaed-c5b1-031e-2fb30dd66891
5655O;af18cc7a-fa8f-11e2-8e56-9f72c6160288;2bbc4a76-b72e-e111-1be4-e21a2f17bc8b
5655P;af18cc7a-fa8f-11e2-8e56-9f72c6160288;abeceb7e-8cf3-92eb-7d39-831291830e9d
5655Q;af18cc7a-fa8f-11e2-8e56-9f72c6160288;9f95aef9-d41b-ed33-3578-175005078503
5655R;af18cc7a-fa8f-11e2-8e56-9f72c6160288;919c208b-b051-5774-6bae-068a35c694e1
5655S;af18cc7a-fa8f-11e2-8e56-9f72c6160288;f3cc0d3f-986c-b234-b86f-c6238954df55
5655T;af18cc7a-fa8f-11e2-8e56-9f72c6160288;a8d83431-3875-bd05-7c74-b1fdea91be2c
5655U;af18cc7a-fa8f-11e2-8e56-9f72c6160288;926701bf-f732-7b1f-aff1-9eb8c16c8b66
5655V;af18cc7a-fa8f-11e2-8e56-9f72c6160288;89b74bf9-afcc-46c4-2994-bcddb92ee7f1
5656;af18cc7a-fa8f-11e2-8e56-9f72c6160288;f667c203-0e61-c910-3ed3-3b6ae3a905f1
5666;af18cc7a-fa8f-11e2-8e56-9f72c6160288;7c7401ad-e63a-9df5-ffc6-ddb78dd863d9
566 (lost);af18cc7a-fa8f-11e2-8e56-9f72c6160288;
5672;af18cc7a-fa8f-11e2-8e56-9f72c6160288;49d293c9-9f5a-6346-d590-3d5656efa662
5674;af18cc7a-fa8f-11e2-8e56-9f72c6160288;91efb3d2-31bb-5364-dce0-508ca71dc802
5678;af18cc7a-fa8f-11e2-8e56-9f72c6160288;7c3bb6e7-26f6-0af5-c077-99d6c9b77be4
5679;af18cc7a-fa8f-11e2-8e56-9f72c6160288;02f10ea7-ba4f-020e-cd0f-62d5c8c5622c
5680;af18cc7a-fa8f-11e2-8e56-9f72c6160288;fd83d4db-6136-a8ea-3c9e-922a958ad29b
5681;af18cc7a-fa8f-11e2-8e56-9f72c6160288;4c3c6107-6682-7c4b-60c1-2c3bb50f3f1b
5682;af18cc7a-fa8f-11e2-8e56-9f72c6160288;57091a20-ba67-0a56-6b88-41b2767a4402
56 (lost);af18cc7a-fa8f-11e2-8e56-9f72c6160288;
57;af18cc7a-fa8f-11e2-8e56-9f72c6160288;68ee52b8-3013-f04c-c9ca-fa54c79f4a2d
5710;af18cc7a-fa8f-11e2-8e56-9f72c6160288;01e86d41-c5f1-8a50-8273-c3ca19944de3
5713;af18cc7a-fa8f-11e2-8e56-9f72c6160288;032640b8-9623-1427-14c4-61c713762099
5716;af18cc7a-fa8f-11e2-8e56-9f72c6160288;a1c1c43f-0d5c-079e-b41c-5df483d0d5a0
5719;af18cc7a-fa8f-11e2-8e56-9f72c6160288;d4631482-b597-c0a1-904b-cc88de8b99c6
5751;af18cc7a-fa8f-11e2-8e56-9f72c6160288;3a9e0f47-8693-d5b4-b8c0-038f872e0017
5752;af18cc7a-fa8f-11e2-8e56-9f72c6160288;54b0dec3-91ad-85a2-127a-8ab6d084d1f7
5762;af18cc7a-fa8f-11e2-8e56-9f72c6160288;27d8ed86-b9ae-2142-f7ed-76ce71062127
5786;af18cc7a-fa8f-11e2-8e56-9f72c6160288;6cde4c2d-10a2-c377-c772-eefa2dad7c3d
579;af18cc7a-fa8f-11e2-8e56-9f72c6160288;3542085c-63fe-b758-2a4f-f168e57d05e8
5792;af18cc7a-fa8f-11e2-8e56-9f72c6160288;fa6f02db-5a55-b610-f128-1e0f02523624
5794;af18cc7a-fa8f-11e2-8e56-9f72c6160288;5009770f-951b-91b6-aee9-0bef4db45051
58;af18cc7a-fa8f-11e2-8e56-9f72c6160288;dad0dad1-e13a-043f-2d21-1485aa4df443
5801;af18cc7a-fa8f-11e2-8e56-9f72c6160288;ab89cd3f-249c-bec7-19e4-786b462552ea
5802A;af18cc7a-fa8f-11e2-8e56-9f72c6160288;4d9bd377-7b4d-83cf-778b-567782b3b6b6
5802B;af18cc7a-fa8f-11e2-8e56-9f72c6160288;8b6133a6-df3d-13c3-6b6c-91f3566670c3
5802C;af18cc7a-fa8f-11e2-8e56-9f72c6160288;84cfe536-1bf3-84e3-828f-d7fdf40d9415
5802D;af18cc7a-fa8f-11e2-8e56-9f72c6160288;eb78cd9f-41ff-33ed-0a4c-ae33c6dfdd9d
5803;af18cc7a-fa8f-11e2-8e56-9f72c6160288;dadd270f-d43e-4770-e69a-52397f1fcbf0
5815 (lost);af18cc7a-fa8f-11e2-8e56-9f72c6160288;
5816;af18cc7a-fa8f-11e2-8e56-9f72c6160288;36c6638e-bdae-3f0d-b017-40ae899b5114
5818;af18cc7a-fa8f-11e2-8e56-9f72c6160288;1a619785-4ebf-e273-2b92-c206d3579798
5821;af18cc7a-fa8f-11e2-8e56-9f72c6160288;d6032f39-1312-227c-3f16-43226ba91fd2
5822;af18cc7a-fa8f-11e2-8e56-9f72c6160288;3c6e1d4d-1f82-80e5-ceac-0ad2f700a395
5825A;af18cc7a-fa8f-11e2-8e56-9f72c6160288;e19a8555-a5cc-ce1f-e490-42511d4dbdce
5825B;af18cc7a-fa8f-11e2-8e56-9f72c6160288;b07af5a9-6a8e-3fa5-bd2f-321ecb4f2610
5827;af18cc7a-fa8f-11e2-8e56-9f72c6160288;0c81e724-af40-f177-1ba3-22109cfdae80
5829;af18cc7a-fa8f-11e2-8e56-9f72c6160288;9b14e4ef-a0f3-7930-945a-c98c939e1a41
583;af18cc7a-fa8f-11e2-8e56-9f72c6160288;cd4b6a2b-d099-bb5a-fed6-c3cc9ddb9e11
5830A;af18cc7a-fa8f-11e2-8e56-9f72c6160288;d6d0c7d6-a421-3041-dda2-867a530ef916
5830B;af18cc7a-fa8f-11e2-8e56-9f72c6160288;e787b8c4-5f1a-eaa7-a8c4-bf0cfbe3c08b
5831;af18cc7a-fa8f-11e2-8e56-9f72c6160288;2bf02fe4-1039-4394-cb7d-5c3bea2b3905
5832;af18cc7a-fa8f-11e2-8e56-9f72c6160288;94562268-e6fb-c01c-0bff-190ab0ec4845
5833;af18cc7a-fa8f-11e2-8e56-9f72c6160288;94cd5938-5b39-8bf3-6462-7ba5497cc509
5834;af18cc7a-fa8f-11e2-8e56-9f72c6160288;6022172d-bc20-b4d0-d121-e1f6b758cb6a
5835;af18cc7a-fa8f-11e2-8e56-9f72c6160288;3b3d8577-1855-53c6-435d-e08baf96c35f
5837;af18cc7a-fa8f-11e2-8e56-9f72c6160288;4185c408-af3b-f0d9-d541-e3d1efa3881b
5838;af18cc7a-fa8f-11e2-8e56-9f72c6160288;fade7953-d50c-7355-686c-9d5756ba1d0c
5840;af18cc7a-fa8f-11e2-8e56-9f72c6160288;b52d226a-b623-0e6e-4682-45f714a87f13
5841;af18cc7a-fa8f-11e2-8e56-9f72c6160288;628bfad2-7e70-5196-b883-535ba9930713
588;af18cc7a-fa8f-11e2-8e56-9f72c6160288;f599ddd8-9192-7308-1eb6-d95a0d7d74d2
5880;af18cc7a-fa8f-11e2-8e56-9f72c6160288;baa4a6c7-c790-20e3-2dff-c6f36e06bbc8
5881;af18cc7a-fa8f-11e2-8e56-9f72c6160288;c9491a34-2c2b-23e2-ab57-f170377a48c4
5882;af18cc7a-fa8f-11e2-8e56-9f72c6160288;41223daa-5df7-5fb9-92b1-89828d32620d
5883;af18cc7a-fa8f-11e2-8e56-9f72c6160288;221e17bd-dcc4-50fc-ea87-eb715215055f
5884;af18cc7a-fa8f-11e2-8e56-9f72c6160288;3d16612e-1d5c-4863-d835-8e4ddc718c82
5885;af18cc7a-fa8f-11e2-8e56-9f72c6160288;24826a7f-004e-9e32-8dce-77c8c6ab9e0b
5886;af18cc7a-fa8f-11e2-8e56-9f72c6160288;1266fd47-40c4-6108-2049-93eb90f16460
589;af18cc7a-fa8f-11e2-8e56-9f72c6160288;dffe9ee0-893b-1c7f-6c71-e256921bcd4b
59;af18cc7a-fa8f-11e2-8e56-9f72c6160288;0d84edce-6be2-132a-644d-119b67959f2a
5905;af18cc7a-fa8f-11e2-8e56-9f72c6160288;d33a0090-6803-7c48-b70f-7e861386ada2
5906;af18cc7a-fa8f-11e2-8e56-9f72c6160288;ab1463ba-36b5-00ad-68ed-73b7099ffb24
5909;af18cc7a-fa8f-11e2-8e56-9f72c6160288;37eac21f-0ee2-416f-9a3c-def922634f01
5911;af18cc7a-fa8f-11e2-8e56-9f72c6160288;85d46b2c-32db-cab2-e94d-bbcbed811c49
5912;af18cc7a-fa8f-11e2-8e56-9f72c6160288;fbde936c-d7bf-557e-4322-c9ba20e176dd
5913 (lost);af18cc7a-fa8f-11e2-8e56-9f72c6160288;
5918;af18cc7a-fa8f-11e2-8e56-9f72c6160288;a8a469a7-a1e9-788f-7e50-7e815d6cd55a
592;af18cc7a-fa8f-11e2-8e56-9f72c6160288;a9651481-8127-f91c-fcd3-120881ba8df7
5922;af18cc7a-fa8f-11e2-8e56-9f72c6160288;04d286db-a733-9964-90e5-fd66b76023cd
5923;af18cc7a-fa8f-11e2-8e56-9f72c6160288;58f0ef0a-bb66-bcd0-609d-778b220c617d
5927;af18cc7a-fa8f-11e2-8e56-9f72c6160288;b19a0d19-b647-ceaa-f73e-cc3a3b1fc3d0
5928;af18cc7a-fa8f-11e2-8e56-9f72c6160288;f3baa5de-9569-4f6f-5c2e-7b3150b1dec1
5929;af18cc7a-fa8f-11e2-8e56-9f72c6160288;f646f4d8-ad8c-41b1-a747-9c80ef21b900
5931;af18cc7a-fa8f-11e2-8e56-9f72c6160288;bcf1a3f4-747e-aa15-97d6-f15fc6315643
5932;af18cc7a-fa8f-11e2-8e56-9f72c6160288;b7b78374-4926-5f87-d2de-3717809bddce
5933;af18cc7a-fa8f-11e2-8e56-9f72c6160288;7694a635-5a14-4960-42a0-334b00fab17b
5934;af18cc7a-fa8f-11e2-8e56-9f72c6160288;6e440b24-8280-0044-d413-e3fa65ef8d97
5935;af18cc7a-fa8f-11e2-8e56-9f72c6160288;1c2680b8-ff0a-0e13-3f63-dfa66bf151a8
5936;af18cc7a-fa8f-11e2-8e56-9f72c6160288;b4bb0071-5641-84de-f6f9-51e2b61022fd
5942;af18cc7a-fa8f-11e2-8e56-9f72c6160288;f13aa616-df58-d395-02db-a7c7796018ea
5945;af18cc7a-fa8f-11e2-8e56-9f72c6160288;4491b608-8059-bb4f-4562-eff0b9683809
5948;af18cc7a-fa8f-11e2-8e56-9f72c6160288;f7ba464f-37d8-acab-52f4-1e481f819aa8
5949;af18cc7a-fa8f-11e2-8e56-9f72c6160288;c98878a5-9dc4-53f9-5dd7-af915f5104d0
5951;af18cc7a-fa8f-11e2-8e56-9f72c6160288;f84882b8-684e-d375-7712-8a58db8dc573
5952;af18cc7a-fa8f-11e2-8e56-9f72c6160288;a0961472-6df6-1a0a-d162-5bf2598bf115
5953A;af18cc7a-fa8f-11e2-8e56-9f72c6160288;41c3fdbd-1dcc-8015-5743-c810462f500f
5953B;af18cc7a-fa8f-11e2-8e56-9f72c6160288;08d1782e-574e-3d3a-e5fc-8b5edd75b8a7
5959;af18cc7a-fa8f-11e2-8e56-9f72c6160288;39b659fc-f78c-df37-e0f3-f7541c336e2f
5960;af18cc7a-fa8f-11e2-8e56-9f72c6160288;37f727c9-bf24-103e-77d0-2e8adb900973
5964;af18cc7a-fa8f-11e2-8e56-9f72c6160288;0d03264b-0acf-91c4-2771-e5925498d621
5980;af18cc7a-fa8f-11e2-8e56-9f72c6160288;7db26a88-e78c-07b2-93e1-2b279bf7e48e
5981;af18cc7a-fa8f-11e2-8e56-9f72c6160288;695863da-71a9-5a82-c233-44ab6ed96ceb
5989;af18cc7a-fa8f-11e2-8e56-9f72c6160288;2e88d499-48cf-1002-2ccf-ca3ab2effa2c
5990;af18cc7a-fa8f-11e2-8e56-9f72c6160288;0c84694c-48a6-8326-1ccc-8caffd9e3029
5992;af18cc7a-fa8f-11e2-8e56-9f72c6160288;4e43d33c-6413-37c3-b32b-39f5edf87c95
5993;af18cc7a-fa8f-11e2-8e56-9f72c6160288;bb4c6f89-610c-13a6-bcb5-667183e933f6
5994;af18cc7a-fa8f-11e2-8e56-9f72c6160288;a21d1859-5c4f-c141-3b48-59969d641ad9
6;af18cc7a-fa8f-11e2-8e56-9f72c6160288;ccb98126-b475-9f9f-8615-832304ac8e67
60;af18cc7a-fa8f-11e2-8e56-9f72c6160288;4015bd9a-77a8-d2fc-6893-d9430468a0c9
6005;af18cc7a-fa8f-11e2-8e56-9f72c6160288;e9151f6a-99b3-cd0d-92d0-2910df44e5be
6006;af18cc7a-fa8f-11e2-8e56-9f72c6160288;33e5fd8e-2fe3-5f21-5227-dc66ec13ea8f
6007;af18cc7a-fa8f-11e2-8e56-9f72c6160288;84184719-63c2-2b2c-a7ba-59f0583ed5e5
6008;af18cc7a-fa8f-11e2-8e56-9f72c6160288;5267d9d3-bc43-2068-0fe3-6e881ad8431a
6009;af18cc7a-fa8f-11e2-8e56-9f72c6160288;693d4fa5-41d4-5370-6d6c-3d39f6c58691
6010;af18cc7a-fa8f-11e2-8e56-9f72c6160288;d0bd6f0c-64ce-3680-2c8c-125e3cc16288
6012;af18cc7a-fa8f-11e2-8e56-9f72c6160288;537a646d-0578-9ede-f78c-d2245dde8e0e
6013;af18cc7a-fa8f-11e2-8e56-9f72c6160288;b6e67bec-d7c2-f9b7-e5f9-4d516399716a
6014;af18cc7a-fa8f-11e2-8e56-9f72c6160288;1c9f7279-3ba5-059f-45f9-b03f80120720
6015A;af18cc7a-fa8f-11e2-8e56-9f72c6160288;ade0f705-04c9-4284-6d55-b0f2a019e509
6015B;af18cc7a-fa8f-11e2-8e56-9f72c6160288;3e333e74-2a07-4cca-bb08-6fae3838b823
6016;af18cc7a-fa8f-11e2-8e56-9f72c6160288;d5cfd2ef-a575-5bb1-8e31-37c0da2a65b8
6017;af18cc7a-fa8f-11e2-8e56-9f72c6160288;36a85ebb-7d96-48b9-a60b-2e363685979e
6019;af18cc7a-fa8f-11e2-8e56-9f72c6160288;e99b0d83-e2a3-dad1-b69f-77f3ac39b2d4
6020;af18cc7a-fa8f-11e2-8e56-9f72c6160288;932f538d-2ffd-e9d8-e9f3-965643d19846
6021;af18cc7a-fa8f-11e2-8e56-9f72c6160288;14555cde-7b35-3991-bb6a-ae2a12c4be00
6022;af18cc7a-fa8f-11e2-8e56-9f72c6160288;ecdd3126-b2ed-027d-56da-e4c60af0dca3
6029;af18cc7a-fa8f-11e2-8e56-9f72c6160288;2e334420-3643-c03b-c762-17186cf3645f
6030;af18cc7a-fa8f-11e2-8e56-9f72c6160288;241a1818-f191-9283-2e19-89d5c0b764ed
6031;af18cc7a-fa8f-11e2-8e56-9f72c6160288;b76ed29d-1dc1-563b-e36d-8d11608a6b37
6032;af18cc7a-fa8f-11e2-8e56-9f72c6160288;05b29ab6-253a-292e-e63e-d5c291a1839f
6033;af18cc7a-fa8f-11e2-8e56-9f72c6160288;3f3a2034-292e-7a83-e229-1b9913ace81e
6034;af18cc7a-fa8f-11e2-8e56-9f72c6160288;d6858b62-64cc-4a6c-ecd7-53a82e455d35
6097A;af18cc7a-fa8f-11e2-8e56-9f72c6160288;bb4f2567-b05d-879b-455e-2729714471a7
6097B;af18cc7a-fa8f-11e2-8e56-9f72c6160288;4b3c11d0-0ddf-1e0a-3be3-fe13e1d0e03e
61;af18cc7a-fa8f-11e2-8e56-9f72c6160288;71ef16d8-1181-8768-b320-baac46ada0e8
6101;af18cc7a-fa8f-11e2-8e56-9f72c6160288;9b85f083-4088-e186-f496-6fae1d77be42
6108;af18cc7a-fa8f-11e2-8e56-9f72c6160288;387f68a9-f5f7-c66c-4ac5-781a65a71d17
6109;af18cc7a-fa8f-11e2-8e56-9f72c6160288;181eec37-773e-ea00-ff53-69226c0d7f11
6110;af18cc7a-fa8f-11e2-8e56-9f72c6160288;c280da5c-aa39-70b4-f59c-a9da08c85259
6111;af18cc7a-fa8f-11e2-8e56-9f72c6160288;7f0e44d2-9539-6458-d8d6-532b0961fd6e
6112;af18cc7a-fa8f-11e2-8e56-9f72c6160288;9d575c64-7561-699d-10d5-085372bf5eda
6141;af18cc7a-fa8f-11e2-8e56-9f72c6160288;9be82d6c-639e-f1c3-bc13-16fed0f5f95b
6142;af18cc7a-fa8f-11e2-8e56-9f72c6160288;c544c886-5e1c-8f4e-0c47-2e32f402b155
6147;af18cc7a-fa8f-11e2-8e56-9f72c6160288;a01a52fa-0747-fcfb-62f7-116dd6689331
6148;af18cc7a-fa8f-11e2-8e56-9f72c6160288;8c6bba3d-28ce-0e17-9eb6-64e91e27ed19
6149A;af18cc7a-fa8f-11e2-8e56-9f72c6160288;cd657105-c9a4-51fc-5e4e-66a7f62a5598
6149B;af18cc7a-fa8f-11e2-8e56-9f72c6160288;6b515af2-498c-fcc2-9119-98a67bd8d967
6149C;af18cc7a-fa8f-11e2-8e56-9f72c6160288;f7849566-1922-1e91-b516-6e20494cbd44
6149D;af18cc7a-fa8f-11e2-8e56-9f72c6160288;a447aae9-4cbe-6574-49e2-a6f0e4b16bd4
6149E;af18cc7a-fa8f-11e2-8e56-9f72c6160288;3575ff5f-d759-bee8-137c-e4b3f43e080e
6164;af18cc7a-fa8f-11e2-8e56-9f72c6160288;deb0118d-3b2a-d33f-9c68-80e8f7ab4b63
6165;af18cc7a-fa8f-11e2-8e56-9f72c6160288;9e7c4bc7-6dc4-a686-f534-78eaf99dfc0a
6166;af18cc7a-fa8f-11e2-8e56-9f72c6160288;ad21952c-3947-23d9-7341-e39aa20d06d1
6167;af18cc7a-fa8f-11e2-8e56-9f72c6160288;31ddb05a-5e78-ca5c-9cfd-919242333cd6
6168;af18cc7a-fa8f-11e2-8e56-9f72c6160288;9f753217-ac58-00e0-b2ea-684dbf3d9f77
6170;af18cc7a-fa8f-11e2-8e56-9f72c6160288;9f650750-9579-c474-48b8-704cd9641b4d
6171;af18cc7a-fa8f-11e2-8e56-9f72c6160288;cd4e3ac5-6927-d472-bd10-1e21d37733f3
6172;af18cc7a-fa8f-11e2-8e56-9f72c6160288;c254044e-27f3-be5b-137e-605ece0a5477
6173;af18cc7a-fa8f-11e2-8e56-9f72c6160288;25dc3398-1284-287c-d53b-a121ec0b3085
62;af18cc7a-fa8f-11e2-8e56-9f72c6160288;504d221e-7a25-6a87-2c55-81be76c50cd5
6232;af18cc7a-fa8f-11e2-8e56-9f72c6160288;d92cc866-a6a0-53d7-c29c-fbe3e6f30120
6239;af18cc7a-fa8f-11e2-8e56-9f72c6160288;618a1e09-4bfb-705b-16e3-0bf2994a6052
6240;af18cc7a-fa8f-11e2-8e56-9f72c6160288;22be3e19-72ef-06a4-068e-a910a9b38b7c
6241;af18cc7a-fa8f-11e2-8e56-9f72c6160288;3ee372f3-9de4-09e8-f1de-20186cac3c5e
6242;af18cc7a-fa8f-11e2-8e56-9f72c6160288;1ff4e18a-f8e6-1552-570f-01f6f345eb54
6243;af18cc7a-fa8f-11e2-8e56-9f72c6160288;002797b6-d05f-b88d-ddec-bd368e15489b
6244;af18cc7a-fa8f-11e2-8e56-9f72c6160288;ee839623-6640-14a5-566b-0b0d27ac193a
6245;af18cc7a-fa8f-11e2-8e56-9f72c6160288;959cb5d9-2d16-160b-8d5d-d45e70a19bc6
6246;af18cc7a-fa8f-11e2-8e56-9f72c6160288;9f32c17e-7875-e5ab-f0a9-95b9ccaf8a1a
6247;af18cc7a-fa8f-11e2-8e56-9f72c6160288;493c244b-a8dd-7723-07f8-21b145ece75e
6248;af18cc7a-fa8f-11e2-8e56-9f72c6160288;0312278d-3446-78e6-0d72-fd5e2d191ae0
6249;af18cc7a-fa8f-11e2-8e56-9f72c6160288;413b0056-a4f6-b193-21f9-cdf944eb9fb3
6250;af18cc7a-fa8f-11e2-8e56-9f72c6160288;65819c01-451a-bba4-d709-8c6e9a873083
6251;af18cc7a-fa8f-11e2-8e56-9f72c6160288;8c82022e-0a49-1d67-3b2a-4fce53981f9b
6252;af18cc7a-fa8f-11e2-8e56-9f72c6160288;00696ef3-147c-fb25-ff45-f4909a7f3ed0
6253;af18cc7a-fa8f-11e2-8e56-9f72c6160288;7ea0a3c9-58e2-4afe-27fd-a9536172ca72
6254 (lost);af18cc7a-fa8f-11e2-8e56-9f72c6160288;379299a4-3231-b463-b752-35105260a4b8
6255;af18cc7a-fa8f-11e2-8e56-9f72c6160288;f243e4ac-20c3-4743-a32a-d6328964620d
6256;af18cc7a-fa8f-11e2-8e56-9f72c6160288;120d71ac-8313-e9f6-5029-91d38e09f03f
6257;af18cc7a-fa8f-11e2-8e56-9f72c6160288;84c5a9f1-810c-2d4e-d0fd-fbb26f432da2
6258;af18cc7a-fa8f-11e2-8e56-9f72c6160288;8a16a701-7e77-19a1-b0fa-56aa4ada19c6
6264;af18cc7a-fa8f-11e2-8e56-9f72c6160288;cf177658-1013-d054-7378-dd1d18818ce8
629;af18cc7a-fa8f-11e2-8e56-9f72c6160288;62edeb4d-b2b4-8836-e310-814688f5f986
6299;af18cc7a-fa8f-11e2-8e56-9f72c6160288;82fe486e-77bb-f37a-772e-7f5c7b016eb7
63;af18cc7a-fa8f-11e2-8e56-9f72c6160288;b346093c-6aa0-dd47-f7e1-7ec312185b1e
6307;af18cc7a-fa8f-11e2-8e56-9f72c6160288;7776a49e-5abe-1895-6877-56c6bff21fb6
6308;af18cc7a-fa8f-11e2-8e56-9f72c6160288;52c25cb5-378b-b640-4625-b19417779408
6309;af18cc7a-fa8f-11e2-8e56-9f72c6160288;b52d9d66-cdd7-04df-c632-079aa5ae4625
6310;af18cc7a-fa8f-11e2-8e56-9f72c6160288;c1b1e167-0d2c-9f95-4769-9c3589a1b3f0
6310A;af18cc7a-fa8f-11e2-8e56-9f72c6160288;d7875587-438c-202c-c39f-f2bdf97e9606
6311;af18cc7a-fa8f-11e2-8e56-9f72c6160288;febb6cc4-21ba-a854-4e2e-02c95072471f
6332;af18cc7a-fa8f-11e2-8e56-9f72c6160288;1282fa8a-82f1-58cc-d8a8-a7788d6b934b
635;af18cc7a-fa8f-11e2-8e56-9f72c6160288;bf3dc4d9-6f88-d63e-0f54-a5f9d7eb6497
636;af18cc7a-fa8f-11e2-8e56-9f72c6160288;4cc34576-a08b-a1f4-df3f-9b2760dcde48
637;af18cc7a-fa8f-11e2-8e56-9f72c6160288;6d734a82-81ba-f198-8425-4dbb2cf8cd81
6378;af18cc7a-fa8f-11e2-8e56-9f72c6160288;197fe911-3b91-c03a-2615-20fdf7e348a1
6379;af18cc7a-fa8f-11e2-8e56-9f72c6160288;0eb03469-25bf-d097-fd42-307254c40fed
6393;af18cc7a-fa8f-11e2-8e56-9f72c6160288;af032edf-d586-82bb-03f0-6512951c97b1
6394;af18cc7a-fa8f-11e2-8e56-9f72c6160288;17d7db01-b3b6-c6e0-a44a-272a9a5b7a2d
6394A;af18cc7a-fa8f-11e2-8e56-9f72c6160288;91eaa52a-59af-b4b0-adf3-00c733d8b7df
6395;af18cc7a-fa8f-11e2-8e56-9f72c6160288;94e3e27b-591e-9275-f16e-4758304dca1d
6396;af18cc7a-fa8f-11e2-8e56-9f72c6160288;cf2fb881-8afa-ad9a-d0c2-13012a03bc99
6397;af18cc7a-fa8f-11e2-8e56-9f72c6160288;ee069c9a-5836-3eaf-4050-eb8bf2ceb29d
6399;af18cc7a-fa8f-11e2-8e56-9f72c6160288;4eab24f8-8c9b-ff38-3a89-87f774dfe654
64;af18cc7a-fa8f-11e2-8e56-9f72c6160288;b61fce40-70ee-1c84-66b9-fdf4ef0c9fef
6400;af18cc7a-fa8f-11e2-8e56-9f72c6160288;87bfbe54-a6a3-fc90-7774-fc996106372d
6406A;af18cc7a-fa8f-11e2-8e56-9f72c6160288;284a285e-d3b9-fd62-cfa1-d0b03d307463
6406B;af18cc7a-fa8f-11e2-8e56-9f72c6160288;540a5827-bc4b-936f-7a84-796dfeab05ea
6406C;af18cc7a-fa8f-11e2-8e56-9f72c6160288;42711adb-2fb6-0fa3-e52b-96f8bcd8915e
6407;af18cc7a-fa8f-11e2-8e56-9f72c6160288;0a47a125-1652-1926-c07d-6245ae215b25
6412;af18cc7a-fa8f-11e2-8e56-9f72c6160288;56e55d97-6a3f-87aa-9e65-4e0edb927480
6415;af18cc7a-fa8f-11e2-8e56-9f72c6160288;fa3323d1-8762-7ee7-9589-dba2ccac9d1d
6478;af18cc7a-fa8f-11e2-8e56-9f72c6160288;a59d08f8-89b2-9f45-7369-d614f98e9420
6479;af18cc7a-fa8f-11e2-8e56-9f72c6160288;6a09c334-1e69-7c15-2c80-d36ca99891f1
6481;af18cc7a-fa8f-11e2-8e56-9f72c6160288;12a4fb46-b0d6-c76a-26cc-64f8201e17c7
6481.fol.10r;af18cc7a-fa8f-11e2-8e56-9f72c6160288;24d3c298-8784-b09d-241d-0817fbce6792
6481.fol.11r;af18cc7a-fa8f-11e2-8e56-9f72c6160288;9bffc416-05bb-2b2c-c644-82a622042133
6481.fol.12r;af18cc7a-fa8f-11e2-8e56-9f72c6160288;96c18ec7-995c-a868-fca2-3ca8eb15366c
6481.fol.13r;af18cc7a-fa8f-11e2-8e56-9f72c6160288;82a834b4-b6f4-961e-eeb9-944b923772de
6481.fol.14r;af18cc7a-fa8f-11e2-8e56-9f72c6160288;ef54c6a1-2646-73a0-4ef4-cc58c8be31f0
6481.fol.15r;af18cc7a-fa8f-11e2-8e56-9f72c6160288;feb5814a-2451-9338-f594-c009aa419b6a
6481.fol.16r;af18cc7a-fa8f-11e2-8e56-9f72c6160288;20d9a8a3-82f2-63d8-816c-d9dedc4cc8ad
6481.fol.17r;af18cc7a-fa8f-11e2-8e56-9f72c6160288;ac9df69c-5e92-f590-d734-d092c725dfd1
6481.fol.18r;af18cc7a-fa8f-11e2-8e56-9f72c6160288;22887d0f-8650-151c-0954-4e2654fa017f
6481.fol.19r;af18cc7a-fa8f-11e2-8e56-9f72c6160288;3adc82c6-ff2e-1ae1-9682-6acceb25f83e
6481.fol.20r;af18cc7a-fa8f-11e2-8e56-9f72c6160288;85f374b6-fcb1-34f6-9eb8-e5cdb84b067d
6481.fol.21r;af18cc7a-fa8f-11e2-8e56-9f72c6160288;37a087a4-58d2-fc09-41f1-2d1bd76bac1b
6481.fol.22r;af18cc7a-fa8f-11e2-8e56-9f72c6160288;b1c9935f-b07a-e814-d9d3-3ce342c7f84f
6481.fol.23r;af18cc7a-fa8f-11e2-8e56-9f72c6160288;bd7f27a9-407c-8d77-4e8a-2e392e8adf7f
6481.fol.24r;af18cc7a-fa8f-11e2-8e56-9f72c6160288;6a45b29f-52a5-87db-7a69-f7a56d36d664
6481.fol.25r;af18cc7a-fa8f-11e2-8e56-9f72c6160288;b26fc4b9-57ea-6e85-c856-9267b9fd1604
6481.fol.26r;af18cc7a-fa8f-11e2-8e56-9f72c6160288;a0712f94-ae3b-69c6-6926-31bb75671d50
6481.fol.27r;af18cc7a-fa8f-11e2-8e56-9f72c6160288;f9d597c8-f93b-6849-04c4-3b4bac054aa7
6481.fol.28r;af18cc7a-fa8f-11e2-8e56-9f72c6160288;c68877e0-2cb4-a28a-f06f-5bd4819d3b51
6481.fol.29r;af18cc7a-fa8f-11e2-8e56-9f72c6160288;2d3f783b-5821-fffb-1595-8c8ada545d28
6481.fol.30r;af18cc7a-fa8f-11e2-8e56-9f72c6160288;b5793444-5217-ec22-3d99-255f90fe7053
6481.fol.31r;af18cc7a-fa8f-11e2-8e56-9f72c6160288;d048d464-bb71-ccb6-4fc6-69ea6e873a01
6481.fol.32r;af18cc7a-fa8f-11e2-8e56-9f72c6160288;41bcc729-ce20-ba67-c8a4-5ab9bbda6707
6481.fol.33r;af18cc7a-fa8f-11e2-8e56-9f72c6160288;41d33a8d-735f-1ab6-56c5-aadedd604de4
6481.fol.34r;af18cc7a-fa8f-11e2-8e56-9f72c6160288;747395fe-a087-9485-6e91-0890b2cb81ba
6481.fol.35r;af18cc7a-fa8f-11e2-8e56-9f72c6160288;8f16f4bd-8054-9f71-8c09-66f7a0017d12
6481.fol.36r;af18cc7a-fa8f-11e2-8e56-9f72c6160288;6fc3f54e-72a8-99ee-a4b3-76024310bc92
6481.fol.37r;af18cc7a-fa8f-11e2-8e56-9f72c6160288;735198bb-2c54-ab70-6f58-f5cb86f46fae
6481.fol.38r;af18cc7a-fa8f-11e2-8e56-9f72c6160288;42a571b4-ab3d-4e96-a278-94023629fd93
6481.fol.39r;af18cc7a-fa8f-11e2-8e56-9f72c6160288;49c71f39-e23f-8594-8ff3-905aef1edc44
6481.fol.40r;af18cc7a-fa8f-11e2-8e56-9f72c6160288;142f8cb2-d9ef-51a0-e55d-a5d83136eaa6
6481.fol.41r;af18cc7a-fa8f-11e2-8e56-9f72c6160288;b70e17a7-aab2-ad06-4715-7201643d9420
6481.fol.42r;af18cc7a-fa8f-11e2-8e56-9f72c6160288;c4f9303d-d341-b6c3-1560-a2161284b64a
6481.fol.43r;af18cc7a-fa8f-11e2-8e56-9f72c6160288;7036f6e6-2f44-39b4-c899-092c616b0674
6481.fol.44r;af18cc7a-fa8f-11e2-8e56-9f72c6160288;1d6ac945-46d4-ee87-c5f0-5be23282abef
6481.fol.45r;af18cc7a-fa8f-11e2-8e56-9f72c6160288;94815a64-e79e-46d7-1d91-89ff85d201c9
6481.fol.46r;af18cc7a-fa8f-11e2-8e56-9f72c6160288;42d9138a-eaed-ca1f-3db2-f1ecebc88aec
6481.fol.47r;af18cc7a-fa8f-11e2-8e56-9f72c6160288;ab176bb6-d98d-b04d-7a55-ead7d63c8881
6481.fol.48r;af18cc7a-fa8f-11e2-8e56-9f72c6160288;47628d1a-240a-3d08-e1b3-550c59355294
6481.fol.49r;af18cc7a-fa8f-11e2-8e56-9f72c6160288;b44e346e-b233-11cb-730f-6d85e33b3ec8
6481.fol.4r;af18cc7a-fa8f-11e2-8e56-9f72c6160288;35787c4b-4f6d-285a-efdd-0b001e42f714
6481.fol.50r;af18cc7a-fa8f-11e2-8e56-9f72c6160288;f8997527-2f9b-6d33-2758-54387f79178f
6481.fol.51r;af18cc7a-fa8f-11e2-8e56-9f72c6160288;bfda0f49-31f9-078d-8ed3-80699b62cdd1
6481.fol.52r;af18cc7a-fa8f-11e2-8e56-9f72c6160288;d30d2f15-677e-804a-77df-8e588b32831e
6481.fol.53r;af18cc7a-fa8f-11e2-8e56-9f72c6160288;bf5d28e1-442d-5311-4cb7-d4820597681f
6481.fol.54r;af18cc7a-fa8f-11e2-8e56-9f72c6160288;455165d8-59e1-03fe-5995-e46cd1434b67
6481.fol.55r;af18cc7a-fa8f-11e2-8e56-9f72c6160288;bff871d0-03f7-80af-ce73-149f959153a0
6481.fol.56r;af18cc7a-fa8f-11e2-8e56-9f72c6160288;a05f95c1-641c-4988-00ad-f1a190f747d4
6481.fol.57r;af18cc7a-fa8f-11e2-8e56-9f72c6160288;4ff3dd87-180f-30c5-964b-a3073a5c6cf7
6481.fol.58r;af18cc7a-fa8f-11e2-8e56-9f72c6160288;f5f88771-987c-8790-7479-b66151470eb8
6481.fol.59r;af18cc7a-fa8f-11e2-8e56-9f72c6160288;7b39fb0e-31ba-b3cd-ff56-1cf301ccfa16
6481.fol.5r;af18cc7a-fa8f-11e2-8e56-9f72c6160288;03354828-fc1f-60a4-55c7-4a0d3d265018
6481.fol.60r;af18cc7a-fa8f-11e2-8e56-9f72c6160288;4740883a-3ed3-79e5-b2b7-ae02a2d5e886
6481.fol.61r;af18cc7a-fa8f-11e2-8e56-9f72c6160288;2f7463ad-1d3a-b53b-e177-10e901f42c34
6481.fol.62r;af18cc7a-fa8f-11e2-8e56-9f72c6160288;a183d402-d8d3-ef92-487f-c790afb85b16
6481.fol.6r;af18cc7a-fa8f-11e2-8e56-9f72c6160288;64ab6fc6-371d-9a77-f4da-a8b1e6e2869d
6481.fol.7r;af18cc7a-fa8f-11e2-8e56-9f72c6160288;1e8e0591-5131-9bad-a71c-521dbf20d53f
6481.fol.8r;af18cc7a-fa8f-11e2-8e56-9f72c6160288;7645b128-8833-733c-d3f0-743c778c79bf
6481.fol.9r;af18cc7a-fa8f-11e2-8e56-9f72c6160288;2f7c9a6a-1067-92ce-4819-e0c025e1127e
65;af18cc7a-fa8f-11e2-8e56-9f72c6160288;2668485d-f9bc-757a-08c4-3f159a85b5f9
6501;af18cc7a-fa8f-11e2-8e56-9f72c6160288;93974bee-5462-b7ce-b3ea-da73c9cac93f
6507;af18cc7a-fa8f-11e2-8e56-9f72c6160288;721dfd99-e2d4-c9f2-399b-011d4bd4558d
6522;af18cc7a-fa8f-11e2-8e56-9f72c6160288;fd34259c-b302-3bd4-c0e1-9935a95f72ea
6523;af18cc7a-fa8f-11e2-8e56-9f72c6160288;299780ca-ffc7-e314-5b7d-6159bdb216fd
6524;af18cc7a-fa8f-11e2-8e56-9f72c6160288;3d10d24d-5e79-913e-49af-12b3616f3e4a
6525;af18cc7a-fa8f-11e2-8e56-9f72c6160288;71059c2a-5c4e-dc12-7f47-f7b2281986d5
6526;af18cc7a-fa8f-11e2-8e56-9f72c6160288;b0816a23-1514-f7dc-1cb9-841080df99a3
6531;af18cc7a-fa8f-11e2-8e56-9f72c6160288;46e766ab-298c-d8d0-dd6d-3f43009abea4
6532;af18cc7a-fa8f-11e2-8e56-9f72c6160288;56524cde-4c87-2978-3299-3fbff5659eb2
6533;af18cc7a-fa8f-11e2-8e56-9f72c6160288;49afa65c-32bb-4209-db03-313c084888bb
6534;af18cc7a-fa8f-11e2-8e56-9f72c6160288;2c7000e8-30fe-0a3c-48b9-042f5962ed12
6534(1);af18cc7a-fa8f-11e2-8e56-9f72c6160288;cf8a1a4a-d2a3-bdf6-f1b1-45fe82bff9dd
6534(10);af18cc7a-fa8f-11e2-8e56-9f72c6160288;dba19ed7-32b5-a01d-3f50-7159345d8cbc
6534(11);af18cc7a-fa8f-11e2-8e56-9f72c6160288;86d65da1-7fef-473b-724e-7cf2bc7a367d
6534(12);af18cc7a-fa8f-11e2-8e56-9f72c6160288;9d0e1235-baf2-0762-6878-8a921596c91a
6534(13);af18cc7a-fa8f-11e2-8e56-9f72c6160288;fa5abece-24d8-5ef0-d191-1cc1522bc913
6534(14);af18cc7a-fa8f-11e2-8e56-9f72c6160288;fc06bb1b-0250-1603-a332-fa77112901fc
6534(15);af18cc7a-fa8f-11e2-8e56-9f72c6160288;353e009d-ba3a-04ea-676d-bbebc2d6e2e5
6534(16);af18cc7a-fa8f-11e2-8e56-9f72c6160288;91a4906e-4f26-3fdb-85ea-9e9b3b16b216
6534(17);af18cc7a-fa8f-11e2-8e56-9f72c6160288;36681a09-6edd-e99f-bfd8-073ee78d8ad2
6534(18);af18cc7a-fa8f-11e2-8e56-9f72c6160288;58a154fb-9c92-656f-49c4-5755739b3230
6534(19);af18cc7a-fa8f-11e2-8e56-9f72c6160288;e38d031e-90ae-3ebc-1b9a-2428111edb10
6534(2);af18cc7a-fa8f-11e2-8e56-9f72c6160288;27c82eb0-73c8-7f92-34c2-882f9269bfcd
6534(20);af18cc7a-fa8f-11e2-8e56-9f72c6160288;7526b679-3348-d734-8c48-539bf6f06590
6534(21);af18cc7a-fa8f-11e2-8e56-9f72c6160288;95f8a498-9e35-27db-aaf8-a422289e5c10
6534(22);af18cc7a-fa8f-11e2-8e56-9f72c6160288;11b1e5cb-cd8d-9f66-f1e0-ea9333468210
6534(23);af18cc7a-fa8f-11e2-8e56-9f72c6160288;2982a99f-a368-84da-16b1-d68e697bdb39
6534(24);af18cc7a-fa8f-11e2-8e56-9f72c6160288;f5b77923-24f4-d5a8-dc30-285458d16f64
6534(25);af18cc7a-fa8f-11e2-8e56-9f72c6160288;90f106c9-d324-0f99-80aa-abd6c047e4f8
6534(26);af18cc7a-fa8f-11e2-8e56-9f72c6160288;38f42c22-af01-aba2-c359-0b856d776c8c
6534(27);af18cc7a-fa8f-11e2-8e56-9f72c6160288;db78929a-d897-84a3-d464-22c322fbcc1c
6534(28);af18cc7a-fa8f-11e2-8e56-9f72c6160288;fbb37e93-3cb4-21cd-7ce1-0d2bb488ca51
6534(29);af18cc7a-fa8f-11e2-8e56-9f72c6160288;b0f74cbc-f638-eb10-d58f-51af5512f878
6534(3);af18cc7a-fa8f-11e2-8e56-9f72c6160288;ef722474-e5ab-c223-85da-8129291e34ba
6534(30);af18cc7a-fa8f-11e2-8e56-9f72c6160288;0124b26a-af96-bcb9-aa10-62a75186801d
6534(31);af18cc7a-fa8f-11e2-8e56-9f72c6160288;b1a7b5dd-e104-6bfb-06fa-82c4e3223cb5
6534(32);af18cc7a-fa8f-11e2-8e56-9f72c6160288;1730ce9d-8f74-3fec-c8eb-230d44a2b923
6534(33);af18cc7a-fa8f-11e2-8e56-9f72c6160288;ff82ff60-0b2a-3b91-b5c2-f2efa43e64d6
6534(34);af18cc7a-fa8f-11e2-8e56-9f72c6160288;be4c9435-e22c-f7bd-c6d2-5f81347dcc66
6534(35);af18cc7a-fa8f-11e2-8e56-9f72c6160288;2e8f4353-c773-e468-dc5d-c16a932fdaa1
6534(36);af18cc7a-fa8f-11e2-8e56-9f72c6160288;d2a2cf0d-1500-c1ae-2464-9c3efb3969cf
6534(37);af18cc7a-fa8f-11e2-8e56-9f72c6160288;3370d158-9f54-0fb7-63c3-c071ac8976c7
6534(38);af18cc7a-fa8f-11e2-8e56-9f72c6160288;ff544bc5-76a2-6442-c4b4-70108163d7e4
6534(39);af18cc7a-fa8f-11e2-8e56-9f72c6160288;221b7820-7032-eda1-d019-f0bcf6cea412
6534(4);af18cc7a-fa8f-11e2-8e56-9f72c6160288;361eeb4c-c03d-6a28-f229-be1e857a89dc
6534(40);af18cc7a-fa8f-11e2-8e56-9f72c6160288;28048530-7a95-30d8-65b5-5b9f5342dae9
6534(41);af18cc7a-fa8f-11e2-8e56-9f72c6160288;cafe99b2-be7b-7cae-4bfa-565c04404e83
6534(42);af18cc7a-fa8f-11e2-8e56-9f72c6160288;200d0bf3-ff43-999b-09c6-033a644a8a0b
6534(43);af18cc7a-fa8f-11e2-8e56-9f72c6160288;dfc806f1-81f7-b776-9f6c-b79f3a826182
6534(44);af18cc7a-fa8f-11e2-8e56-9f72c6160288;225e748d-b5d6-8587-f6cc-12e5bc263903
6534(45);af18cc7a-fa8f-11e2-8e56-9f72c6160288;e090c495-6ac1-16bf-47c3-56b2f72bf888
6534(46);af18cc7a-fa8f-11e2-8e56-9f72c6160288;d4a6c5a1-fd31-ebcd-e493-f8ca6eb39612
6534(47);af18cc7a-fa8f-11e2-8e56-9f72c6160288;c601d6a9-5dba-d2e3-5f54-bae98e48d49b
6534(48);af18cc7a-fa8f-11e2-8e56-9f72c6160288;f3453c09-a70d-d935-4b52-b8cd8b62f96c
6534(49);af18cc7a-fa8f-11e2-8e56-9f72c6160288;29c10252-3f13-918e-27d3-da2aa99ef503
6534(5);af18cc7a-fa8f-11e2-8e56-9f72c6160288;a6add36d-8e23-c4c1-9b74-afd9dbe3a874
